sha256	argos_relative_path	role
30c117bea4422672867abe9a8d4a1aaa19974bed1cb29fc82ec182019e33fa29	tnbc-chemo-main/analysis/scripts/fastnmf.R	legacy_modified_worker
1ab7756c7ff2020fff0baa1fa884b33d78fc5a4bf5637281ea529edd55e9b810	tnbc-chemo-main/analysis/scripts/util.nmf.viz.R	legacy_modified_helpers
ef86f6cde636726e1699048571bd7eb32d7b53ca7fa7794217f111a2b334bdaf	tnbc-chemo-main/analysis/scripts/metamodule_fnmf.s1.R	upstream_step2
18681654be4c5f5e73c4776cbd10ccbe4c8a4fc57131107af7f43f4607fff261	tnbc-chemo-main/analysis/scripts/metamodule_fnmf.s2a.R	upstream_step2
3509b9ded1d39261b5576a42f63d81667b24f2c1110bc4632307fd3197c348e8	tnbc-chemo-main/analysis/scripts/metamodule_fnmf.s2c.R	upstream_step2
077f1646cdb4e678e11a9e13a3a72deb8fd5f72d5131b273b8e923b655c1ab51	tnbc-chemo-main/analysis/scripts/metamodule_fnmf.s2e.alt.R	upstream_step2
35142ca0e76fc6fc8998232efd64299f7d1751e9ca9ff7d2f3bcbfe0ea7c2f49	tnbc-chemo-main/analysis/scripts/metamodule_fnmf.s3.R	upstream_step2
7242cc05fc44e6c1bf362e6a0eef97054c80de30a7bb9c68835da5bf4186f360	tnbc-chemo-main/analysis/scripts/metamodule_cell_frequency.R	upstream_cell_frequency
a02d9215322de3798449d0e87a27af7d5b7834b1b6944c82a4c946beb5648527	NMF/prepare_h5ad_to_fastnmf_rds.py	legacy_crc_preprocessor
baaf9fe170a80c5a5a82d43e8e9536e5e7e901dc121731d0c6b0a35267f6cfeb	NMF/qsub_fastnmf_bucket.sh	legacy_crc_sge_wrapper
e7bd2a1102b5edf7065f897387b4f6aa8dad70b6b04e595f1d933b5ce8d0b9e1	NMF/metamodule_fnmf.s1.crc.R	legacy_crc_step2_adapter
e81f773fef903b502e201404bce55a96dc4635d0a3c9cfa51713b5e66ed63aec	NMF/metamodule_fnmf.s2a.crc.R	legacy_crc_step2_adapter
75db225aa2b06cb60c0835c2b66719afb36a02855f958ffe210129845387b438	NMF/metamodule_fnmf.s2c.crc.R	legacy_crc_step2_adapter
