study_id,broad,Endothelial,Epithelial,Immune,Stromal,Unknown
Chen_2024_Cancer_Cell,Epithelial,384,27218,42,334,132
Chen_2024_Cancer_Cell,Immune,5219,3881,42669,2676,2970
Chen_2024_Cancer_Cell,Other,3,5,0,70,4
Chen_2024_Cancer_Cell,Stromal,1472,20,3,1995,9
Guo_2022_JCI_Insight,Epithelial,13,3166,7,2,53
Guo_2022_JCI_Insight,Immune,1224,76,17968,165,688
Guo_2022_JCI_Insight,Other,0,0,3,6,1
Guo_2022_JCI_Insight,Stromal,569,6,4,1435,21
Joanito_2022_Nat_Genet,Epithelial,3,24637,2,4,1
Joanito_2022_Nat_Genet,Immune,12144,4790,109233,1701,4183
Joanito_2022_Nat_Genet,Other,46,79,5,1240,7
Joanito_2022_Nat_Genet,Stromal,8385,356,17,24793,5
Khaliq_2022_Genome_Biol,Epithelial,33,4414,56,67,37
Khaliq_2022_Genome_Biol,Immune,934,211,5790,187,274
Khaliq_2022_Genome_Biol,Other,0,2,0,8,2
Khaliq_2022_Genome_Biol,Stromal,396,5,1,555,6
Lee_2020_Nat_Genet,Epithelial,86,21014,79,64,295
Lee_2020_Nat_Genet,Immune,2703,793,43054,815,1442
Lee_2020_Nat_Genet,Other,16,16,1,138,16
Lee_2020_Nat_Genet,Stromal,2792,93,29,5654,219
Li_2023_Cancer_Cell,Epithelial,48,17249,163,196,160
Li_2023_Cancer_Cell,Immune,872,433,15689,878,1295
Li_2023_Cancer_Cell,Other,1,0,0,22,1
Li_2023_Cancer_Cell,Stromal,2260,19,11,1454,30
Liu_2024_Cancer_Res,Epithelial,179,12727,46,139,122
Liu_2024_Cancer_Res,Immune,4468,557,34612,1321,1505
Liu_2024_Cancer_Res,Other,3,0,0,44,1
Liu_2024_Cancer_Res,Stromal,1602,25,3,4720,20
MUI_Innsbruck,Epithelial,371,15489,18,78,106
MUI_Innsbruck,Immune,3109,769,23632,506,2067
MUI_Innsbruck,Other,1,1,0,16,1
MUI_Innsbruck,Stromal,1000,40,1,817,25
Pelka_2021_Cell,Epithelial,1132,86112,577,1539,1512
Pelka_2021_Cell,Immune,6549,1237,97063,3791,2908
Pelka_2021_Cell,Other,7,0,0,86,4
Pelka_2021_Cell,Stromal,4549,20,13,4467,76
Qi_2022_Nat_Commun,Epithelial,90,6256,45,90,96
Qi_2022_Nat_Commun,Immune,725,710,12060,193,304
Qi_2022_Nat_Commun,Other,26,7,6,85,7
Qi_2022_Nat_Commun,Stromal,1222,60,2,2240,1
Qian_2020_Cell_Res,Epithelial,169,8631,275,347,338
Qian_2020_Cell_Res,Immune,713,560,12628,300,381
Qian_2020_Cell_Res,Other,14,24,9,98,5
Qian_2020_Cell_Res,Stromal,2030,228,43,3722,106
Qin_2023_Cell_Rep_Med,Epithelial,287,34290,1309,214,595
Qin_2023_Cell_Rep_Med,Immune,12346,4417,64073,1838,17074
Qin_2023_Cell_Rep_Med,Other,7,11,4,74,9
Qin_2023_Cell_Rep_Med,Stromal,5120,181,89,8636,125
Uhlitz_2021_EMBO_Mol_Med,Epithelial,242,11113,419,704,87
Uhlitz_2021_EMBO_Mol_Med,Immune,2751,86,17253,963,911
Uhlitz_2021_EMBO_Mol_Med,Other,3,0,2,76,0
Uhlitz_2021_EMBO_Mol_Med,Stromal,558,4,0,1524,3
