study_id,atlas_cell_type_fine,B,CD4 T,CD8 T,Dendritic cell,Endothelial,Enteroendocrine,"Epithelial, malignancy uncertain",Fibroblast,L1_flagged,Macrophage,Malignant epithelial,Mast,Monocyte,NK,Neutrophil,Other (not annotated),Pericyte,Plasma,Smooth muscle,Unclassified epithelial,Unclassified immune,Unclassified stromal
Chen_2024_Cancer_Cell,B cell activated,5124,4,0,0,0,0,0,0,3,0,0,0,0,2,0,0,0,0,0,0,2,0
Chen_2024_Cancer_Cell,B cell memory,789,0,0,0,0,0,0,0,2,0,0,0,0,0,0,0,0,0,0,0,0,0
Chen_2024_Cancer_Cell,B cell naive,225,0,0,0,0,0,0,0,0,0,0,0,0,0,0,0,0,0,0,0,0,0
Chen_2024_Cancer_Cell,Cancer BEST4,0,0,0,0,0,0,212,0,3,0,0,0,0,0,0,0,0,0,0,0,0,0
Chen_2024_Cancer_Cell,Cancer Colonocyte-like,0,0,0,0,0,0,10561,0,56,0,0,0,0,0,0,0,0,0,0,0,0,0
Chen_2024_Cancer_Cell,Cancer Crypt-like,0,0,0,0,0,0,7171,0,19,0,0,0,0,0,0,0,0,0,0,0,0,0
Chen_2024_Cancer_Cell,Cancer Goblet-like,0,0,0,0,0,0,4597,0,20,0,0,0,0,0,0,0,0,0,0,0,0,0
Chen_2024_Cancer_Cell,Cancer TA-like,0,0,0,0,0,0,5225,0,50,0,0,0,0,0,0,0,0,0,0,0,0,0
Chen_2024_Cancer_Cell,DC mature,0,0,0,0,0,0,0,0,1,1,0,0,1,17,0,0,0,0,0,0,167,0
Chen_2024_Cancer_Cell,DC3,0,0,0,3,0,0,0,0,1,14,0,0,5,1,0,0,0,0,0,0,36,0
Chen_2024_Cancer_Cell,Endothelial arterial,0,0,0,0,910,0,0,9,26,0,0,0,0,0,0,0,52,0,0,0,0,5
Chen_2024_Cancer_Cell,Endothelial lymphatic,0,0,0,0,65,0,0,5,2,0,0,0,0,0,0,0,3,0,0,0,0,1
Chen_2024_Cancer_Cell,Endothelial venous,0,0,0,0,347,0,0,2,8,0,0,0,0,0,0,0,1,0,0,0,0,3
Chen_2024_Cancer_Cell,Enteroendocrine,0,0,0,0,0,0,67,0,1,0,0,0,0,0,0,0,0,0,0,0,0,0
Chen_2024_Cancer_Cell,Fibroblast S1,0,0,0,0,0,0,0,377,5,0,0,0,0,0,0,0,1,0,4,0,0,2
Chen_2024_Cancer_Cell,Fibroblast S2,0,0,0,0,0,0,0,546,30,0,0,0,0,0,0,0,2,0,2,0,0,3
Chen_2024_Cancer_Cell,Fibroblast S3,0,0,0,0,3,0,0,380,6,0,0,0,0,0,0,0,13,0,8,0,0,7
Chen_2024_Cancer_Cell,GC B cell,131,3,9,0,0,0,0,0,2,0,0,0,0,0,0,0,0,8,0,0,4,0
Chen_2024_Cancer_Cell,ILC,0,144,1,0,0,0,0,0,0,0,0,0,0,34,0,0,0,0,0,0,69,0
Chen_2024_Cancer_Cell,Macrophage,1,0,0,1,0,0,0,0,2,257,0,1,42,0,0,0,0,0,0,0,37,0
Chen_2024_Cancer_Cell,Macrophage cycling,0,0,0,0,0,0,0,0,1,11,0,0,7,0,0,0,0,0,0,0,3,0
Chen_2024_Cancer_Cell,Mast cell,0,1,1,0,0,0,0,0,1,0,0,1078,0,0,0,0,0,0,0,0,1,0
Chen_2024_Cancer_Cell,Monocyte classical,0,0,0,1,0,0,0,0,1,6,0,0,937,0,1,0,0,0,0,0,35,0
Chen_2024_Cancer_Cell,Monocyte non-classical,0,0,0,0,0,0,0,0,1,3,0,0,175,0,0,0,0,0,0,0,2,0
Chen_2024_Cancer_Cell,Myeloid progenitor,0,0,0,0,0,0,0,0,0,0,0,0,2,0,0,0,0,0,0,0,1,0
Chen_2024_Cancer_Cell,NK cell,0,87,217,0,0,0,0,0,2,0,0,0,0,753,0,0,0,0,0,0,89,0
Chen_2024_Cancer_Cell,NKT,0,4,9,0,0,0,0,0,0,0,0,0,0,0,0,0,0,0,0,0,0,0
Chen_2024_Cancer_Cell,Neutrophil,0,1,1,0,0,0,0,0,1,0,0,0,0,0,24,0,0,0,0,0,0,0
Chen_2024_Cancer_Cell,Pericyte,0,0,0,0,0,0,0,79,40,0,0,0,0,0,0,0,442,0,88,0,0,22
Chen_2024_Cancer_Cell,Plasma IgA,1,1,0,0,0,0,0,0,7,6,0,0,0,0,0,0,0,6063,0,0,3,0
Chen_2024_Cancer_Cell,Plasma IgG,1,1,1,0,0,0,0,0,3,0,0,0,0,0,0,0,0,1547,0,0,4,0
Chen_2024_Cancer_Cell,Plasma IgM,0,0,0,0,0,0,0,0,0,0,0,0,0,0,0,0,0,25,0,0,0,0
Chen_2024_Cancer_Cell,Plasmablast,1,0,0,0,0,0,0,0,1,0,0,0,0,0,0,0,0,172,0,0,0,0
Chen_2024_Cancer_Cell,Schwann cell,0,0,0,0,0,0,0,0,0,0,0,0,0,0,0,82,0,0,0,0,0,0
Chen_2024_Cancer_Cell,T cell CD4,1,9677,346,0,0,0,0,0,19,0,0,0,0,3,0,0,0,0,0,0,195,0
Chen_2024_Cancer_Cell,T cell CD4 cycling,0,427,18,0,0,0,0,0,1,0,0,0,0,0,0,0,0,0,0,0,3,0
Chen_2024_Cancer_Cell,T cell CD8,0,3788,14642,0,0,0,0,0,38,0,0,0,0,623,0,0,0,0,0,0,1112,0
Chen_2024_Cancer_Cell,T cell CD8 cycling,0,19,759,0,0,0,0,0,3,0,0,0,0,2,0,0,0,0,0,0,23,0
Chen_2024_Cancer_Cell,T cell regulatory,0,4133,7,0,0,0,0,0,7,0,0,0,0,0,0,0,0,1,0,0,9,0
Chen_2024_Cancer_Cell,T cell γδ,0,392,1470,0,0,0,0,0,5,0,0,0,0,314,0,0,0,1,0,0,298,0
Chen_2024_Cancer_Cell,Tuft,0,0,0,0,0,0,127,0,1,0,0,0,0,0,0,0,0,0,0,0,0,0
Chen_2024_Cancer_Cell,cDC1,1,0,0,14,0,0,0,0,2,5,0,1,2,42,0,0,0,0,0,0,81,0
Chen_2024_Cancer_Cell,cDC2,1,0,0,59,0,0,0,0,2,23,0,0,38,2,0,0,0,0,0,0,109,0
Chen_2024_Cancer_Cell,pDC,0,0,0,0,0,0,0,0,1,0,0,1,1,0,0,0,0,0,0,0,256,0
Guo_2022_JCI_Insight,B cell activated,2751,0,0,0,0,0,0,0,0,0,0,0,0,0,3,0,0,1,0,0,78,0
Guo_2022_JCI_Insight,B cell memory,851,0,0,0,0,0,0,0,0,0,0,0,0,0,0,0,0,0,0,0,0,0
Guo_2022_JCI_Insight,B cell naive,560,0,0,0,0,0,0,0,0,0,0,0,0,0,0,0,0,0,0,0,0,0
Guo_2022_JCI_Insight,Cancer BEST4,0,0,0,0,0,0,6,0,0,0,0,0,0,0,0,0,0,0,0,0,0,0
Guo_2022_JCI_Insight,Cancer Colonocyte-like,0,0,0,0,0,0,837,0,7,0,199,0,0,0,0,0,0,0,0,0,0,0
Guo_2022_JCI_Insight,Cancer Crypt-like,0,0,0,0,0,0,462,0,2,0,133,0,0,0,0,0,0,0,0,0,0,0
Guo_2022_JCI_Insight,Cancer Goblet-like,0,0,0,0,0,0,282,0,0,0,152,0,0,0,0,0,0,0,0,0,0,0
Guo_2022_JCI_Insight,Cancer TA-like,0,0,0,0,0,0,687,0,2,0,406,0,0,0,0,0,0,0,0,0,0,0
Guo_2022_JCI_Insight,DC mature,0,0,0,0,0,0,0,0,0,0,0,0,0,98,0,0,0,0,0,0,4,0
Guo_2022_JCI_Insight,DC3,0,0,0,0,0,0,0,0,0,15,0,0,1,1,0,0,0,0,0,0,6,0
Guo_2022_JCI_Insight,Endothelial arterial,0,0,0,0,334,0,0,8,5,0,0,0,0,0,0,0,31,0,3,0,0,14
Guo_2022_JCI_Insight,Endothelial lymphatic,0,0,0,0,5,0,0,0,0,0,0,0,0,0,0,0,0,0,0,0,0,2
Guo_2022_JCI_Insight,Endothelial venous,0,0,0,0,129,0,0,7,1,0,0,0,0,0,0,0,0,0,0,0,0,29
Guo_2022_JCI_Insight,Enteroendocrine,0,0,0,0,0,1,1,0,0,0,0,0,0,0,0,0,0,0,0,0,0,0
Guo_2022_JCI_Insight,Fibroblast S1,0,0,0,0,0,0,0,223,1,0,0,0,0,0,0,0,1,0,0,0,0,2
Guo_2022_JCI_Insight,Fibroblast S2,0,0,0,0,0,0,0,314,2,0,0,0,0,0,0,0,1,0,2,0,0,5
Guo_2022_JCI_Insight,Fibroblast S3,0,0,0,0,1,0,0,393,1,0,0,0,0,0,0,0,5,0,33,0,0,12
Guo_2022_JCI_Insight,GC B cell,556,10,25,0,0,0,0,0,0,1,0,0,0,0,0,0,0,40,0,0,43,0
Guo_2022_JCI_Insight,ILC,0,9,0,0,0,0,0,0,0,0,0,0,0,1,0,0,0,0,0,0,24,0
Guo_2022_JCI_Insight,Macrophage,2,0,0,0,0,0,0,0,0,1525,0,1,31,11,1,0,0,0,0,0,49,0
Guo_2022_JCI_Insight,Macrophage cycling,0,0,0,0,0,0,0,0,0,72,0,0,1,0,0,0,0,0,0,0,2,0
Guo_2022_JCI_Insight,Mast cell,0,0,0,0,0,0,0,0,0,0,0,538,0,0,0,0,0,0,0,0,1,0
Guo_2022_JCI_Insight,Monocyte classical,1,0,0,0,0,0,0,0,0,2,0,0,528,2,4,0,0,0,0,0,25,0
Guo_2022_JCI_Insight,Monocyte non-classical,0,0,0,0,0,0,0,0,0,6,0,0,124,0,0,0,0,0,0,0,3,0
Guo_2022_JCI_Insight,Myeloid progenitor,0,1,0,0,0,0,0,0,0,5,0,1,2,2,0,0,0,0,0,0,11,0
Guo_2022_JCI_Insight,NK cell,0,4,10,0,0,0,0,0,0,0,0,0,0,24,0,0,0,0,0,0,11,0
Guo_2022_JCI_Insight,NKT,0,2,1,0,0,0,0,0,0,0,0,0,0,0,0,0,0,0,0,0,0,0
Guo_2022_JCI_Insight,Neutrophil,0,0,2,0,0,0,0,0,2,0,0,0,9,0,1350,0,0,0,0,0,12,0
Guo_2022_JCI_Insight,Pericyte,0,0,0,0,0,0,0,45,5,0,0,0,0,0,0,0,313,0,79,0,0,29
Guo_2022_JCI_Insight,Plasma IgA,6,0,0,0,0,0,0,0,0,0,0,0,0,0,0,0,0,659,0,0,1,0
Guo_2022_JCI_Insight,Plasma IgG,1,0,0,0,0,0,0,0,0,0,0,0,0,0,0,0,0,69,0,0,0,0
Guo_2022_JCI_Insight,Plasma IgM,0,0,0,0,0,0,0,0,0,0,0,0,0,0,0,0,0,13,0,0,0,0
Guo_2022_JCI_Insight,Plasmablast,0,0,0,0,0,0,0,0,0,0,0,0,0,0,0,0,0,59,0,0,0,0
Guo_2022_JCI_Insight,Schwann cell,0,0,0,0,0,0,0,0,0,0,0,0,0,0,0,10,0,0,0,0,0,0
Guo_2022_JCI_Insight,T cell CD4,3,3773,70,0,0,0,0,0,0,0,0,0,0,16,0,0,0,1,0,0,84,0
Guo_2022_JCI_Insight,T cell CD4 cycling,0,87,0,0,0,0,0,0,0,0,0,0,0,0,0,0,0,0,0,0,1,0
Guo_2022_JCI_Insight,T cell CD8,5,727,2344,0,0,0,0,0,0,0,0,0,0,278,0,0,0,0,0,0,625,0
Guo_2022_JCI_Insight,T cell CD8 cycling,0,0,4,0,0,0,0,0,0,0,0,0,0,0,0,0,0,0,0,0,0,0
Guo_2022_JCI_Insight,T cell regulatory,0,1535,2,0,0,0,0,0,0,0,0,0,0,1,0,0,0,0,0,0,13,0
Guo_2022_JCI_Insight,T cell γδ,0,9,12,0,0,0,0,0,0,0,0,0,0,1,0,0,0,0,0,0,23,0
Guo_2022_JCI_Insight,Tuft,0,0,0,0,0,0,34,0,0,0,0,0,0,0,0,0,0,0,0,30,0,0
Guo_2022_JCI_Insight,cDC1,1,0,0,0,0,0,0,0,0,25,0,0,5,42,0,0,0,0,0,0,59,0
Guo_2022_JCI_Insight,cDC2,9,0,0,0,0,0,0,0,1,18,0,0,6,5,0,0,0,0,0,0,34,0
Guo_2022_JCI_Insight,pDC,0,0,0,0,0,0,0,0,0,0,0,0,0,2,0,0,0,0,0,0,36,0
Joanito_2022_Nat_Genet,B cell activated,6918,2,0,0,0,0,0,0,41,0,0,0,0,0,0,0,0,0,0,0,2,0
Joanito_2022_Nat_Genet,B cell memory,1401,0,0,0,0,0,0,0,6,0,0,0,0,0,0,0,0,0,0,0,0,0
Joanito_2022_Nat_Genet,B cell naive,2191,0,0,0,0,0,0,0,2,0,0,0,0,1,0,0,0,0,0,0,0,0
Joanito_2022_Nat_Genet,Cancer BEST4,0,0,0,0,0,0,16,0,3,0,3,0,0,0,0,0,0,0,0,0,0,0
Joanito_2022_Nat_Genet,Cancer Colonocyte-like,0,0,0,0,0,0,1813,0,397,0,931,0,0,0,0,0,0,0,0,0,0,0
Joanito_2022_Nat_Genet,Cancer Crypt-like,0,0,0,0,0,0,2135,0,1667,0,4432,0,0,0,0,0,0,0,0,0,0,0
Joanito_2022_Nat_Genet,Cancer Goblet-like,0,0,0,0,0,0,2830,0,484,0,1011,0,0,0,0,0,0,0,0,0,0,0
Joanito_2022_Nat_Genet,Cancer TA-like,0,0,0,0,0,0,3359,0,1879,0,3637,0,0,0,0,0,0,0,0,0,0,0
Joanito_2022_Nat_Genet,DC mature,1,0,0,0,0,0,0,0,7,1,0,0,1,81,0,0,0,0,0,0,340,0
Joanito_2022_Nat_Genet,DC3,0,0,0,11,0,0,0,0,6,192,0,1,120,0,0,0,0,0,0,0,168,0
Joanito_2022_Nat_Genet,Endothelial arterial,0,0,0,0,3098,0,0,102,270,0,0,0,0,0,0,0,245,0,28,0,0,35
Joanito_2022_Nat_Genet,Endothelial lymphatic,0,0,0,0,484,0,0,164,117,0,0,0,0,0,0,0,5,0,3,0,0,4
Joanito_2022_Nat_Genet,Endothelial venous,0,0,0,0,3033,0,0,30,215,0,0,0,0,0,0,0,4,0,0,0,0,18
Joanito_2022_Nat_Genet,Enteroendocrine,0,0,0,0,0,4,10,0,0,0,0,0,0,0,0,0,0,0,0,0,0,0
Joanito_2022_Nat_Genet,Fibroblast S1,0,0,0,0,1,0,0,1955,147,0,0,0,0,0,0,0,8,0,1,0,0,18
Joanito_2022_Nat_Genet,Fibroblast S2,0,0,0,0,0,0,0,3857,506,0,0,0,0,0,0,0,22,0,26,0,0,17
Joanito_2022_Nat_Genet,Fibroblast S3,0,0,0,0,9,0,0,10616,1215,0,0,0,0,0,0,0,79,0,644,0,0,71
Joanito_2022_Nat_Genet,GC B cell,231,1,4,0,0,0,0,0,11,0,0,0,0,0,0,0,0,27,0,0,4,0
Joanito_2022_Nat_Genet,ILC,0,29,0,0,0,0,0,0,0,0,0,0,0,2,0,0,0,0,0,0,17,0
Joanito_2022_Nat_Genet,Macrophage,7,9,1,29,0,0,0,0,242,14268,0,11,475,4,0,0,0,2,0,0,411,0
Joanito_2022_Nat_Genet,Macrophage cycling,0,0,0,3,0,0,0,0,11,377,0,0,56,0,0,0,0,0,0,0,22,0
Joanito_2022_Nat_Genet,Mast cell,0,0,1,0,0,0,0,0,9,0,0,1707,0,0,0,0,0,0,0,0,0,0
Joanito_2022_Nat_Genet,Monocyte classical,1,0,0,51,0,0,0,0,74,101,0,1,3634,2,3,0,0,1,0,0,225,0
Joanito_2022_Nat_Genet,Monocyte non-classical,0,0,0,0,0,0,0,0,38,185,0,0,2633,0,1,0,0,0,0,0,187,0
Joanito_2022_Nat_Genet,Myeloid progenitor,0,0,0,0,0,0,0,0,1,7,0,0,2,0,0,0,0,0,0,0,6,0
Joanito_2022_Nat_Genet,NK cell,0,17,34,0,0,0,0,0,4,0,0,1,0,439,0,0,0,0,0,0,58,0
Joanito_2022_Nat_Genet,NKT,0,1,24,0,0,0,0,0,0,0,0,0,0,0,0,0,0,0,0,0,1,0
Joanito_2022_Nat_Genet,Neutrophil,0,11,5,0,0,0,0,0,28,1,0,4,9,0,1683,0,0,2,0,0,16,0
Joanito_2022_Nat_Genet,Pericyte,0,0,0,0,0,0,0,931,630,0,0,0,0,0,0,0,2991,0,1785,0,0,172
Joanito_2022_Nat_Genet,Plasma IgA,4,9,7,0,0,0,0,0,222,1,0,4,0,0,0,0,0,13601,0,0,8,0
Joanito_2022_Nat_Genet,Plasma IgG,6,3,8,0,0,0,0,0,237,2,0,1,0,1,0,0,0,10142,0,0,6,0
Joanito_2022_Nat_Genet,Plasma IgM,0,0,0,0,0,0,0,0,0,0,0,0,0,0,0,0,0,13,0,0,0,0
Joanito_2022_Nat_Genet,Plasmablast,0,0,0,0,0,0,0,0,4,0,0,0,0,0,0,0,0,241,0,0,1,0
Joanito_2022_Nat_Genet,Schwann cell,0,0,0,0,0,0,0,0,0,0,0,0,0,0,0,1377,0,0,0,0,0,0
Joanito_2022_Nat_Genet,T cell CD4,5,25982,758,0,0,0,0,0,169,0,0,2,0,119,0,0,0,3,0,0,609,0
Joanito_2022_Nat_Genet,T cell CD4 cycling,0,138,7,0,0,0,0,0,1,0,0,0,0,0,0,0,0,0,0,0,5,0
Joanito_2022_Nat_Genet,T cell CD8,1,1785,23033,0,0,0,0,0,166,0,0,1,0,1478,1,0,0,1,0,0,1051,0
Joanito_2022_Nat_Genet,T cell CD8 cycling,0,7,341,0,0,0,0,0,5,0,0,0,0,0,0,0,0,0,0,0,6,0
Joanito_2022_Nat_Genet,T cell regulatory,0,10130,6,0,0,0,0,0,75,0,0,2,0,0,0,0,0,3,0,0,7,0
Joanito_2022_Nat_Genet,T cell γδ,0,144,119,0,0,0,0,0,2,0,0,0,0,53,0,0,0,0,0,0,33,0
Joanito_2022_Nat_Genet,Tuft,0,0,0,0,0,0,31,0,4,0,0,0,0,0,0,0,0,0,0,1,0,0
Joanito_2022_Nat_Genet,cDC1,2,3,0,73,0,0,0,0,9,120,0,0,15,99,1,0,0,0,0,0,224,0
Joanito_2022_Nat_Genet,cDC2,8,1,0,456,0,0,0,0,21,407,0,1,108,4,2,0,0,0,0,0,571,0
Joanito_2022_Nat_Genet,pDC,0,1,0,2,0,0,0,0,2,7,0,0,6,2,0,0,0,0,0,0,182,0
Khaliq_2022_Genome_Biol,B cell activated,620,1,0,0,0,0,0,0,8,0,0,0,0,1,0,0,0,1,0,0,0,0
Khaliq_2022_Genome_Biol,B cell memory,74,0,0,0,0,0,0,0,0,0,0,0,0,0,0,0,0,0,0,0,0,0
Khaliq_2022_Genome_Biol,B cell naive,63,0,0,0,0,0,0,0,0,0,0,0,0,0,0,0,0,0,0,0,0,0
Khaliq_2022_Genome_Biol,Cancer BEST4,0,0,0,0,0,0,4,0,0,0,0,0,0,0,0,0,0,0,0,0,0,0
Khaliq_2022_Genome_Biol,Cancer Colonocyte-like,0,0,0,0,0,0,1036,0,31,0,531,0,0,0,0,0,0,0,0,0,0,0
Khaliq_2022_Genome_Biol,Cancer Crypt-like,0,0,0,0,0,0,1143,0,12,0,747,0,0,0,0,0,0,0,0,0,0,0
Khaliq_2022_Genome_Biol,Cancer Goblet-like,0,0,0,0,0,0,323,0,3,0,65,0,0,0,0,0,0,0,0,0,0,0
Khaliq_2022_Genome_Biol,Cancer TA-like,0,0,0,0,0,0,523,0,12,0,149,0,0,0,0,0,0,0,0,0,0,0
Khaliq_2022_Genome_Biol,DC mature,0,0,0,0,0,0,0,0,0,0,0,0,0,4,0,0,0,0,0,0,6,0
Khaliq_2022_Genome_Biol,DC3,0,0,0,0,0,0,0,0,1,9,0,0,6,0,0,0,0,0,0,0,4,0
Khaliq_2022_Genome_Biol,Endothelial arterial,0,0,0,0,204,0,0,3,5,0,0,0,0,0,0,0,47,0,0,0,0,12
Khaliq_2022_Genome_Biol,Endothelial lymphatic,0,0,0,0,10,0,0,2,1,0,0,0,0,0,0,0,1,0,0,0,0,4
Khaliq_2022_Genome_Biol,Endothelial venous,0,0,0,0,102,0,0,0,2,0,0,0,0,0,0,0,2,0,0,0,0,3
Khaliq_2022_Genome_Biol,Enteroendocrine,0,0,0,0,0,1,4,0,0,0,0,0,0,0,0,0,0,0,0,0,0,0
Khaliq_2022_Genome_Biol,Fibroblast S1,0,0,0,0,0,0,0,41,2,0,0,0,0,0,0,0,0,0,0,0,0,0
Khaliq_2022_Genome_Biol,Fibroblast S2,0,0,0,0,0,0,0,212,4,0,0,0,0,0,0,0,2,0,0,0,0,1
Khaliq_2022_Genome_Biol,Fibroblast S3,0,0,0,0,2,0,0,107,2,0,0,0,0,0,0,0,3,0,6,0,0,1
Khaliq_2022_Genome_Biol,GC B cell,29,2,0,0,0,0,0,0,3,0,0,0,0,0,0,0,0,2,0,0,2,0
Khaliq_2022_Genome_Biol,ILC,0,11,0,0,0,0,0,0,0,0,0,0,0,0,0,0,0,0,0,0,3,0
Khaliq_2022_Genome_Biol,Macrophage,1,0,0,0,0,0,0,0,6,231,0,0,10,0,1,0,0,1,0,0,18,0
Khaliq_2022_Genome_Biol,Macrophage cycling,0,0,0,0,0,0,0,0,0,16,0,0,1,0,0,0,0,0,0,0,0,0
Khaliq_2022_Genome_Biol,Mast cell,0,0,0,0,0,0,0,0,0,0,0,71,0,0,0,0,0,0,0,0,0,0
Khaliq_2022_Genome_Biol,Monocyte classical,0,1,0,0,0,0,0,0,1,4,0,0,177,0,0,0,0,0,0,0,13,0
Khaliq_2022_Genome_Biol,Monocyte non-classical,0,0,0,0,0,0,0,0,0,2,0,0,22,0,0,0,0,0,0,0,2,0
Khaliq_2022_Genome_Biol,NK cell,0,4,12,0,0,0,0,0,0,0,0,0,0,94,0,0,0,0,0,0,6,0
Khaliq_2022_Genome_Biol,NKT,0,1,1,0,0,0,0,0,0,0,0,0,0,0,0,0,0,0,0,0,0,0
Khaliq_2022_Genome_Biol,Neutrophil,0,0,0,0,0,0,0,0,1,1,0,0,0,0,4,0,0,0,0,0,2,0
Khaliq_2022_Genome_Biol,Pericyte,0,0,0,0,0,0,0,17,8,0,0,0,0,0,0,0,113,0,36,0,0,8
Khaliq_2022_Genome_Biol,Plasma IgA,0,2,0,0,0,0,0,0,3,1,0,0,0,0,0,0,0,810,0,0,0,0
Khaliq_2022_Genome_Biol,Plasma IgG,0,0,0,0,0,0,0,0,1,0,0,0,0,0,0,0,0,106,0,0,1,0
Khaliq_2022_Genome_Biol,Plasma IgM,0,0,0,0,0,0,0,0,0,0,0,0,0,0,0,0,0,3,0,0,0,0
Khaliq_2022_Genome_Biol,Plasmablast,0,0,0,0,0,0,0,0,0,0,0,0,0,0,0,0,0,36,0,0,0,0
Khaliq_2022_Genome_Biol,Schwann cell,0,0,0,0,0,0,0,0,0,0,0,0,0,0,0,12,0,0,0,0,0,0
Khaliq_2022_Genome_Biol,T cell CD4,1,2304,36,0,0,0,0,0,4,0,0,1,0,8,0,0,0,0,0,0,33,0
Khaliq_2022_Genome_Biol,T cell CD4 cycling,0,52,1,0,0,0,0,0,0,0,0,0,0,0,0,0,0,0,0,0,0,0
Khaliq_2022_Genome_Biol,T cell CD8,1,516,835,0,0,0,0,0,7,0,0,0,0,129,0,0,0,0,0,0,163,0
Khaliq_2022_Genome_Biol,T cell CD8 cycling,0,1,36,0,0,0,0,0,0,0,0,0,0,0,0,0,0,0,0,0,4,0
Khaliq_2022_Genome_Biol,T cell regulatory,0,640,0,0,0,0,0,0,4,0,0,0,0,0,0,0,0,0,0,0,0,0
Khaliq_2022_Genome_Biol,T cell γδ,0,16,16,0,0,0,0,0,0,0,0,0,0,10,0,0,0,0,0,0,5,0
Khaliq_2022_Genome_Biol,Tuft,0,0,0,0,0,0,17,0,1,0,0,0,0,0,0,0,0,0,0,5,0,0
Khaliq_2022_Genome_Biol,cDC1,0,0,0,2,0,0,0,0,0,2,0,0,0,8,0,0,0,0,0,0,8,0
Khaliq_2022_Genome_Biol,cDC2,1,0,0,7,0,0,0,0,0,8,0,0,1,0,1,0,0,0,0,0,12,0
Khaliq_2022_Genome_Biol,pDC,0,0,0,0,0,0,0,0,0,0,0,0,0,0,0,0,0,0,0,0,6,0
Lee_2020_Nat_Genet,B cell activated,3227,0,1,1,0,0,0,0,6,0,0,0,0,0,0,0,0,3,0,0,11,0
Lee_2020_Nat_Genet,B cell memory,678,0,0,0,0,0,0,0,0,0,0,0,0,0,0,0,0,0,0,0,0,0
Lee_2020_Nat_Genet,B cell naive,494,0,0,0,0,0,0,0,1,0,0,0,0,0,0,0,0,0,0,0,0,0
Lee_2020_Nat_Genet,Cancer BEST4,0,0,0,0,0,0,24,0,0,0,0,0,0,0,0,0,0,0,0,0,0,0
Lee_2020_Nat_Genet,Cancer Colonocyte-like,0,0,0,0,0,0,6348,0,886,0,1277,0,0,0,0,0,0,0,0,0,0,0
Lee_2020_Nat_Genet,Cancer Crypt-like,0,0,0,0,0,0,3223,0,99,0,1333,0,0,0,0,0,0,0,0,0,0,0
Lee_2020_Nat_Genet,Cancer Goblet-like,0,0,0,0,0,0,619,0,185,0,158,0,0,0,0,0,0,0,0,0,0,0
Lee_2020_Nat_Genet,Cancer TA-like,0,0,0,0,0,0,6157,0,310,0,861,0,0,0,0,0,0,0,0,0,0,0
Lee_2020_Nat_Genet,DC mature,0,0,0,1,0,0,0,0,2,1,0,0,7,74,0,0,0,0,0,0,47,0
Lee_2020_Nat_Genet,DC3,0,0,0,2,0,0,0,0,1,39,0,0,20,1,0,0,0,0,0,0,18,0
Lee_2020_Nat_Genet,Endothelial arterial,0,0,0,0,1303,0,0,19,122,0,0,0,0,0,0,0,101,0,2,0,0,36
Lee_2020_Nat_Genet,Endothelial lymphatic,0,0,0,0,122,0,0,39,35,0,0,0,0,0,0,0,2,0,3,0,0,4
Lee_2020_Nat_Genet,Endothelial venous,0,0,0,0,791,0,0,25,20,0,0,0,0,0,0,0,0,0,0,0,0,19
Lee_2020_Nat_Genet,Enteroendocrine,0,0,0,0,0,0,15,0,1,0,0,0,0,0,0,0,0,0,0,0,0,0
Lee_2020_Nat_Genet,Fibroblast S1,0,0,0,0,0,0,0,284,21,0,0,0,0,0,0,0,0,0,2,0,0,3
Lee_2020_Nat_Genet,Fibroblast S2,0,0,0,0,0,0,0,887,39,0,0,0,0,0,0,0,12,0,25,0,0,17
Lee_2020_Nat_Genet,Fibroblast S3,0,0,0,0,12,0,0,2795,332,0,0,0,0,0,0,0,37,0,50,0,0,43
Lee_2020_Nat_Genet,GC B cell,609,7,1,0,0,0,0,0,8,1,0,0,0,1,0,0,0,46,0,0,53,0
Lee_2020_Nat_Genet,ILC,0,41,3,0,0,0,0,0,0,0,0,0,0,3,0,0,0,0,0,0,43,0
Lee_2020_Nat_Genet,Macrophage,1,3,0,4,0,0,0,0,260,4288,0,3,336,8,0,0,0,0,0,0,225,0
Lee_2020_Nat_Genet,Macrophage cycling,0,0,0,0,0,0,0,0,16,182,0,0,16,0,0,0,0,0,0,0,6,0
Lee_2020_Nat_Genet,Mast cell,2,0,0,0,0,0,0,0,1,1,0,638,0,0,0,0,0,0,0,0,0,0
Lee_2020_Nat_Genet,Monocyte classical,0,0,0,6,0,0,0,0,31,65,0,1,2435,1,3,0,0,0,0,0,124,0
Lee_2020_Nat_Genet,Monocyte non-classical,0,1,0,0,0,0,0,0,13,49,0,0,867,0,0,0,0,0,0,0,31,0
Lee_2020_Nat_Genet,Myeloid progenitor,0,0,0,0,0,0,0,0,0,2,0,0,3,0,0,0,0,0,0,0,15,0
Lee_2020_Nat_Genet,NK cell,0,30,145,0,0,0,0,0,0,0,0,0,0,391,0,0,0,0,0,0,56,0
Lee_2020_Nat_Genet,NKT,0,2,4,0,0,0,0,0,0,0,0,0,0,0,0,0,0,0,0,0,0,0
Lee_2020_Nat_Genet,Neutrophil,0,0,0,0,0,0,0,0,0,0,0,2,7,0,204,0,0,0,0,0,5,0
Lee_2020_Nat_Genet,Pericyte,0,0,0,0,0,0,0,124,108,0,0,0,0,0,0,0,895,0,361,0,0,97
Lee_2020_Nat_Genet,Plasma IgA,4,1,0,0,0,0,0,0,112,0,0,0,0,0,0,0,0,1616,0,0,19,0
Lee_2020_Nat_Genet,Plasma IgG,2,0,1,0,0,0,0,0,307,3,0,0,0,0,0,0,0,1731,0,0,6,0
Lee_2020_Nat_Genet,Plasma IgM,0,0,0,0,0,0,0,0,0,0,0,0,0,0,0,0,0,1,0,0,0,0
Lee_2020_Nat_Genet,Plasmablast,2,0,0,0,0,0,0,0,20,0,0,0,0,0,0,0,0,151,0,0,0,0
Lee_2020_Nat_Genet,Schwann cell,0,0,0,0,0,0,0,0,0,0,0,0,0,0,0,187,0,0,0,0,0,0
Lee_2020_Nat_Genet,T cell CD4,0,8339,214,0,0,0,0,0,15,0,0,2,0,25,0,0,0,1,0,0,247,0
Lee_2020_Nat_Genet,T cell CD4 cycling,0,170,4,0,0,0,0,0,1,0,0,0,0,0,0,0,0,0,0,0,0,0
Lee_2020_Nat_Genet,T cell CD8,4,3437,8757,0,0,0,0,0,51,0,0,0,0,743,1,0,0,0,0,0,1419,0
Lee_2020_Nat_Genet,T cell CD8 cycling,0,0,136,0,0,0,0,0,1,0,0,0,0,0,0,0,0,0,0,0,1,0
Lee_2020_Nat_Genet,T cell regulatory,0,4034,8,0,0,0,0,0,13,0,0,0,1,1,0,0,0,0,0,0,35,0
Lee_2020_Nat_Genet,T cell γδ,0,82,181,0,0,0,0,0,1,0,0,0,0,73,0,0,0,0,0,0,65,0
Lee_2020_Nat_Genet,Tuft,0,0,0,0,0,0,41,0,1,0,0,0,0,0,0,0,0,0,0,0,0,0
Lee_2020_Nat_Genet,cDC1,0,1,0,29,0,0,0,0,0,61,0,0,8,51,0,0,0,0,0,0,100,0
Lee_2020_Nat_Genet,cDC2,3,0,0,79,0,0,0,0,15,38,0,0,19,4,0,0,0,0,0,0,118,0
Lee_2020_Nat_Genet,pDC,0,0,0,1,0,0,0,0,7,20,0,0,11,1,0,0,0,0,0,0,269,0
Li_2023_Cancer_Cell,B cell activated,3637,7,3,0,0,0,0,0,6,0,0,0,0,1,0,0,0,3,0,0,24,0
Li_2023_Cancer_Cell,B cell memory,171,0,0,0,0,0,0,0,0,0,0,0,0,0,0,0,0,0,0,0,1,0
Li_2023_Cancer_Cell,B cell naive,264,0,0,0,0,0,0,0,1,0,0,0,0,0,0,0,0,0,0,0,0,0
Li_2023_Cancer_Cell,Cancer BEST4,0,0,0,0,0,0,98,0,10,0,0,0,0,0,0,0,0,0,0,0,0,0
Li_2023_Cancer_Cell,Cancer Colonocyte-like,0,0,0,0,0,0,5190,0,314,0,0,0,0,0,0,0,0,0,0,0,0,0
Li_2023_Cancer_Cell,Cancer Crypt-like,0,0,0,0,0,0,4141,0,198,0,0,0,0,0,0,0,0,0,0,0,0,0
Li_2023_Cancer_Cell,Cancer Goblet-like,0,0,0,0,0,0,804,0,25,0,0,0,0,0,0,0,0,0,0,0,0,0
Li_2023_Cancer_Cell,Cancer TA-like,0,0,0,0,0,0,6375,0,450,0,0,0,0,0,0,0,0,0,0,0,0,0
Li_2023_Cancer_Cell,DC mature,1,0,0,0,0,0,0,0,0,0,0,0,0,48,0,0,0,0,0,0,30,0
Li_2023_Cancer_Cell,DC3,1,0,0,1,0,0,0,0,1,8,0,0,11,1,0,0,0,0,0,0,13,0
Li_2023_Cancer_Cell,Endothelial arterial,0,0,0,0,1343,0,0,5,98,0,0,0,0,0,0,0,50,0,0,0,0,45
Li_2023_Cancer_Cell,Endothelial lymphatic,0,0,0,0,69,0,0,13,11,0,0,0,0,0,0,0,3,0,0,0,0,5
Li_2023_Cancer_Cell,Endothelial venous,0,0,0,0,611,0,0,18,38,0,0,0,0,0,0,0,1,0,0,0,0,22
Li_2023_Cancer_Cell,Enteroendocrine,0,0,0,0,0,0,53,0,3,0,0,0,0,0,0,0,0,0,0,0,0,0
Li_2023_Cancer_Cell,Fibroblast S1,0,0,0,0,0,0,0,41,4,0,0,0,0,0,0,0,1,0,1,0,0,3
Li_2023_Cancer_Cell,Fibroblast S2,0,0,0,0,0,0,0,208,12,0,0,0,0,0,0,0,2,0,2,0,0,3
Li_2023_Cancer_Cell,Fibroblast S3,0,0,0,0,8,0,0,434,32,0,0,0,0,0,0,0,10,0,21,0,0,41
Li_2023_Cancer_Cell,GC B cell,535,7,1,0,0,0,0,0,5,1,0,2,0,2,0,0,0,2,0,0,28,0
Li_2023_Cancer_Cell,ILC,0,9,1,0,0,0,0,0,0,0,0,0,0,2,0,0,0,0,0,0,9,0
Li_2023_Cancer_Cell,Macrophage,8,2,3,1,0,0,0,0,11,642,0,0,40,13,0,0,0,1,0,0,74,0
Li_2023_Cancer_Cell,Macrophage cycling,0,0,0,0,0,0,0,0,2,26,0,0,7,0,0,0,0,0,0,0,1,0
Li_2023_Cancer_Cell,Mast cell,0,2,0,0,0,0,0,0,0,0,0,53,0,0,0,0,0,0,0,0,3,0
Li_2023_Cancer_Cell,Monocyte classical,5,3,1,0,0,0,0,0,10,10,0,0,1028,2,7,0,0,0,0,0,38,0
Li_2023_Cancer_Cell,Monocyte non-classical,0,0,0,0,0,0,0,0,3,1,0,0,190,0,0,0,0,0,0,0,7,0
Li_2023_Cancer_Cell,Myeloid progenitor,0,0,0,0,0,0,0,0,0,0,0,0,3,0,0,0,0,0,0,0,1,0
Li_2023_Cancer_Cell,NK cell,7,13,207,0,0,0,0,0,2,0,0,0,0,130,0,0,0,0,0,0,44,0
Li_2023_Cancer_Cell,Neutrophil,0,0,0,0,0,0,0,0,0,0,0,0,2,0,13,0,0,0,0,0,0,0
Li_2023_Cancer_Cell,Pericyte,0,0,0,0,1,0,0,53,52,0,0,0,0,0,0,0,392,0,87,0,0,34
Li_2023_Cancer_Cell,Plasma IgA,7,1,0,0,0,0,0,0,8,0,0,0,0,0,0,0,0,925,0,0,1,0
Li_2023_Cancer_Cell,Plasma IgG,1,0,0,0,0,0,0,0,13,1,0,0,0,0,0,0,0,1074,0,0,1,0
Li_2023_Cancer_Cell,Plasma IgM,0,0,0,0,0,0,0,0,0,0,0,0,0,0,0,0,0,11,0,0,0,0
Li_2023_Cancer_Cell,Plasmablast,4,0,0,0,0,0,0,0,4,0,0,0,0,0,0,0,0,49,0,0,0,0
Li_2023_Cancer_Cell,Schwann cell,0,0,0,0,0,0,0,0,0,0,0,0,0,0,0,24,0,0,0,0,0,0
Li_2023_Cancer_Cell,T cell CD4,2,1283,41,0,0,0,0,0,5,0,0,0,0,4,0,0,0,0,0,0,51,0
Li_2023_Cancer_Cell,T cell CD4 cycling,1,54,2,0,0,0,0,0,2,0,0,0,0,0,0,0,0,0,0,0,2,0
Li_2023_Cancer_Cell,T cell CD8,44,1824,3353,0,0,0,0,0,47,1,0,0,2,247,2,0,0,4,0,0,716,0
Li_2023_Cancer_Cell,T cell CD8 cycling,1,1,108,0,0,0,0,0,3,0,0,0,0,0,0,0,0,0,0,0,0,0
Li_2023_Cancer_Cell,T cell regulatory,14,1269,10,0,0,0,0,0,7,0,0,0,0,0,0,0,0,3,0,0,54,0
Li_2023_Cancer_Cell,T cell γδ,2,21,134,0,0,0,0,0,2,0,0,0,0,47,0,0,0,1,0,0,30,0
Li_2023_Cancer_Cell,Tuft,0,0,0,0,0,0,147,0,8,0,0,0,0,0,0,0,0,0,0,0,0,0
Li_2023_Cancer_Cell,cDC1,1,0,0,6,0,0,0,0,2,5,0,0,1,7,0,0,0,0,0,0,54,0
Li_2023_Cancer_Cell,cDC2,16,0,0,32,0,0,0,0,1,21,0,0,3,0,0,0,0,0,0,0,35,0
Li_2023_Cancer_Cell,pDC,0,0,0,0,0,0,0,0,0,0,0,0,3,0,0,0,0,0,0,0,33,0
Liu_2024_Cancer_Res,B cell activated,2496,0,0,0,0,0,0,0,7,0,0,0,0,0,0,0,0,0,0,0,1,0
Liu_2024_Cancer_Res,B cell memory,514,0,0,0,0,0,0,0,0,0,0,0,0,0,0,0,0,0,0,0,0,0
Liu_2024_Cancer_Res,B cell naive,267,0,0,0,0,0,0,0,0,0,0,0,0,0,0,0,0,0,0,0,0,0
Liu_2024_Cancer_Res,Cancer Colonocyte-like,0,0,0,0,0,0,331,0,72,0,1087,0,0,0,0,0,0,0,0,0,0,0
Liu_2024_Cancer_Res,Cancer Crypt-like,0,0,0,0,0,0,1913,0,206,0,4268,0,0,0,0,0,0,0,0,0,0,0
Liu_2024_Cancer_Res,Cancer Goblet-like,0,0,0,0,0,0,192,0,21,0,169,0,0,0,0,0,0,0,0,0,0,0
Liu_2024_Cancer_Res,Cancer TA-like,0,0,0,0,0,0,1923,0,351,0,2672,0,0,0,0,0,0,0,0,0,0,0
Liu_2024_Cancer_Res,DC mature,0,0,0,0,0,0,0,0,0,2,0,0,0,121,0,0,0,0,0,0,106,0
Liu_2024_Cancer_Res,DC3,0,0,0,4,0,0,0,0,1,41,0,0,28,3,0,0,0,0,0,0,27,0
Liu_2024_Cancer_Res,Endothelial arterial,0,0,0,0,734,0,0,30,69,0,0,0,0,0,0,0,144,0,5,0,0,18
Liu_2024_Cancer_Res,Endothelial lymphatic,0,0,0,0,88,0,0,57,8,0,0,0,0,0,0,0,6,0,0,0,0,5
Liu_2024_Cancer_Res,Endothelial venous,0,0,0,0,450,0,0,8,14,0,0,0,0,0,0,0,0,0,0,0,0,21
Liu_2024_Cancer_Res,Enteroendocrine,0,0,0,0,0,2,2,0,0,0,0,0,0,0,0,0,0,0,0,0,0,0
Liu_2024_Cancer_Res,Fibroblast S1,0,0,0,0,4,0,0,577,24,0,0,0,0,0,0,0,6,0,2,0,0,5
Liu_2024_Cancer_Res,Fibroblast S2,0,0,0,0,1,0,0,2025,128,0,0,0,0,0,0,0,9,0,11,0,0,13
Liu_2024_Cancer_Res,Fibroblast S3,0,0,0,0,5,0,0,278,14,0,0,0,0,0,0,0,22,0,50,0,0,21
Liu_2024_Cancer_Res,GC B cell,21,0,0,0,0,0,0,0,0,0,0,0,0,0,0,0,0,11,0,0,3,0
Liu_2024_Cancer_Res,ILC,0,61,1,0,0,0,0,0,0,0,0,0,0,1,0,0,0,0,0,0,8,0
Liu_2024_Cancer_Res,Macrophage,0,0,0,1,0,0,0,0,8,1445,0,0,47,0,0,0,0,0,0,0,43,0
Liu_2024_Cancer_Res,Macrophage cycling,0,0,0,0,0,0,0,0,3,205,0,0,14,0,0,0,0,0,0,0,1,0
Liu_2024_Cancer_Res,Mast cell,1,0,0,0,0,0,0,0,5,0,0,1358,0,0,0,0,0,0,0,0,0,0
Liu_2024_Cancer_Res,Monocyte classical,0,0,0,8,0,0,0,0,1,8,0,0,1127,1,2,0,0,0,0,0,32,0
Liu_2024_Cancer_Res,Monocyte non-classical,0,0,0,0,0,0,0,0,0,1,0,0,191,0,0,0,0,0,0,0,3,0
Liu_2024_Cancer_Res,Myeloid progenitor,1,0,0,0,0,0,0,0,1,1,0,2,5,2,0,0,0,0,0,0,5,0
Liu_2024_Cancer_Res,NK cell,1,29,90,0,0,0,0,0,1,0,0,0,0,200,0,0,0,0,0,0,28,0
Liu_2024_Cancer_Res,NKT,0,3,6,0,0,0,0,0,0,0,0,0,0,1,0,0,0,0,0,0,4,0
Liu_2024_Cancer_Res,Neutrophil,0,5,2,0,0,0,0,0,8,1,0,3,16,0,2532,0,0,0,0,0,7,0
Liu_2024_Cancer_Res,Pericyte,0,0,0,0,2,0,0,90,161,0,0,0,0,0,0,0,872,0,326,0,0,67
Liu_2024_Cancer_Res,Plasma IgA,11,4,0,0,0,0,0,0,19,0,0,0,0,0,0,0,0,7403,0,0,7,0
Liu_2024_Cancer_Res,Plasma IgG,7,1,0,0,0,0,0,0,6,0,0,0,0,0,0,0,0,2826,0,0,4,0
Liu_2024_Cancer_Res,Plasma IgM,0,0,0,0,0,0,0,0,0,0,0,0,0,0,0,0,0,23,0,0,0,0
Liu_2024_Cancer_Res,Plasmablast,0,0,0,0,0,0,0,0,0,0,0,0,0,0,0,0,0,43,0,0,0,0
Liu_2024_Cancer_Res,Schwann cell,0,0,0,0,0,0,0,0,0,0,0,0,0,0,0,48,0,0,0,0,0,0
Liu_2024_Cancer_Res,T cell CD4,5,9432,207,0,0,0,0,0,10,0,0,0,0,13,0,0,0,2,0,0,300,0
Liu_2024_Cancer_Res,T cell CD4 cycling,0,559,2,0,0,0,0,0,2,0,0,0,0,0,0,0,0,0,0,0,1,0
Liu_2024_Cancer_Res,T cell CD8,7,785,4957,0,0,0,0,0,13,0,0,0,0,458,0,0,0,2,0,0,506,0
Liu_2024_Cancer_Res,T cell CD8 cycling,0,10,101,0,0,0,0,0,2,0,0,0,0,0,0,0,0,0,0,0,11,0
Liu_2024_Cancer_Res,T cell regulatory,0,2728,0,0,0,0,0,0,2,0,0,0,0,0,0,0,0,0,0,0,10,0
Liu_2024_Cancer_Res,T cell γδ,0,44,103,0,0,0,0,0,0,0,0,0,0,22,0,0,0,0,0,0,15,0
Liu_2024_Cancer_Res,Tuft,0,0,0,0,0,0,3,0,0,0,0,0,0,0,0,0,0,0,0,1,0,0
Liu_2024_Cancer_Res,cDC1,1,0,0,19,0,0,0,0,0,12,0,0,5,21,0,0,0,0,0,0,90,0
Liu_2024_Cancer_Res,cDC2,3,0,0,135,0,0,0,0,3,92,0,0,30,3,0,0,0,0,0,0,131,0
Liu_2024_Cancer_Res,pDC,0,0,0,0,0,0,0,0,0,2,0,0,2,3,0,0,0,0,0,0,65,0
MUI_Innsbruck,B cell activated,1326,1,2,0,0,0,0,0,1,0,0,0,0,0,0,0,0,0,0,0,8,0
MUI_Innsbruck,B cell memory,14,1,0,0,0,0,0,0,0,0,0,0,0,0,0,0,0,0,0,0,0,0
MUI_Innsbruck,B cell naive,139,0,0,0,0,0,0,0,0,0,0,0,0,0,0,0,0,0,0,0,0,0
MUI_Innsbruck,Cancer BEST4,0,0,0,0,0,0,40,0,1,0,0,0,0,0,0,0,0,0,0,0,0,0
MUI_Innsbruck,Cancer Colonocyte-like,0,0,0,0,0,0,2263,0,117,0,945,0,0,0,0,0,0,0,0,0,0,0
MUI_Innsbruck,Cancer Crypt-like,0,0,0,0,0,0,5096,0,42,0,4190,0,0,0,0,0,0,0,0,0,0,0
MUI_Innsbruck,Cancer Goblet-like,0,0,0,0,0,0,861,0,7,0,21,0,0,0,0,0,0,0,0,0,0,0
MUI_Innsbruck,Cancer TA-like,0,0,0,0,0,0,1664,0,13,0,596,0,0,0,0,0,0,0,0,0,0,0
MUI_Innsbruck,DC mature,1,1,0,0,0,0,0,0,0,0,0,0,0,0,0,0,0,0,0,0,9,0
MUI_Innsbruck,DC3,0,0,0,0,0,0,0,0,0,4,0,0,3,0,0,0,0,0,0,0,5,0
MUI_Innsbruck,Endothelial arterial,0,0,0,0,371,0,0,7,10,0,0,0,0,0,0,0,67,0,3,0,0,25
MUI_Innsbruck,Endothelial lymphatic,0,0,0,0,44,0,0,2,1,0,0,0,0,0,0,0,0,0,0,0,0,28
MUI_Innsbruck,Endothelial venous,0,0,0,0,479,0,0,4,4,0,0,0,0,0,0,0,0,0,0,0,0,25
MUI_Innsbruck,Enteroendocrine,0,0,0,0,0,6,48,0,2,0,0,0,0,0,0,0,0,0,0,1,0,0
MUI_Innsbruck,Eosinophil,15,20,15,0,0,0,0,0,5,0,0,2,3,1,356,0,0,2,0,0,166,0
MUI_Innsbruck,Fibroblast S1,0,0,0,0,0,0,0,22,0,0,0,0,0,0,0,0,0,0,0,0,0,2
MUI_Innsbruck,Fibroblast S2,0,0,0,0,0,0,0,91,7,0,0,0,0,0,0,0,2,0,1,0,0,22
MUI_Innsbruck,Fibroblast S3,0,0,0,0,1,0,0,316,14,0,0,0,0,0,0,0,0,0,2,0,0,24
MUI_Innsbruck,GC B cell,113,1,0,0,0,0,0,0,2,1,0,0,0,0,0,0,0,90,0,0,2,0
MUI_Innsbruck,Granulocyte progenitor,0,0,0,0,0,0,0,0,0,0,0,0,0,0,1,0,0,0,0,0,0,0
MUI_Innsbruck,ILC,0,0,0,0,0,0,0,0,0,0,0,0,0,0,0,0,0,0,0,0,1,0
MUI_Innsbruck,Macrophage,2,0,0,0,0,0,0,0,11,825,0,0,102,0,4,0,0,1,0,0,52,0
MUI_Innsbruck,Macrophage cycling,0,0,0,0,0,0,0,0,5,102,0,0,5,0,0,0,0,0,0,0,0,0
MUI_Innsbruck,Mast cell,0,0,0,0,0,0,0,0,0,0,0,272,0,0,0,0,0,0,0,0,0,0
MUI_Innsbruck,Monocyte classical,0,0,0,0,0,0,0,0,6,9,0,0,1062,0,12,0,0,0,0,0,22,0
MUI_Innsbruck,Monocyte non-classical,0,0,0,0,0,0,0,0,2,10,0,0,446,0,0,0,0,0,0,0,22,0
MUI_Innsbruck,Myeloid progenitor,1,0,0,0,0,0,0,0,0,9,0,0,48,0,9,0,0,0,0,0,26,0
MUI_Innsbruck,NK cell,0,0,0,0,0,0,0,0,0,0,0,0,0,7,0,0,0,0,0,0,1,0
MUI_Innsbruck,NKT,0,5,34,0,0,0,0,0,0,0,0,0,0,0,0,0,0,0,0,0,6,0
MUI_Innsbruck,Neutrophil,0,0,0,0,0,0,0,0,19,0,0,0,5,0,11511,0,0,0,0,0,3,0
MUI_Innsbruck,Pericyte,0,0,0,0,0,0,0,11,9,0,0,0,0,0,0,0,163,0,94,0,0,32
MUI_Innsbruck,Plasma IgA,1,2,0,0,0,0,0,0,2,0,0,0,0,0,0,0,0,1163,0,0,13,0
MUI_Innsbruck,Plasma IgG,1,2,0,0,0,0,0,0,4,0,0,0,0,0,0,0,0,1324,0,0,0,0
MUI_Innsbruck,Plasma IgM,0,0,0,0,0,0,0,0,0,0,0,0,0,0,0,0,0,23,0,0,0,0
MUI_Innsbruck,Plasmablast,2,0,0,0,0,0,0,0,3,0,0,0,0,0,0,0,0,597,0,0,1,0
MUI_Innsbruck,Schwann cell,0,0,0,0,0,0,0,0,0,0,0,0,0,0,0,19,0,0,0,0,0,0
MUI_Innsbruck,T cell CD4,1,2828,130,0,0,0,0,0,3,0,0,1,0,1,0,0,0,0,0,0,121,0
MUI_Innsbruck,T cell CD4 cycling,0,174,7,0,0,0,0,0,0,0,0,0,0,0,0,0,0,0,0,0,2,0
MUI_Innsbruck,T cell CD8,3,498,3429,0,0,0,0,0,5,0,0,0,0,193,1,0,0,0,0,0,338,0
MUI_Innsbruck,T cell CD8 cycling,0,0,46,0,0,0,0,0,0,0,0,0,0,0,0,0,0,0,0,0,0,0
MUI_Innsbruck,T cell regulatory,0,1920,3,0,0,0,0,0,0,0,0,0,0,0,0,0,0,0,0,0,7,0
MUI_Innsbruck,T cell γδ,0,3,0,0,0,0,0,0,0,0,0,0,0,1,0,0,0,0,0,0,8,0
MUI_Innsbruck,Tuft,0,0,0,0,0,0,136,0,3,0,0,0,0,0,0,0,0,0,0,10,0,0
MUI_Innsbruck,cDC1,1,0,0,8,0,0,0,0,1,33,0,1,5,1,1,0,0,0,0,0,66,0
MUI_Innsbruck,cDC2,4,1,0,4,0,0,0,0,0,32,0,0,14,0,1,0,0,0,0,0,28,0
MUI_Innsbruck,pDC,1,0,0,0,0,0,0,0,0,1,0,0,0,0,0,0,0,0,0,0,52,0
Pelka_2021_Cell,B cell activated,8362,16,12,0,0,0,0,0,23,0,0,0,1,6,0,0,0,1,0,0,86,0
Pelka_2021_Cell,B cell memory,523,0,1,0,0,0,0,0,3,0,0,0,0,0,0,0,0,0,0,0,3,0
Pelka_2021_Cell,B cell naive,600,0,0,0,0,0,0,0,5,0,0,0,0,0,0,0,0,0,0,0,1,0
Pelka_2021_Cell,Cancer BEST4,0,0,0,0,0,0,145,0,33,0,0,0,0,0,0,0,0,0,0,0,0,0
Pelka_2021_Cell,Cancer Colonocyte-like,0,0,0,0,0,0,15871,0,2458,0,0,0,0,0,0,0,0,0,0,0,0,0
Pelka_2021_Cell,Cancer Crypt-like,0,0,0,0,0,0,24484,0,2027,0,0,0,0,0,0,0,0,0,0,0,0,0
Pelka_2021_Cell,Cancer Goblet-like,0,0,0,0,0,0,5425,0,352,0,0,0,0,0,0,0,0,0,0,0,0,0
Pelka_2021_Cell,Cancer TA-like,0,0,0,0,0,0,35272,0,4078,0,0,0,0,0,0,0,0,0,0,0,0,0
Pelka_2021_Cell,DC mature,0,0,1,2,0,0,0,0,11,6,0,1,2,785,0,0,0,0,0,0,315,0
Pelka_2021_Cell,DC3,0,1,0,6,0,0,0,0,8,146,0,0,114,5,0,0,0,0,0,0,124,0
Pelka_2021_Cell,Endothelial arterial,0,0,0,0,2538,0,0,17,304,0,0,0,0,0,0,0,172,0,2,0,0,84
Pelka_2021_Cell,Endothelial lymphatic,0,0,0,0,294,0,0,51,51,0,0,0,0,0,0,0,17,0,1,0,0,15
Pelka_2021_Cell,Endothelial venous,0,0,0,0,1026,0,0,12,54,0,0,0,0,0,0,0,0,0,0,0,0,21
Pelka_2021_Cell,Enteroendocrine,0,0,0,0,0,0,118,0,10,0,0,0,0,0,0,0,0,0,0,0,0,0
Pelka_2021_Cell,Fibroblast S1,0,0,0,0,2,0,0,230,27,0,0,0,0,0,0,0,5,0,1,0,0,6
Pelka_2021_Cell,Fibroblast S2,0,0,0,0,0,0,0,750,83,0,0,0,0,0,0,0,2,0,6,0,0,4
Pelka_2021_Cell,Fibroblast S3,0,0,0,0,16,0,0,1265,106,0,0,0,0,0,0,0,26,0,47,0,0,87
Pelka_2021_Cell,GC B cell,1845,17,13,0,0,0,0,0,34,12,0,0,0,13,0,0,0,5,0,0,136,0
Pelka_2021_Cell,ILC,0,83,10,0,0,0,0,0,1,0,0,0,0,21,0,0,0,0,0,0,52,0
Pelka_2021_Cell,Macrophage,30,16,18,19,0,0,0,0,381,13860,0,17,855,42,14,0,0,12,0,0,881,0
Pelka_2021_Cell,Macrophage cycling,2,1,3,5,0,0,0,0,88,1032,0,1,62,0,0,0,0,0,0,0,42,0
Pelka_2021_Cell,Mast cell,1,2,0,0,0,0,0,0,11,0,0,2440,0,0,0,0,0,0,0,0,5,0
Pelka_2021_Cell,Monocyte classical,6,1,1,21,0,0,0,0,37,129,0,0,5980,6,24,0,0,0,0,0,306,0
Pelka_2021_Cell,Monocyte non-classical,1,0,0,0,0,0,0,0,23,155,0,0,2446,0,4,0,0,0,0,0,162,0
Pelka_2021_Cell,Myeloid progenitor,0,0,0,0,0,0,0,0,0,1,0,0,1,0,0,0,0,0,0,0,3,0
Pelka_2021_Cell,NK cell,6,129,406,0,0,0,0,0,11,1,0,0,1,1530,0,0,0,1,0,0,197,0
Pelka_2021_Cell,NKT,0,1,6,0,0,0,0,0,0,0,0,0,0,0,0,0,0,0,0,0,2,0
Pelka_2021_Cell,Neutrophil,4,10,10,0,0,0,0,0,13,0,0,4,8,0,1520,0,0,0,0,0,49,0
Pelka_2021_Cell,Pericyte,0,0,0,0,0,0,0,163,171,0,0,0,0,0,0,0,1066,0,297,0,0,106
Pelka_2021_Cell,Plasma IgA,5,2,2,0,0,0,0,0,206,9,0,9,1,0,0,0,0,9834,0,0,30,0
Pelka_2021_Cell,Plasma IgG,3,2,5,0,0,0,0,0,105,14,0,5,3,0,1,0,0,5186,0,0,29,0
Pelka_2021_Cell,Plasma IgM,0,0,0,0,0,0,0,0,0,0,0,0,0,0,0,0,0,25,0,0,0,0
Pelka_2021_Cell,Plasmablast,6,0,0,0,0,0,0,0,41,0,0,0,0,0,0,0,0,687,0,0,5,0
Pelka_2021_Cell,Schwann cell,0,0,0,0,0,0,0,0,0,0,0,0,0,0,0,97,0,0,0,0,0,0
Pelka_2021_Cell,T cell CD4,29,8687,281,0,0,0,0,0,39,1,0,0,2,66,0,0,0,2,0,0,421,0
Pelka_2021_Cell,T cell CD4 cycling,0,411,25,0,0,0,0,0,8,0,0,0,0,0,0,0,0,0,0,0,11,0
Pelka_2021_Cell,T cell CD8,38,6051,16899,0,0,0,0,0,221,0,0,3,12,2139,4,0,0,14,0,0,2743,0
Pelka_2021_Cell,T cell CD8 cycling,1,5,516,0,0,0,0,0,9,0,0,0,0,0,0,0,0,0,0,0,7,0
Pelka_2021_Cell,T cell regulatory,14,5695,15,0,0,0,0,0,24,0,0,2,1,1,2,0,0,2,0,0,97,0
Pelka_2021_Cell,T cell γδ,3,217,793,0,0,0,0,0,10,0,0,0,0,669,0,0,0,0,0,0,336,0
Pelka_2021_Cell,Tuft,0,0,0,0,0,0,571,0,28,0,0,0,0,0,0,0,0,0,0,0,0,0
Pelka_2021_Cell,cDC1,2,3,1,27,0,0,0,0,15,118,0,0,20,131,0,0,0,0,0,0,387,0
Pelka_2021_Cell,cDC2,6,6,1,212,0,0,0,0,7,155,0,0,49,20,0,0,0,0,0,0,421,0
Pelka_2021_Cell,pDC,1,0,2,4,0,0,0,0,8,48,0,0,29,6,0,0,0,1,0,0,659,0
Qi_2022_Nat_Commun,B cell activated,658,0,0,0,0,0,0,0,5,0,0,0,0,0,0,0,0,0,0,0,0,0
Qi_2022_Nat_Commun,B cell memory,92,0,0,0,0,0,0,0,1,0,0,0,0,0,0,0,0,0,0,0,0,0
Qi_2022_Nat_Commun,B cell naive,41,0,0,0,0,0,0,0,0,0,0,0,0,0,0,0,0,0,0,0,0,0
Qi_2022_Nat_Commun,Cancer BEST4,0,0,0,0,0,0,1,0,0,0,1,0,0,0,0,0,0,0,0,0,0,0
Qi_2022_Nat_Commun,Cancer Colonocyte-like,0,0,0,0,0,0,2788,0,107,0,453,0,0,0,0,0,0,0,0,0,0,0
Qi_2022_Nat_Commun,Cancer Crypt-like,0,0,0,0,0,0,502,0,17,0,66,0,0,0,0,0,0,0,0,0,0,0
Qi_2022_Nat_Commun,Cancer Goblet-like,0,0,0,0,0,0,233,0,17,0,65,0,0,0,0,0,0,0,0,0,0,0
Qi_2022_Nat_Commun,Cancer TA-like,0,0,0,0,0,0,1875,0,34,0,407,0,0,0,0,0,0,0,0,0,0,0
Qi_2022_Nat_Commun,DC mature,0,0,0,0,0,0,0,0,1,0,0,0,0,12,0,0,0,0,0,0,29,0
Qi_2022_Nat_Commun,DC3,0,0,0,0,0,0,0,0,1,16,0,0,2,0,0,0,0,0,0,0,11,0
Qi_2022_Nat_Commun,Endothelial arterial,0,0,0,0,737,0,0,21,122,0,0,0,0,0,0,0,23,0,2,0,0,10
Qi_2022_Nat_Commun,Endothelial lymphatic,0,0,0,0,72,0,0,38,32,0,0,0,0,0,0,0,0,0,0,0,0,3
Qi_2022_Nat_Commun,Endothelial venous,0,0,0,0,201,0,0,3,19,0,0,0,0,0,0,0,0,0,0,0,0,4
Qi_2022_Nat_Commun,Enteroendocrine,0,0,0,0,0,2,1,0,0,0,0,0,0,0,0,0,0,0,0,0,0,0
Qi_2022_Nat_Commun,Fibroblast S1,0,0,0,0,1,0,0,359,50,0,0,0,0,0,0,0,2,0,1,0,0,5
Qi_2022_Nat_Commun,Fibroblast S2,0,0,0,0,0,0,0,405,123,0,0,0,0,0,0,0,1,0,7,0,0,2
Qi_2022_Nat_Commun,Fibroblast S3,0,0,0,0,1,0,0,614,62,0,0,0,0,0,0,0,2,0,44,0,0,12
Qi_2022_Nat_Commun,GC B cell,159,0,0,0,0,0,0,0,1,2,0,0,0,0,0,0,0,2,0,0,9,0
Qi_2022_Nat_Commun,ILC,0,6,0,0,0,0,0,0,0,0,0,1,0,3,0,0,0,0,0,0,18,0
Qi_2022_Nat_Commun,Macrophage,0,0,0,1,0,0,0,0,67,2093,0,2,63,6,2,0,0,1,0,0,69,0
Qi_2022_Nat_Commun,Macrophage cycling,0,0,0,0,0,0,0,0,4,138,0,0,5,0,0,0,0,0,0,0,9,0
Qi_2022_Nat_Commun,Mast cell,0,0,0,0,0,0,0,0,7,0,0,648,0,0,0,0,0,0,0,0,3,0
Qi_2022_Nat_Commun,Monocyte classical,1,1,0,2,0,0,0,0,2,10,0,0,327,0,5,0,0,0,0,0,30,0
Qi_2022_Nat_Commun,Monocyte non-classical,0,0,0,0,0,0,0,0,0,12,0,0,131,0,0,0,0,0,0,0,5,0
Qi_2022_Nat_Commun,Myeloid progenitor,0,0,0,0,0,0,0,0,0,0,0,0,0,0,0,0,0,0,0,0,1,0
Qi_2022_Nat_Commun,NK cell,0,5,20,0,0,0,0,0,1,0,0,0,0,77,0,0,0,0,0,0,8,0
Qi_2022_Nat_Commun,NKT,0,1,2,0,0,0,0,0,0,0,0,0,0,0,0,0,0,0,0,0,0,0
Qi_2022_Nat_Commun,Neutrophil,0,0,0,0,0,0,0,0,3,0,0,0,1,0,198,0,0,0,0,0,2,0
Qi_2022_Nat_Commun,Pericyte,0,0,0,0,1,0,0,36,131,0,0,0,0,0,0,0,196,0,162,0,0,21
Qi_2022_Nat_Commun,Plasma IgA,0,0,0,0,0,0,0,0,16,1,0,0,0,0,0,0,0,964,0,0,3,0
Qi_2022_Nat_Commun,Plasma IgG,1,0,0,0,0,0,0,0,9,2,0,0,0,0,0,0,0,443,0,0,2,0
Qi_2022_Nat_Commun,Plasma IgM,0,0,0,0,0,0,0,0,0,0,0,0,0,0,0,0,0,4,0,0,0,0
Qi_2022_Nat_Commun,Plasmablast,1,0,0,0,0,0,0,0,2,0,0,0,0,0,0,0,0,22,0,0,3,0
Qi_2022_Nat_Commun,Schwann cell,0,0,0,0,0,0,0,0,0,0,0,0,0,0,0,131,0,0,0,0,0,0
Qi_2022_Nat_Commun,T cell CD4,0,1299,69,0,0,0,0,0,8,0,0,1,0,6,0,0,0,0,0,0,54,0
Qi_2022_Nat_Commun,T cell CD4 cycling,0,111,3,0,0,0,0,0,4,0,0,0,0,0,0,0,0,0,0,0,3,0
Qi_2022_Nat_Commun,T cell CD8,1,1294,2663,0,0,0,0,0,26,0,0,1,0,168,0,0,0,0,0,0,200,0
Qi_2022_Nat_Commun,T cell CD8 cycling,0,1,59,0,0,0,0,0,0,0,0,0,0,0,0,0,0,0,0,0,0,0
Qi_2022_Nat_Commun,T cell regulatory,0,1274,8,0,0,0,0,0,3,0,0,0,0,0,0,0,0,0,0,0,7,0
Qi_2022_Nat_Commun,T cell γδ,0,14,46,0,0,0,0,0,0,0,0,0,0,20,0,0,0,0,0,0,9,0
Qi_2022_Nat_Commun,Tuft,0,0,0,0,0,0,8,0,0,0,0,0,0,0,0,0,0,0,0,0,0,0
Qi_2022_Nat_Commun,cDC1,0,0,0,1,0,0,0,0,1,11,0,0,1,14,1,0,0,0,0,0,8,0
Qi_2022_Nat_Commun,cDC2,1,0,0,24,0,0,0,0,2,31,0,1,4,0,0,0,0,0,0,0,29,0
Qi_2022_Nat_Commun,pDC,0,0,0,0,0,0,0,0,0,4,0,0,0,0,0,0,0,0,0,0,1,0
Qian_2020_Cell_Res,B cell activated,1392,1,0,0,0,0,0,0,12,0,0,0,0,0,0,0,0,0,0,0,1,0
Qian_2020_Cell_Res,B cell memory,261,0,1,0,0,0,0,0,0,0,0,0,0,0,0,0,0,0,0,0,0,0
Qian_2020_Cell_Res,B cell naive,147,0,0,0,0,0,0,0,0,0,0,0,0,0,0,0,0,0,0,0,0,0
Qian_2020_Cell_Res,Cancer BEST4,0,0,0,0,0,0,1,0,1,0,0,0,0,0,0,0,0,0,0,0,0,0
Qian_2020_Cell_Res,Cancer Colonocyte-like,0,0,0,0,0,0,2473,0,490,0,0,0,0,0,0,0,0,0,0,0,0,0
Qian_2020_Cell_Res,Cancer Crypt-like,0,0,0,0,0,0,1165,0,265,0,0,0,0,0,0,0,0,0,0,0,0,0
Qian_2020_Cell_Res,Cancer Goblet-like,0,0,0,0,0,0,45,0,3,0,0,0,0,0,0,0,0,0,0,0,0,0
Qian_2020_Cell_Res,Cancer TA-like,0,0,0,0,0,0,4926,0,384,0,0,0,0,0,0,0,0,0,0,0,0,0
Qian_2020_Cell_Res,DC mature,1,0,0,0,0,0,0,0,9,0,0,0,0,38,0,0,0,0,0,0,27,0
Qian_2020_Cell_Res,DC3,0,0,0,0,0,0,0,0,3,16,0,0,4,0,0,0,0,0,0,0,9,0
Qian_2020_Cell_Res,Endothelial arterial,0,0,0,0,866,0,0,19,138,0,0,0,0,0,0,0,42,0,3,0,0,27
Qian_2020_Cell_Res,Endothelial lymphatic,0,0,0,0,163,0,0,53,110,0,0,0,0,0,0,0,4,0,3,0,0,7
Qian_2020_Cell_Res,Endothelial venous,0,0,0,0,398,0,0,31,36,0,0,0,0,0,0,0,2,0,0,0,0,21
Qian_2020_Cell_Res,Enteroendocrine,0,0,0,0,0,0,2,0,0,0,0,0,0,0,0,0,0,0,0,0,0,0
Qian_2020_Cell_Res,Fibroblast S1,0,0,0,0,1,0,0,112,19,0,0,0,0,0,0,0,2,0,0,0,0,3
Qian_2020_Cell_Res,Fibroblast S2,0,0,0,0,0,0,0,324,21,0,0,0,0,0,0,0,4,0,3,0,0,1
Qian_2020_Cell_Res,Fibroblast S3,0,0,0,0,12,0,0,1747,689,0,0,0,0,0,0,0,29,0,31,0,0,56
Qian_2020_Cell_Res,GC B cell,607,7,2,0,0,0,0,0,6,1,0,0,0,2,1,0,0,0,0,0,25,0
Qian_2020_Cell_Res,ILC,0,9,3,0,0,0,0,0,0,0,0,0,0,1,0,0,0,0,0,0,5,0
Qian_2020_Cell_Res,Macrophage,3,0,0,3,0,0,0,0,260,1292,0,1,71,4,0,0,0,0,0,0,82,0
Qian_2020_Cell_Res,Macrophage cycling,0,0,0,0,0,0,0,0,26,66,0,0,5,0,0,0,0,0,0,0,6,0
Qian_2020_Cell_Res,Mast cell,0,0,0,0,0,0,0,0,9,2,0,431,0,0,0,0,0,0,0,0,1,0
Qian_2020_Cell_Res,Monocyte classical,1,0,0,0,0,0,0,0,37,30,0,0,399,0,4,0,0,1,0,0,33,0
Qian_2020_Cell_Res,Monocyte non-classical,1,0,0,0,0,0,0,0,56,25,0,0,176,0,0,0,0,0,0,0,15,0
Qian_2020_Cell_Res,NK cell,1,18,54,0,0,0,0,0,2,0,0,0,0,78,0,0,0,0,0,0,28,0
Qian_2020_Cell_Res,NKT,0,0,1,0,0,0,0,0,0,0,0,0,0,0,0,0,0,0,0,0,0,0
Qian_2020_Cell_Res,Neutrophil,0,0,0,0,0,0,0,0,4,0,0,0,2,0,98,0,0,0,0,0,3,0
Qian_2020_Cell_Res,Pericyte,0,0,0,0,1,0,0,91,145,0,0,0,0,0,0,0,541,0,300,0,0,74
Qian_2020_Cell_Res,Plasma IgA,0,0,1,0,0,0,0,0,25,0,0,0,0,0,0,0,0,808,0,0,5,0
Qian_2020_Cell_Res,Plasma IgG,1,1,0,0,0,0,0,0,114,0,0,1,0,0,0,0,0,562,0,0,2,0
Qian_2020_Cell_Res,Plasma IgM,0,0,0,0,0,0,0,0,0,0,0,0,0,0,0,0,0,1,0,0,0,0
Qian_2020_Cell_Res,Plasmablast,1,0,0,0,0,0,0,0,13,0,0,0,0,0,0,0,0,27,0,0,0,0
Qian_2020_Cell_Res,Schwann cell,0,0,0,0,0,0,0,0,0,0,0,0,0,0,0,150,0,0,0,0,0,0
Qian_2020_Cell_Res,T cell CD4,3,1948,44,0,0,0,0,0,50,0,0,0,0,5,0,0,0,0,0,0,35,0
Qian_2020_Cell_Res,T cell CD4 cycling,0,61,3,0,0,0,0,0,7,0,0,0,0,0,0,0,0,0,0,0,0,0
Qian_2020_Cell_Res,T cell CD8,4,878,1886,0,0,0,0,0,73,0,0,3,0,151,0,0,0,0,0,0,457,0
Qian_2020_Cell_Res,T cell CD8 cycling,0,0,75,0,0,0,0,0,3,0,0,0,0,0,0,0,0,0,0,0,2,0
Qian_2020_Cell_Res,T cell regulatory,2,1000,6,0,0,0,0,0,32,0,0,0,0,1,0,0,0,0,0,0,17,0
Qian_2020_Cell_Res,T cell γδ,1,19,51,0,0,0,0,0,2,0,0,0,0,27,0,0,0,0,0,0,29,0
Qian_2020_Cell_Res,Tuft,0,0,0,0,0,0,5,0,0,0,0,0,0,0,0,0,0,0,0,0,0,0
Qian_2020_Cell_Res,cDC1,0,1,0,3,0,0,0,0,19,15,0,0,0,8,0,0,0,0,0,0,26,0
Qian_2020_Cell_Res,cDC2,11,1,1,57,0,0,0,0,4,14,0,0,2,2,0,0,0,0,0,0,29,0
Qian_2020_Cell_Res,pDC,0,0,0,0,0,0,0,0,3,2,0,0,0,0,0,0,0,0,0,0,27,0
Qin_2023_Cell_Rep_Med,B cell activated,4401,28,9,1,0,0,0,0,16,0,0,1,0,8,0,0,0,9,0,0,69,0
Qin_2023_Cell_Rep_Med,B cell memory,89,0,0,0,0,0,0,0,0,0,0,0,0,0,0,0,0,0,0,0,1,0
Qin_2023_Cell_Rep_Med,B cell naive,2323,14,0,1,0,0,0,0,3,0,0,0,0,0,0,0,0,3,0,0,49,0
Qin_2023_Cell_Rep_Med,Cancer BEST4,0,0,0,0,0,0,24,0,0,0,0,0,0,0,0,0,0,0,0,0,0,0
Qin_2023_Cell_Rep_Med,Cancer Colonocyte-like,0,0,0,0,0,0,19026,0,562,0,0,0,0,0,0,0,0,0,0,0,0,0
Qin_2023_Cell_Rep_Med,Cancer Crypt-like,0,0,0,0,0,0,4409,0,52,0,0,0,0,0,0,0,0,0,0,0,0,0
Qin_2023_Cell_Rep_Med,Cancer Goblet-like,0,0,0,0,0,0,1771,0,41,0,0,0,0,0,0,0,0,0,0,0,0,0
Qin_2023_Cell_Rep_Med,Cancer TA-like,0,0,0,0,0,0,10306,0,348,0,0,0,0,0,0,0,0,0,0,0,0,0
Qin_2023_Cell_Rep_Med,DC mature,0,0,0,0,0,0,0,0,7,2,0,0,0,220,0,0,0,0,0,0,341,0
Qin_2023_Cell_Rep_Med,DC3,0,0,0,17,0,0,0,0,1,86,0,0,0,0,0,0,0,0,0,0,68,0
Qin_2023_Cell_Rep_Med,Endothelial arterial,0,0,0,0,2083,0,0,42,161,0,0,0,0,0,0,0,863,0,2,0,0,135
Qin_2023_Cell_Rep_Med,Endothelial lymphatic,0,0,0,0,71,0,0,39,12,0,0,0,0,0,0,0,21,0,0,0,0,3
Qin_2023_Cell_Rep_Med,Endothelial venous,0,0,0,0,1609,0,0,26,61,0,0,0,0,0,0,0,37,0,0,0,0,117
Qin_2023_Cell_Rep_Med,Enteroendocrine,0,0,0,0,0,0,116,0,5,0,0,0,0,0,0,0,0,0,0,0,0,0
Qin_2023_Cell_Rep_Med,Fibroblast S1,0,0,0,0,1,0,0,583,16,0,0,0,0,0,0,0,11,0,0,0,0,12
Qin_2023_Cell_Rep_Med,Fibroblast S2,0,0,0,0,1,0,0,2716,99,0,0,0,0,0,0,0,25,0,14,0,0,34
Qin_2023_Cell_Rep_Med,Fibroblast S3,0,0,0,0,13,0,0,1244,54,0,0,0,0,0,0,0,62,0,43,0,0,62
Qin_2023_Cell_Rep_Med,GC B cell,479,50,7,0,0,0,0,0,15,0,0,3,0,12,0,0,0,37,0,0,85,0
Qin_2023_Cell_Rep_Med,ILC,0,15,1,0,0,0,0,0,0,0,0,1,0,12,0,0,0,1,0,0,14,0
Qin_2023_Cell_Rep_Med,Macrophage,0,4,0,6,0,0,0,0,40,1732,0,0,13,0,0,0,0,2,0,0,169,0
Qin_2023_Cell_Rep_Med,Macrophage cycling,0,1,0,0,0,0,0,0,8,144,0,0,0,1,0,0,0,0,0,0,13,0
Qin_2023_Cell_Rep_Med,Mast cell,1,2,0,0,0,0,0,0,12,0,0,1601,0,0,0,0,0,1,0,0,1,0
Qin_2023_Cell_Rep_Med,Monocyte classical,0,0,0,2,0,0,0,0,0,31,0,0,27,0,1,0,0,0,0,0,55,0
Qin_2023_Cell_Rep_Med,Monocyte non-classical,0,0,0,0,0,0,0,0,1,12,0,0,16,0,0,0,0,0,0,0,5,0
Qin_2023_Cell_Rep_Med,Myeloid progenitor,0,0,0,0,0,0,0,0,0,1,0,0,0,0,0,0,0,0,0,0,4,0
Qin_2023_Cell_Rep_Med,NK cell,1,73,357,0,0,0,0,0,2,0,0,1,0,497,0,0,0,1,0,0,128,0
Qin_2023_Cell_Rep_Med,Neutrophil,0,4,4,0,0,0,0,0,1,0,0,1,1,1,5,0,0,0,0,0,8,0
Qin_2023_Cell_Rep_Med,Pericyte,0,0,0,0,7,0,0,240,168,0,0,0,0,0,0,0,3122,0,192,0,0,150
Qin_2023_Cell_Rep_Med,Plasma IgA,24,19,10,0,0,0,0,0,154,5,0,13,0,1,0,0,0,28490,0,0,75,0
Qin_2023_Cell_Rep_Med,Plasma IgG,8,15,6,1,0,0,0,0,106,3,0,4,0,1,0,0,0,13374,0,0,37,0
Qin_2023_Cell_Rep_Med,Plasma IgM,0,0,0,0,0,0,0,0,0,0,0,0,0,0,0,0,0,218,0,0,0,0
Qin_2023_Cell_Rep_Med,Plasmablast,8,0,1,0,0,0,0,0,82,0,0,0,0,0,0,0,0,1678,0,0,15,0
Qin_2023_Cell_Rep_Med,Schwann cell,0,0,0,0,0,0,0,0,0,0,0,0,0,0,0,105,0,0,0,0,0,0
Qin_2023_Cell_Rep_Med,T cell CD4,55,15079,1261,0,0,0,0,0,52,0,0,22,0,187,0,0,0,20,0,0,1453,0
Qin_2023_Cell_Rep_Med,T cell CD8,25,4099,8381,0,0,0,0,0,88,4,0,8,0,669,1,0,0,40,0,0,1857,0
Qin_2023_Cell_Rep_Med,T cell regulatory,7,5777,22,0,0,0,0,0,8,4,0,7,0,8,0,0,0,5,0,0,91,0
Qin_2023_Cell_Rep_Med,T cell γδ,2,34,162,0,0,0,0,0,0,0,0,0,1,66,0,0,0,0,0,0,58,0
Qin_2023_Cell_Rep_Med,Tuft,0,0,0,0,0,0,30,0,5,0,0,0,0,0,0,0,0,0,0,0,0,0
Qin_2023_Cell_Rep_Med,cDC1,2,0,0,46,0,0,0,0,14,86,0,0,3,192,0,0,0,0,0,0,367,0
Qin_2023_Cell_Rep_Med,cDC2,21,9,1,157,0,0,0,0,9,100,0,1,9,108,0,0,0,0,0,0,977,0
Qin_2023_Cell_Rep_Med,pDC,2,0,0,29,0,0,0,0,2,5,0,2,0,1,0,0,0,2,0,0,212,0
Uhlitz_2021_EMBO_Mol_Med,B cell activated,1398,1,0,0,0,0,0,0,1,0,0,0,0,0,0,0,0,0,0,0,1,0
Uhlitz_2021_EMBO_Mol_Med,B cell memory,131,0,1,0,0,0,0,0,1,0,0,0,0,0,0,0,0,0,0,0,0,0
Uhlitz_2021_EMBO_Mol_Med,B cell naive,260,1,0,0,0,0,0,0,0,0,0,0,0,0,0,0,0,0,0,0,0,0
Uhlitz_2021_EMBO_Mol_Med,Cancer BEST4,0,0,0,0,0,0,19,0,4,0,1,0,0,0,0,0,0,0,0,0,0,0
Uhlitz_2021_EMBO_Mol_Med,Cancer Colonocyte-like,0,0,0,0,0,0,3290,0,238,0,1089,0,0,0,0,0,0,0,0,0,0,0
Uhlitz_2021_EMBO_Mol_Med,Cancer Crypt-like,0,0,0,0,0,0,1736,0,208,0,1495,0,0,0,0,0,0,0,0,0,0,0
Uhlitz_2021_EMBO_Mol_Med,Cancer Goblet-like,0,0,0,0,0,0,1883,0,82,0,326,0,0,0,0,0,0,0,0,0,0,0
Uhlitz_2021_EMBO_Mol_Med,Cancer TA-like,0,0,0,0,0,0,1145,0,88,0,888,0,0,0,0,0,0,0,0,0,0,0
Uhlitz_2021_EMBO_Mol_Med,DC mature,0,0,0,0,0,0,0,0,1,0,0,0,0,47,0,0,0,0,0,0,27,0
Uhlitz_2021_EMBO_Mol_Med,DC3,0,1,0,2,0,0,0,0,0,18,0,0,23,2,0,0,0,0,0,0,20,0
Uhlitz_2021_EMBO_Mol_Med,Endothelial arterial,0,0,0,0,194,0,0,3,16,0,0,0,0,0,0,0,23,0,1,0,0,11
Uhlitz_2021_EMBO_Mol_Med,Endothelial lymphatic,0,0,0,0,24,0,0,6,4,0,0,0,0,0,0,0,0,0,1,0,0,0
Uhlitz_2021_EMBO_Mol_Med,Endothelial venous,0,0,0,0,250,0,0,3,13,0,0,0,0,0,0,0,2,0,0,0,0,4
Uhlitz_2021_EMBO_Mol_Med,Enteroendocrine,0,0,0,0,0,4,4,0,0,0,0,0,0,0,0,0,0,0,0,0,0,0
Uhlitz_2021_EMBO_Mol_Med,Fibroblast S1,0,0,0,0,0,0,0,111,5,0,0,0,0,0,0,0,4,0,1,0,0,2
Uhlitz_2021_EMBO_Mol_Med,Fibroblast S2,0,0,0,0,0,0,0,223,16,0,0,0,0,0,0,0,8,0,11,0,0,3
Uhlitz_2021_EMBO_Mol_Med,Fibroblast S3,0,0,0,0,1,0,0,588,29,0,0,0,0,0,0,0,16,0,88,0,0,13
Uhlitz_2021_EMBO_Mol_Med,GC B cell,85,2,3,0,0,0,0,0,1,0,0,1,0,0,0,0,0,7,0,0,1,0
Uhlitz_2021_EMBO_Mol_Med,ILC,0,7,0,0,0,0,0,0,0,0,0,0,0,3,0,0,0,0,0,0,4,0
Uhlitz_2021_EMBO_Mol_Med,Macrophage,0,0,0,4,0,0,0,0,32,1103,0,2,42,0,0,0,0,0,0,0,57,0
Uhlitz_2021_EMBO_Mol_Med,Macrophage cycling,0,0,0,0,0,0,0,0,4,100,0,0,5,0,0,0,0,0,0,0,0,0
Uhlitz_2021_EMBO_Mol_Med,Mast cell,0,0,0,0,0,0,0,0,6,0,0,416,0,0,0,0,0,0,0,0,1,0
Uhlitz_2021_EMBO_Mol_Med,Monocyte classical,0,0,0,6,0,0,0,0,5,7,0,1,474,0,0,0,0,0,0,0,39,0
Uhlitz_2021_EMBO_Mol_Med,Monocyte non-classical,0,0,0,0,0,0,0,0,2,23,0,1,249,0,1,0,0,0,0,0,20,0
Uhlitz_2021_EMBO_Mol_Med,Myeloid progenitor,0,0,0,0,0,0,0,0,0,2,0,0,1,0,0,0,0,0,0,0,2,0
Uhlitz_2021_EMBO_Mol_Med,NK cell,0,8,24,0,0,0,0,0,0,0,0,0,0,100,0,0,0,0,0,0,7,0
Uhlitz_2021_EMBO_Mol_Med,Neutrophil,1,1,1,0,0,0,0,0,6,0,0,0,3,2,99,0,0,0,0,0,11,0
Uhlitz_2021_EMBO_Mol_Med,Pericyte,0,0,0,0,1,0,0,35,35,0,0,0,0,0,0,0,196,0,137,0,0,11
Uhlitz_2021_EMBO_Mol_Med,Plasma IgA,0,3,0,0,0,0,0,0,25,2,0,1,0,2,0,0,0,5050,0,0,8,0
Uhlitz_2021_EMBO_Mol_Med,Plasma IgG,0,0,0,0,0,0,0,0,11,0,0,0,0,0,3,0,0,1245,0,0,3,0
Uhlitz_2021_EMBO_Mol_Med,Plasma IgM,0,0,0,0,0,0,0,0,0,0,0,0,0,0,0,0,0,14,0,0,0,0
Uhlitz_2021_EMBO_Mol_Med,Plasmablast,0,0,0,0,0,0,0,0,3,0,0,0,0,0,0,0,0,89,0,0,1,0
Uhlitz_2021_EMBO_Mol_Med,Schwann cell,0,0,0,0,0,0,0,0,0,0,0,0,0,0,0,81,0,0,0,0,0,0
Uhlitz_2021_EMBO_Mol_Med,T cell CD4,0,4696,177,0,0,0,0,0,21,0,0,1,0,29,1,0,0,1,0,0,109,0
Uhlitz_2021_EMBO_Mol_Med,T cell CD4 cycling,0,77,9,0,0,0,0,0,1,0,0,0,0,0,0,0,0,0,0,0,3,0
Uhlitz_2021_EMBO_Mol_Med,T cell CD8,2,278,2653,0,0,0,0,0,11,0,0,0,2,348,0,0,0,2,0,0,243,0
Uhlitz_2021_EMBO_Mol_Med,T cell CD8 cycling,0,0,48,0,0,0,0,0,1,0,0,0,0,0,0,0,0,0,0,0,0,0
Uhlitz_2021_EMBO_Mol_Med,T cell regulatory,2,1279,6,0,0,0,0,0,3,0,0,1,0,0,0,0,0,0,0,0,2,0
Uhlitz_2021_EMBO_Mol_Med,T cell γδ,0,35,49,0,0,0,0,0,0,0,0,0,0,14,0,0,0,0,0,0,14,0
Uhlitz_2021_EMBO_Mol_Med,Tuft,0,0,0,0,0,0,56,0,7,0,0,0,0,0,0,0,0,0,0,2,0,0
Uhlitz_2021_EMBO_Mol_Med,cDC1,0,0,0,4,0,0,0,0,1,9,0,2,1,39,0,0,0,0,0,0,49,0
Uhlitz_2021_EMBO_Mol_Med,cDC2,0,0,0,46,0,0,0,0,9,72,0,2,22,3,0,0,0,0,0,0,157,0
Uhlitz_2021_EMBO_Mol_Med,pDC,0,0,0,0,0,0,0,0,1,2,0,1,1,0,0,0,0,0,0,0,47,0
