study_id,n_epithelial,malignant,non_malignant,uncertain,putative_non_malignant,frac_patients_clear,poor_sensitivity
Chen_2024_Cancer_Cell,27960,0.0,0.0,1.0,0.0,0.3684210526315789,True
Guo_2022_JCI_Insight,3230,0.2755417956656347,0.009597523219814242,0.714860681114551,0.06594427244582043,0.5,False
Joanito_2022_Nat_Genet,20213,0.4954237371988324,0.0002473655568198684,0.5043288972443477,0.030178597932023946,0.7333333333333333,False
Khaliq_2022_Genome_Biol,4548,0.3280562884784521,0.0013192612137203166,0.6706244503078276,0.08575197889182058,0.8571428571428571,False
Lee_2020_Nat_Genet,20056,0.1809433585959314,0.0,0.8190566414040686,0.01336258476266454,0.5,False
Li_2023_Cancer_Cell,16808,0.0,0.0,1.0,0.0,0.0,True
Liu_2024_Cancer_Res,12563,0.6523919445992199,0.00023879646581230599,0.3473692589349678,0.0020695693703733187,1.0,False
MUI_Innsbruck,15877,0.3622850664483215,0.0010707312464571393,0.6366442023052213,0.03949108773697802,0.6666666666666666,False
Pelka_2021_Cell,81886,0.0,0.0,1.0,0.0,0.34,True
Qi_2022_Nat_Commun,6402,0.15495157763199,0.00031240237425804435,0.8447360199937519,0.026085598250546703,0.8,False
Qian_2020_Cell_Res,8617,0.0,0.0,1.0,0.0,0.2857142857142857,True
Qin_2023_Cell_Rep_Med,35682,0.0,0.0,1.0,0.0,0.4444444444444444,True
Uhlitz_2021_EMBO_Mol_Med,11938,0.31822750879544315,0.0005025967498743508,0.6812698944546826,0.07580834310604792,0.9,False
