study_id,patient_id,n_epithelial,n_malignant,n_non_malignant,n_uncertain,n_cnv_high,n_cnv_low,assessable,n_ref_immune,n_ref_stromal,frac_cancer_cnv_high,clear_cnv,microsatellite_status
Chen_2024_Cancer_Cell,Chen_2024_Cancer_Cell.P02,1098,0,0,1098,313,8,True,1217,283,0.28558394160583944,True,MSS
Chen_2024_Cancer_Cell,Chen_2024_Cancer_Cell.P03,3318,0,0,3318,2701,74,True,1411,89,0.8149713250830063,True,MSS
Chen_2024_Cancer_Cell,Chen_2024_Cancer_Cell.P04,1024,0,0,1024,167,28,True,1102,398,0.16324535679374388,False,MSI
Chen_2024_Cancer_Cell,Chen_2024_Cancer_Cell.P05,1610,0,0,1610,87,714,True,1441,59,0.05356017643352237,False,MSS
Chen_2024_Cancer_Cell,Chen_2024_Cancer_Cell.P08,1186,0,0,1186,259,201,True,1363,137,0.21840068787618228,True,MSI
Chen_2024_Cancer_Cell,Chen_2024_Cancer_Cell.P09,850,0,0,850,246,19,True,1250,250,0.2896305125148987,True,MSS
Chen_2024_Cancer_Cell,Chen_2024_Cancer_Cell.P12,116,0,0,116,37,1,True,1250,250,0.3217391304347826,True,MSI
Chen_2024_Cancer_Cell,Chen_2024_Cancer_Cell.P14,1783,0,0,1783,312,78,True,1318,182,0.17667044167610418,False,MSS
Chen_2024_Cancer_Cell,Chen_2024_Cancer_Cell.P15,2135,0,0,2135,148,279,True,1376,124,0.07010014306151645,False,MSI
Chen_2024_Cancer_Cell,Chen_2024_Cancer_Cell.P16,1326,0,0,1326,52,78,True,935,565,0.039483675018982534,False,MSI
Chen_2024_Cancer_Cell,Chen_2024_Cancer_Cell.P17,1873,0,0,1873,50,40,True,656,90,0.02678093197643278,False,MSI
Chen_2024_Cancer_Cell,Chen_2024_Cancer_Cell.P18,2249,0,0,2249,158,974,True,563,94,0.07025344597598933,False,MSI
Chen_2024_Cancer_Cell,Chen_2024_Cancer_Cell.P19,1065,0,0,1065,383,206,True,912,189,0.3606403013182674,True,MSI
Chen_2024_Cancer_Cell,Chen_2024_Cancer_Cell.P20,1462,0,0,1462,13,294,True,1441,59,0.008947006194081212,False,MSI
Chen_2024_Cancer_Cell,Chen_2024_Cancer_Cell.P21,1303,0,0,1303,195,12,True,1145,355,0.1498847040737894,False,MSI
Chen_2024_Cancer_Cell,Chen_2024_Cancer_Cell.P22,1317,0,0,1317,230,235,True,1418,82,0.17484662576687116,False,MSI
Chen_2024_Cancer_Cell,Chen_2024_Cancer_Cell.P23,2403,0,0,2403,719,101,True,1426,74,0.3011744966442953,True,MSI
Chen_2024_Cancer_Cell,Chen_2024_Cancer_Cell.P25,833,0,0,833,118,189,True,1461,39,0.14320388349514562,False,MSI
Chen_2024_Cancer_Cell,Chen_2024_Cancer_Cell.P26,1009,0,0,1009,3,267,True,1437,63,0.002982107355864811,False,MSI
Guo_2022_JCI_Insight,Guo_2022_JCI_Insight.Left_CRC1,522,0,0,522,51,50,True,1339,161,0.09770114942528736,False,MSS
Guo_2022_JCI_Insight,Guo_2022_JCI_Insight.Left_CRC2,914,567,0,347,567,67,True,1302,198,0.6223929747530187,True,MSS
Guo_2022_JCI_Insight,Guo_2022_JCI_Insight.Left_CRC3,211,0,0,211,9,31,True,750,750,0.04265402843601896,False,MSS
Guo_2022_JCI_Insight,Guo_2022_JCI_Insight.Right_CRC1,224,0,0,224,16,17,True,1269,231,0.06018518518518518,False,MSS
Guo_2022_JCI_Insight,Guo_2022_JCI_Insight.Right_CRC2,276,84,0,192,84,14,True,1351,149,0.3054545454545455,True,MSS
Guo_2022_JCI_Insight,Guo_2022_JCI_Insight.Right_CRC3,1083,239,31,813,239,199,True,1046,454,0.23226433430515064,True,MSS
Joanito_2022_Nat_Genet,Joanito_2022_Nat_Genet.CRC2783,687,0,0,687,60,13,True,750,750,0.08746355685131195,False,MSI-H
Joanito_2022_Nat_Genet,Joanito_2022_Nat_Genet.CRC2786,704,244,0,460,245,28,True,750,750,0.34708392603129445,True,MSS
Joanito_2022_Nat_Genet,Joanito_2022_Nat_Genet.CRC2787,550,384,0,166,386,19,True,1204,296,0.7020109689213894,True,MSS
Joanito_2022_Nat_Genet,Joanito_2022_Nat_Genet.CRC2794,390,312,1,77,313,26,True,750,750,0.8041237113402062,True,MSS
Joanito_2022_Nat_Genet,Joanito_2022_Nat_Genet.CRC2795,563,280,2,281,280,51,True,750,750,0.5,True,MSS
Joanito_2022_Nat_Genet,Joanito_2022_Nat_Genet.CRC2801,189,188,0,1,188,0,True,750,750,0.9947089947089947,True,MSS
Joanito_2022_Nat_Genet,Joanito_2022_Nat_Genet.CRC2803,798,631,0,167,631,82,True,750,750,0.7907268170426065,True,MSS
Joanito_2022_Nat_Genet,Joanito_2022_Nat_Genet.CRC2810,204,62,0,142,62,8,True,761,739,0.30392156862745096,True,MSS
Joanito_2022_Nat_Genet,Joanito_2022_Nat_Genet.CRC2811,1239,1192,0,47,1192,9,True,750,750,0.9620661824051655,True,MSS
Joanito_2022_Nat_Genet,Joanito_2022_Nat_Genet.CRC2816,1013,279,0,734,279,226,True,750,750,0.2756916996047431,True,MSS
Joanito_2022_Nat_Genet,Joanito_2022_Nat_Genet.CRC2817,863,747,0,116,748,7,True,750,750,0.867595818815331,True,MSI-H
Joanito_2022_Nat_Genet,Joanito_2022_Nat_Genet.CRC2821,891,743,0,148,744,20,True,750,750,0.8348314606741573,True,MSS
Joanito_2022_Nat_Genet,Joanito_2022_Nat_Genet.CRC2841,1620,808,1,811,810,107,True,750,750,0.4996907854050711,True,MSS
Joanito_2022_Nat_Genet,Joanito_2022_Nat_Genet.CRC2899,1197,752,0,445,755,36,True,750,750,0.6308724832214765,True,MSS
Joanito_2022_Nat_Genet,Joanito_2022_Nat_Genet.CRC_JSC_S02,570,0,0,570,15,48,True,1017,133,0.026362038664323375,False,MSI-H
Joanito_2022_Nat_Genet,Joanito_2022_Nat_Genet.CRC_JSC_S03,141,0,0,141,23,9,True,750,750,0.16666666666666666,False,MSI-H
Joanito_2022_Nat_Genet,Joanito_2022_Nat_Genet.CRC_JSC_S04,236,193,0,43,193,19,True,750,750,0.8177966101694916,True,MSS
Joanito_2022_Nat_Genet,Joanito_2022_Nat_Genet.CRC_JSC_S05,2020,0,0,2020,243,26,True,696,110,0.12021857923497267,False,MSI-H
Joanito_2022_Nat_Genet,Joanito_2022_Nat_Genet.CRC_JSC_S06,777,743,0,34,743,1,True,999,501,0.9562419562419563,True,MSS
Joanito_2022_Nat_Genet,Joanito_2022_Nat_Genet.CRC_JSC_S07,542,512,1,29,512,22,True,1151,283,0.9463955637707948,True,MSS
Joanito_2022_Nat_Genet,Joanito_2022_Nat_Genet.CRC_JSC_S08,521,481,0,40,484,3,True,1200,300,0.9285714285714286,True,MSS
Joanito_2022_Nat_Genet,Joanito_2022_Nat_Genet.CRC_JSC_S10,999,0,0,999,117,0,True,1099,401,0.11711711711711711,False,MSS
Joanito_2022_Nat_Genet,Joanito_2022_Nat_Genet.CRC_JSC_S12,274,234,0,40,234,7,True,901,472,0.8540145985401459,True,MSS
Joanito_2022_Nat_Genet,Joanito_2022_Nat_Genet.CRC_JSC_S13,328,291,0,37,291,6,True,730,196,0.8871951219512195,True,MSS
Joanito_2022_Nat_Genet,Joanito_2022_Nat_Genet.CRC_JSC_S14,405,133,0,272,133,0,True,1396,104,0.32839506172839505,True,MSS
Joanito_2022_Nat_Genet,Joanito_2022_Nat_Genet.CRC_JSC_S15,135,113,0,22,113,2,True,750,750,0.8432835820895522,True,MSS
Joanito_2022_Nat_Genet,Joanito_2022_Nat_Genet.SC035,689,0,0,689,27,0,True,1419,81,0.03918722786647315,False,MSI-H
Joanito_2022_Nat_Genet,Joanito_2022_Nat_Genet.SC040,598,0,0,598,26,17,True,1022,478,0.0423728813559322,False,MSS
Joanito_2022_Nat_Genet,Joanito_2022_Nat_Genet.SC043,695,692,0,3,692,0,True,750,750,0.99568345323741,True,MSS
Joanito_2022_Nat_Genet,Joanito_2022_Nat_Genet.SC044,375,0,0,375,0,0,True,1349,151,0.0,False,MSI-H
Khaliq_2022_Genome_Biol,Khaliq_2022_Genome_Biol.CAC1,1258,447,0,811,447,3,True,283,129,0.35532591414944353,True,MSS
Khaliq_2022_Genome_Biol,Khaliq_2022_Genome_Biol.CAC14,1025,426,3,596,431,15,True,1455,45,0.4226190476190476,True,MSS
Khaliq_2022_Genome_Biol,Khaliq_2022_Genome_Biol.CAC2,1037,249,1,787,250,198,True,258,360,0.24057971014492754,True,MSS
Khaliq_2022_Genome_Biol,Khaliq_2022_Genome_Biol.CAC3,693,148,0,545,148,205,True,188,296,0.21356421356421357,True,MSS
Khaliq_2022_Genome_Biol,Khaliq_2022_Genome_Biol.CAC6,43,17,1,25,18,7,True,1460,40,0.4146341463414634,True,MSS
Khaliq_2022_Genome_Biol,Khaliq_2022_Genome_Biol.CAC8,300,205,1,94,206,30,True,650,37,0.6925675675675675,True,MSS
Khaliq_2022_Genome_Biol,Khaliq_2022_Genome_Biol.CAC9,192,0,0,192,9,0,True,1416,32,0.04736842105263158,False,MSS
Lee_2020_Nat_Genet,Lee_2020_Nat_Genet.SC001,1849,0,0,1849,105,1331,True,750,750,0.05678745267712277,False,MSI-H
Lee_2020_Nat_Genet,Lee_2020_Nat_Genet.SC019,1426,0,0,1426,4,12,True,750,750,0.002805049088359046,False,MSS
Lee_2020_Nat_Genet,Lee_2020_Nat_Genet.SC021,1540,0,0,1540,306,344,True,750,750,0.19895968790637192,False,MSS
Lee_2020_Nat_Genet,Lee_2020_Nat_Genet.SC024,944,0,0,944,11,403,True,883,617,0.010857763300760043,False,MSS
Lee_2020_Nat_Genet,Lee_2020_Nat_Genet.SC027,1508,814,0,694,814,177,True,750,750,0.5397877984084881,True,MSS
Lee_2020_Nat_Genet,Lee_2020_Nat_Genet.SC028,218,80,0,138,80,61,True,605,526,0.3669724770642202,True,MSS
Lee_2020_Nat_Genet,Lee_2020_Nat_Genet.SC029,328,220,0,108,220,0,True,899,405,0.6707317073170732,True,MSS
Lee_2020_Nat_Genet,Lee_2020_Nat_Genet.SC030,669,304,0,365,304,39,True,901,599,0.45440956651718983,True,MSS
Lee_2020_Nat_Genet,Lee_2020_Nat_Genet.SC031,493,119,0,374,119,80,True,412,101,0.2413793103448276,True,MSS
Lee_2020_Nat_Genet,Lee_2020_Nat_Genet.SMC01,1015,0,0,1015,71,2,True,1371,129,0.06995073891625615,False,MSS
Lee_2020_Nat_Genet,Lee_2020_Nat_Genet.SMC02,296,107,0,189,107,0,True,1201,83,0.3614864864864865,True,MSS
Lee_2020_Nat_Genet,Lee_2020_Nat_Genet.SMC03,649,0,0,649,61,1,True,1046,100,0.09399075500770417,False,MSI-H
Lee_2020_Nat_Genet,Lee_2020_Nat_Genet.SMC04,302,160,0,142,160,0,True,1373,127,0.5298013245033113,True,MSS
Lee_2020_Nat_Genet,Lee_2020_Nat_Genet.SMC06,177,0,0,177,5,1,True,1269,67,0.028409090909090908,False,MSI-H
Lee_2020_Nat_Genet,Lee_2020_Nat_Genet.SMC07,497,0,0,497,56,11,True,1320,180,0.11088709677419355,False,MSS
Lee_2020_Nat_Genet,Lee_2020_Nat_Genet.SMC08,316,257,0,59,257,0,True,1356,144,0.8132911392405063,True,MSS
Lee_2020_Nat_Genet,Lee_2020_Nat_Genet.SMC09,1828,410,0,1418,418,1,True,1458,42,0.22552255225522552,True,MSS
Lee_2020_Nat_Genet,Lee_2020_Nat_Genet.SMC10,449,0,0,449,9,20,True,1376,124,0.020224719101123594,False,MSI-H
Lee_2020_Nat_Genet,Lee_2020_Nat_Genet.SMC11,272,0,0,272,38,1,True,1293,43,0.14022140221402213,False,MSS
Lee_2020_Nat_Genet,Lee_2020_Nat_Genet.SMC13,1710,536,0,1174,537,2,True,1440,60,0.31381733021077285,True,nan
Lee_2020_Nat_Genet,Lee_2020_Nat_Genet.SMC14,120,79,0,41,79,0,True,1225,222,0.6583333333333333,True,MSS
Lee_2020_Nat_Genet,Lee_2020_Nat_Genet.SMC15,286,0,0,286,32,15,True,1242,258,0.11188811188811189,False,MSS
Lee_2020_Nat_Genet,Lee_2020_Nat_Genet.SMC17,368,0,0,368,56,1,True,595,124,0.15217391304347827,False,MSS
Lee_2020_Nat_Genet,Lee_2020_Nat_Genet.SMC171,1407,0,0,1407,183,208,True,1338,162,0.13071428571428573,False,nan
Lee_2020_Nat_Genet,Lee_2020_Nat_Genet.SMC19,351,84,0,267,87,0,True,1045,27,0.2413793103448276,True,MSS
Lee_2020_Nat_Genet,Lee_2020_Nat_Genet.SMC20,246,238,0,8,240,0,True,706,248,0.9754098360655737,True,MSS
Lee_2020_Nat_Genet,Lee_2020_Nat_Genet.SMC23,586,221,0,365,221,2,True,863,19,0.3771331058020478,True,MSS
Lee_2020_Nat_Genet,Lee_2020_Nat_Genet.SMC24,206,0,0,206,4,32,True,1148,21,0.019417475728155338,False,MSI-H
Li_2023_Cancer_Cell,Li_2023_Cancer_Cell.P21,1097,0,0,1097,17,451,True,858,66,0.015567765567765568,False,nan
Li_2023_Cancer_Cell,Li_2023_Cancer_Cell.P23,3424,0,0,3424,197,78,True,1256,244,0.057535046728971966,False,MSI-H
Li_2023_Cancer_Cell,Li_2023_Cancer_Cell.P25,2328,0,0,2328,71,599,True,1343,157,0.02975929978118162,False,MSI-H
Li_2023_Cancer_Cell,Li_2023_Cancer_Cell.P27,2975,0,0,2975,102,1764,True,1015,404,0.035063595737366796,False,nan
Li_2023_Cancer_Cell,Li_2023_Cancer_Cell.P28,1567,0,0,1567,62,82,True,1101,248,0.03664223850766156,False,nan
Li_2023_Cancer_Cell,Li_2023_Cancer_Cell.P30,1185,0,0,1185,52,72,True,944,556,0.044142614601018676,False,MSI-H
Li_2023_Cancer_Cell,Li_2023_Cancer_Cell.P31,1801,0,0,1801,216,70,True,288,97,0.1203342618384401,False,MSI-H
Li_2023_Cancer_Cell,Li_2023_Cancer_Cell.P32,483,0,0,483,19,144,True,750,750,0.039337474120082816,False,MSI-H
Li_2023_Cancer_Cell,Li_2023_Cancer_Cell.P33,1948,0,0,1948,87,66,True,1158,342,0.04482225656877898,False,MSI-H
Liu_2024_Cancer_Res,Liu_2024_Cancer_Res.Pt01,1349,605,0,744,605,4,True,1389,111,0.44848035581912526,True,MSS
Liu_2024_Cancer_Res,Liu_2024_Cancer_Res.Pt02,952,929,0,23,929,0,True,826,674,0.9758403361344538,True,MSS
Liu_2024_Cancer_Res,Liu_2024_Cancer_Res.Pt03,1497,1457,0,40,1457,0,True,855,40,0.9732798931195725,True,MSS
Liu_2024_Cancer_Res,Liu_2024_Cancer_Res.Pt04,340,191,0,149,191,1,True,1387,113,0.5617647058823529,True,MSS
Liu_2024_Cancer_Res,Liu_2024_Cancer_Res.Pt06,446,168,0,278,168,5,True,258,76,0.37668161434977576,True,MSS
Liu_2024_Cancer_Res,Liu_2024_Cancer_Res.Pt07,440,212,0,228,212,18,True,1206,294,0.48291571753986334,True,MSS
Liu_2024_Cancer_Res,Liu_2024_Cancer_Res.Pt08,960,831,1,128,832,1,True,750,750,0.8701570680628272,True,MSS
Liu_2024_Cancer_Res,Liu_2024_Cancer_Res.Pt09,175,79,2,94,79,6,True,1012,488,0.45664739884393063,True,MSS
Liu_2024_Cancer_Res,Liu_2024_Cancer_Res.Pt11,2578,1114,0,1464,1114,1,True,1251,249,0.4321179208688906,True,MSS
Liu_2024_Cancer_Res,Liu_2024_Cancer_Res.Pt13,945,826,0,119,826,0,True,1471,29,0.8740740740740741,True,MSS
Liu_2024_Cancer_Res,Liu_2024_Cancer_Res.Pt15,672,446,0,226,446,7,True,750,750,0.6636904761904762,True,MSS
Liu_2024_Cancer_Res,Liu_2024_Cancer_Res.Pt18,2209,1338,0,871,1338,0,True,1464,36,0.6057039384336804,True,MSS
MUI_Innsbruck,MUI_Innsbruck.P11,1061,0,0,1061,134,242,True,378,69,0.12761904761904763,False,MSS
MUI_Innsbruck,MUI_Innsbruck.P12,1722,0,0,1722,178,110,True,423,42,0.10360884749708964,False,MSS
MUI_Innsbruck,MUI_Innsbruck.P13,1883,528,0,1355,528,66,True,790,393,0.2826552462526767,True,MSS
MUI_Innsbruck,MUI_Innsbruck.P14,1065,494,4,567,494,265,True,1246,254,0.4731800766283525,True,nan
MUI_Innsbruck,MUI_Innsbruck.P15,522,395,2,125,395,6,True,1084,416,0.7790927021696252,True,MSS
MUI_Innsbruck,MUI_Innsbruck.P16,1589,0,0,1589,136,697,True,1069,60,0.07005141388174807,False,MSS
MUI_Innsbruck,MUI_Innsbruck.P3,1247,0,0,1247,45,172,True,1457,43,0.036290322580645164,False,MSI-H
MUI_Innsbruck,MUI_Innsbruck.P4,557,256,0,301,257,1,True,1381,119,0.46126126126126127,True,MSS
MUI_Innsbruck,MUI_Innsbruck.P5,313,180,2,131,185,13,True,1386,114,0.5960264900662252,True,MSS
MUI_Innsbruck,MUI_Innsbruck.P7,2263,871,2,1390,873,115,True,1416,84,0.3926961226330027,True,MSS
MUI_Innsbruck,MUI_Innsbruck.P8,1912,1458,6,448,1458,174,True,665,85,0.7747077577045696,True,MSS
MUI_Innsbruck,MUI_Innsbruck.P9,1743,1570,1,172,1570,27,True,1341,159,0.9043778801843319,True,MSS
Pelka_2021_Cell,Pelka_2021_Cell.C103,4393,0,0,4393,2874,151,True,1331,133,0.6542226269064421,True,MSS
Pelka_2021_Cell,Pelka_2021_Cell.C104,1481,0,0,1481,68,302,True,943,31,0.04610169491525424,False,MSS
Pelka_2021_Cell,Pelka_2021_Cell.C107,2027,0,0,2027,135,56,True,1415,85,0.0628456510809452,False,MSS
Pelka_2021_Cell,Pelka_2021_Cell.C109,1360,0,0,1360,50,16,True,525,70,0.03676470588235294,False,MSI-H
Pelka_2021_Cell,Pelka_2021_Cell.C111,537,0,0,537,31,6,True,1282,93,0.05783582089552239,False,MSI-H
Pelka_2021_Cell,Pelka_2021_Cell.C112,1579,0,0,1579,510,17,True,1350,150,0.3227647431832594,True,MSS
Pelka_2021_Cell,Pelka_2021_Cell.C113,2137,0,0,2137,769,61,True,1469,28,0.36086344439230406,True,MSS
Pelka_2021_Cell,Pelka_2021_Cell.C114,1092,0,0,1092,119,114,True,1234,38,0.10855565777368906,False,MSI-H
Pelka_2021_Cell,Pelka_2021_Cell.C122,1595,0,0,1595,49,239,True,1064,81,0.03015075376884422,False,MSI-H
Pelka_2021_Cell,Pelka_2021_Cell.C123,3610,0,0,3610,130,790,True,1393,107,0.0364656381486676,False,MSI-H
Pelka_2021_Cell,Pelka_2021_Cell.C124,891,0,0,891,123,37,True,1092,408,0.13898305084745763,False,MSS
Pelka_2021_Cell,Pelka_2021_Cell.C125,1894,0,0,1894,1140,173,True,1254,246,0.6025369978858351,True,MSS
Pelka_2021_Cell,Pelka_2021_Cell.C126,781,0,0,781,5,212,True,1414,86,0.006402048655569782,False,MSS
Pelka_2021_Cell,Pelka_2021_Cell.C129,2146,0,0,2146,365,133,True,1318,182,0.1704014939309057,False,MSS
Pelka_2021_Cell,Pelka_2021_Cell.C130,2538,0,0,2538,57,75,True,1446,54,0.022476340694006308,False,MSI-H
Pelka_2021_Cell,Pelka_2021_Cell.C133,748,0,0,748,245,3,True,1429,71,0.3219645293315143,True,MSS
Pelka_2021_Cell,Pelka_2021_Cell.C135,853,0,0,853,11,106,True,1391,109,0.012971698113207548,False,MSS
Pelka_2021_Cell,Pelka_2021_Cell.C136,1364,0,0,1364,336,1,True,1470,30,0.24633431085043989,True,MSS
Pelka_2021_Cell,Pelka_2021_Cell.C139,2665,0,0,2665,72,94,True,1264,236,0.02706766917293233,False,MSI-H
Pelka_2021_Cell,Pelka_2021_Cell.C140,2215,0,0,2215,791,52,True,1232,268,0.35714285714285715,True,MSS
Pelka_2021_Cell,Pelka_2021_Cell.C142,1075,0,0,1075,159,202,True,1453,47,0.1485981308411215,False,MSI-H
Pelka_2021_Cell,Pelka_2021_Cell.C143,1105,0,0,1105,16,182,True,1418,82,0.014492753623188406,False,MSI-H
Pelka_2021_Cell,Pelka_2021_Cell.C144,786,0,0,786,22,282,True,1465,35,0.0280970625798212,False,MSI-H
Pelka_2021_Cell,Pelka_2021_Cell.C145,1941,0,0,1941,621,0,True,681,238,0.3223787167449139,True,MSS
Pelka_2021_Cell,Pelka_2021_Cell.C146,1801,0,0,1801,29,62,True,1399,101,0.016183035714285716,False,MSI-H
Pelka_2021_Cell,Pelka_2021_Cell.C147,1678,0,0,1678,76,7,True,1384,116,0.04529201430274136,False,MSI-H
Pelka_2021_Cell,Pelka_2021_Cell.C149,1050,0,0,1050,134,31,True,1317,183,0.12774070543374644,False,MSS
Pelka_2021_Cell,Pelka_2021_Cell.C150,1378,0,0,1378,756,4,True,512,63,0.548621190130624,True,MSS
Pelka_2021_Cell,Pelka_2021_Cell.C152,932,0,0,932,31,91,True,663,80,0.03329752953813104,False,MSI-H
Pelka_2021_Cell,Pelka_2021_Cell.C153,2549,0,0,2549,923,80,True,1295,205,0.36210278540604157,True,MSS
Pelka_2021_Cell,Pelka_2021_Cell.C154,1601,0,0,1601,64,69,True,993,50,0.040075140889167186,False,MSI-H
Pelka_2021_Cell,Pelka_2021_Cell.C155,953,0,0,953,136,149,True,1321,179,0.14149947201689547,False,MSS
Pelka_2021_Cell,Pelka_2021_Cell.C156,417,0,0,417,14,26,True,1460,40,0.035175879396984924,False,MSI-H
Pelka_2021_Cell,Pelka_2021_Cell.C157,1657,0,0,1657,1250,240,True,750,750,0.756511205330103,True,MSS
Pelka_2021_Cell,Pelka_2021_Cell.C158,623,0,0,623,177,1,True,1271,90,0.2845659163987138,True,MSI-H
Pelka_2021_Cell,Pelka_2021_Cell.C159,643,0,0,643,235,2,True,1195,56,0.35453100158982515,True,MSS
Pelka_2021_Cell,Pelka_2021_Cell.C160,1580,0,0,1580,1381,86,True,1159,155,0.8746041798606713,True,MSS
Pelka_2021_Cell,Pelka_2021_Cell.C161,2019,0,0,2019,1839,101,True,807,185,0.910802775024777,True,MSS
Pelka_2021_Cell,Pelka_2021_Cell.C162,6854,0,0,6854,937,736,True,750,750,0.12050054070755446,False,MSS
Pelka_2021_Cell,Pelka_2021_Cell.C163,1732,0,0,1732,117,798,True,1375,125,0.06682161533991865,False,MSI-H
Pelka_2021_Cell,Pelka_2021_Cell.C164,908,0,0,908,155,43,True,1442,58,0.17035398230088494,False,MSI-H
Pelka_2021_Cell,Pelka_2021_Cell.C165,793,0,0,793,45,0,True,1317,183,0.05674653215636822,False,MSI-H
Pelka_2021_Cell,Pelka_2021_Cell.C166,4348,0,0,4348,4106,17,True,687,83,0.9439555349698935,True,MSS
Pelka_2021_Cell,Pelka_2021_Cell.C167,203,0,0,203,39,10,True,1066,40,0.1921182266009852,False,MSI-H
Pelka_2021_Cell,Pelka_2021_Cell.C168,449,0,0,449,39,3,True,1387,113,0.08685968819599109,False,MSI-H
Pelka_2021_Cell,Pelka_2021_Cell.C169,361,0,0,361,40,0,True,1376,101,0.11080332409972299,False,MSI-H
Pelka_2021_Cell,Pelka_2021_Cell.C170,2665,0,0,2665,61,178,True,936,564,0.022889305816135085,False,MSI-H
Pelka_2021_Cell,Pelka_2021_Cell.C171,2939,0,0,2939,1432,427,True,1316,184,0.4871882473522378,True,MSS
Pelka_2021_Cell,Pelka_2021_Cell.C172,218,0,0,218,7,142,True,1025,37,0.03271028037383177,False,MSS
Pelka_2021_Cell,Pelka_2021_Cell.C173,722,0,0,722,58,579,True,1231,269,0.08066759388038942,False,MSI-H
Qi_2022_Nat_Commun,Qi_2022_Nat_Commun.P1,392,137,0,255,137,39,True,750,750,0.3494897959183674,True,nan
Qi_2022_Nat_Commun,Qi_2022_Nat_Commun.P2,1014,301,1,712,301,120,True,802,698,0.2974308300395257,True,nan
Qi_2022_Nat_Commun,Qi_2022_Nat_Commun.P3,2884,0,0,2884,152,108,True,1180,320,0.052704576976421634,False,nan
Qi_2022_Nat_Commun,Qi_2022_Nat_Commun.P4,1482,317,1,1164,317,32,True,750,750,0.2152070604209097,True,nan
Qi_2022_Nat_Commun,Qi_2022_Nat_Commun.P5,630,237,0,393,237,5,True,1252,248,0.3761904761904762,True,nan
Qian_2020_Cell_Res,Qian_2020_Cell_Res.P31,2388,0,0,2388,112,124,True,928,572,0.0469208211143695,False,MSI-H
Qian_2020_Cell_Res,Qian_2020_Cell_Res.P32,2351,0,0,2351,120,117,True,750,750,0.05106382978723404,False,MSS
Qian_2020_Cell_Res,Qian_2020_Cell_Res.P33,1521,0,0,1521,145,52,True,750,750,0.09564643799472296,False,MSS
Qian_2020_Cell_Res,Qian_2020_Cell_Res.P35,1585,0,0,1585,177,191,True,750,750,0.11167192429022083,False,MSS
Qian_2020_Cell_Res,Qian_2020_Cell_Res.P36,151,0,0,151,25,20,True,591,548,0.16556291390728478,False,MSS
Qian_2020_Cell_Res,Qian_2020_Cell_Res.P37,184,0,0,184,105,2,True,719,320,0.5706521739130435,True,MSS
Qian_2020_Cell_Res,Qian_2020_Cell_Res.P38,437,0,0,437,102,36,True,704,568,0.2334096109839817,True,MSS
Qin_2023_Cell_Rep_Med,Qin_2023_Cell_Rep_Med.XFZ02,825,0,0,825,126,251,True,1159,341,0.15272727272727274,False,MSS
Qin_2023_Cell_Rep_Med,Qin_2023_Cell_Rep_Med.XFZ03,1734,0,0,1734,158,411,True,1006,494,0.09111880046136102,False,MSS
Qin_2023_Cell_Rep_Med,Qin_2023_Cell_Rep_Med.XFZ05,815,0,0,815,44,491,True,954,546,0.05405405405405406,False,MSS
Qin_2023_Cell_Rep_Med,Qin_2023_Cell_Rep_Med.XFZ07,692,0,0,692,189,143,True,750,750,0.2759124087591241,True,MSS
Qin_2023_Cell_Rep_Med,Qin_2023_Cell_Rep_Med.XFZ08,457,0,0,457,102,137,True,1257,243,0.2236842105263158,True,MSS
Qin_2023_Cell_Rep_Med,Qin_2023_Cell_Rep_Med.XFZ09,2058,0,0,2058,230,372,True,1148,352,0.11197663096397274,False,MSS
Qin_2023_Cell_Rep_Med,Qin_2023_Cell_Rep_Med.XFZ17,862,0,0,862,275,19,True,892,608,0.3190255220417633,True,MSS
Qin_2023_Cell_Rep_Med,Qin_2023_Cell_Rep_Med.XFZ19,2939,0,0,2939,327,494,True,750,750,0.1113002042205582,False,MSS
Qin_2023_Cell_Rep_Med,Qin_2023_Cell_Rep_Med.XFZ21,662,0,0,662,15,94,True,1329,171,0.022658610271903322,False,MSS
Qin_2023_Cell_Rep_Med,Qin_2023_Cell_Rep_Med.XFZ22,218,0,0,218,119,11,True,1252,248,0.5458715596330275,True,MSS
Qin_2023_Cell_Rep_Med,Qin_2023_Cell_Rep_Med.XFZ23,822,0,0,822,77,91,True,1205,295,0.09378806333739342,False,MSS
Qin_2023_Cell_Rep_Med,Qin_2023_Cell_Rep_Med.XFZ24,295,0,0,295,18,109,True,1008,492,0.061016949152542375,False,MSS
Qin_2023_Cell_Rep_Med,Qin_2023_Cell_Rep_Med.XFZ25,4571,0,0,4571,703,309,True,788,712,0.15379566834390723,False,MSS
Qin_2023_Cell_Rep_Med,Qin_2023_Cell_Rep_Med.XFZ26,1462,0,0,1462,667,272,True,1220,280,0.457162440027416,True,MSS
Qin_2023_Cell_Rep_Med,Qin_2023_Cell_Rep_Med.XFZ27,172,0,0,172,25,31,True,731,183,0.14534883720930233,False,MSS
Qin_2023_Cell_Rep_Med,Qin_2023_Cell_Rep_Med.XFZ28,129,0,0,129,3,59,True,1294,206,0.0234375,False,MSS
Qin_2023_Cell_Rep_Med,Qin_2023_Cell_Rep_Med.XFZ31,850,0,0,850,104,181,True,1303,197,0.12249705535924617,False,MSS
Qin_2023_Cell_Rep_Med,Qin_2023_Cell_Rep_Med.XFZ32,1684,0,0,1684,676,236,True,1084,416,0.40106951871657753,True,MSS
Qin_2023_Cell_Rep_Med,Qin_2023_Cell_Rep_Med.XFZ34,1913,0,0,1913,943,154,True,932,568,0.4937106918238994,True,MSS
Qin_2023_Cell_Rep_Med,Qin_2023_Cell_Rep_Med.XFZ35,1642,0,0,1642,1469,35,True,750,750,0.8943833943833944,True,MSS
Qin_2023_Cell_Rep_Med,Qin_2023_Cell_Rep_Med.XFZ36,1389,0,0,1389,285,84,True,750,750,0.20760233918128654,True,MSS
Qin_2023_Cell_Rep_Med,Qin_2023_Cell_Rep_Med.XFZ38,618,0,0,618,32,213,True,1337,163,0.05177993527508091,False,MSS
Qin_2023_Cell_Rep_Med,Qin_2023_Cell_Rep_Med.XFZ39,2195,0,0,2195,1651,18,True,750,750,0.7519450800915332,True,MSS
Qin_2023_Cell_Rep_Med,Qin_2023_Cell_Rep_Med.XFZ44,4412,0,0,4412,1530,363,True,874,626,0.3506224066390041,True,MSS
Qin_2023_Cell_Rep_Med,Qin_2023_Cell_Rep_Med.XFZ46,1233,0,0,1233,160,209,True,992,508,0.13008130081300814,False,MSS
Qin_2023_Cell_Rep_Med,Qin_2023_Cell_Rep_Med.XFZ48,707,0,0,707,124,166,True,830,670,0.17739628040057226,False,MSS
Qin_2023_Cell_Rep_Med,Qin_2023_Cell_Rep_Med.XFZ49,326,0,0,326,146,61,True,1130,370,0.44785276073619634,True,MSS
Uhlitz_2021_EMBO_Mol_Med,Uhlitz_2021_EMBO_Mol_Med.P007,937,294,0,643,295,130,True,969,56,0.3141025641025641,True,MSS
Uhlitz_2021_EMBO_Mol_Med,Uhlitz_2021_EMBO_Mol_Med.P008,513,488,0,25,499,0,True,1110,390,0.9721115537848606,True,MSS
Uhlitz_2021_EMBO_Mol_Med,Uhlitz_2021_EMBO_Mol_Med.P009,3855,940,5,2910,948,553,True,1363,137,0.2454308093994778,True,MSS
Uhlitz_2021_EMBO_Mol_Med,Uhlitz_2021_EMBO_Mol_Med.P012,814,362,0,452,364,75,True,1445,55,0.44636251541307026,True,MSS
Uhlitz_2021_EMBO_Mol_Med,Uhlitz_2021_EMBO_Mol_Med.P013,1033,602,0,431,604,106,True,1420,80,0.5844660194174758,True,MSS
Uhlitz_2021_EMBO_Mol_Med,Uhlitz_2021_EMBO_Mol_Med.P014,1234,0,0,1234,98,305,True,1284,216,0.0776778413736713,False,MSS
Uhlitz_2021_EMBO_Mol_Med,Uhlitz_2021_EMBO_Mol_Med.P016,920,202,0,718,203,24,True,1144,356,0.2210065645514223,True,nan
Uhlitz_2021_EMBO_Mol_Med,Uhlitz_2021_EMBO_Mol_Med.P017,1715,640,1,1074,641,65,True,1014,486,0.37405026300409117,True,MSS
Uhlitz_2021_EMBO_Mol_Med,Uhlitz_2021_EMBO_Mol_Med.P021,109,25,0,84,25,6,True,1074,64,0.22935779816513763,True,MSS
Uhlitz_2021_EMBO_Mol_Med,Uhlitz_2021_EMBO_Mol_Med.P026,808,246,0,562,248,49,True,1369,131,0.3052109181141439,True,MSI
