dataset_id	source_id	sample_id	assay	malignant_column	malignant_value	n_source_cells	n_RDS_label_cells	n_retained_cells	n_zero_library	counts_valid	source_count_matches	sample_identity_consistent	patient_id_status	review_status	reason	enabled
GSE236581	source_0001	CRC02-N-II	RNA	SubCellType	c91_Epi_Tumor	549	549	549	0	TRUE	TRUE	TRUE	confirmed	pending	eligible_QC_pass_human_review_pending	0
GSE236581	source_0002	CRC02-T-I	RNA	SubCellType	c91_Epi_Tumor	249	249	249	0	TRUE	TRUE	TRUE	confirmed	pending	eligible_QC_pass_human_review_pending	0
GSE236581	source_0003	CRC03-N-III	RNA	SubCellType	c91_Epi_Tumor	313	313	313	0	TRUE	TRUE	TRUE	confirmed	pending	eligible_QC_pass_human_review_pending	0
GSE236581	source_0004	CRC03-T-I	RNA	SubCellType	c91_Epi_Tumor	2157	2157	2157	0	TRUE	TRUE	TRUE	confirmed	pending	eligible_QC_pass_human_review_pending	0
GSE236581	source_0005	CRC03-T-II	RNA	SubCellType	c91_Epi_Tumor	334	334	334	0	TRUE	TRUE	TRUE	confirmed	pending	eligible_QC_pass_human_review_pending	0
GSE236581	source_0006	CRC03-T-III	RNA	SubCellType	c91_Epi_Tumor	1131	1131	1131	0	TRUE	TRUE	TRUE	confirmed	pending	eligible_QC_pass_human_review_pending	0
GSE236581	source_0007	CRC04-T-I	RNA	SubCellType	c91_Epi_Tumor	757	757	757	0	TRUE	TRUE	TRUE	confirmed	pending	eligible_QC_pass_human_review_pending	0
GSE236581	source_0008	CRC05-N-II	RNA	SubCellType	c91_Epi_Tumor	231	231	231	0	TRUE	TRUE	TRUE	confirmed	pending	eligible_QC_pass_human_review_pending	0
GSE236581	source_0009	CRC05-T-I	RNA	SubCellType	c91_Epi_Tumor	409	409	409	0	TRUE	TRUE	TRUE	confirmed	pending	eligible_QC_pass_human_review_pending	0
GSE236581	source_0010	CRC05-T-II	RNA	SubCellType	c91_Epi_Tumor	1632	1632	1632	0	TRUE	TRUE	TRUE	confirmed	pending	eligible_QC_pass_human_review_pending	0
GSE236581	source_0011	CRC09-T-I	RNA	SubCellType	c91_Epi_Tumor	407	407	407	0	TRUE	TRUE	TRUE	confirmed	pending	eligible_QC_pass_human_review_pending	0
GSE236581	source_0012	CRC11-T-I	RNA	SubCellType	c91_Epi_Tumor	367	367	367	0	TRUE	TRUE	TRUE	confirmed	pending	eligible_QC_pass_human_review_pending	0
GSE236581	source_0013	CRC14-T-III	RNA	SubCellType	c91_Epi_Tumor	924	924	924	0	TRUE	TRUE	TRUE	confirmed	pending	eligible_QC_pass_human_review_pending	0
GSE236581	source_0014	CRC15-T-I	RNA	SubCellType	c91_Epi_Tumor	449	449	449	0	TRUE	TRUE	TRUE	confirmed	pending	eligible_QC_pass_human_review_pending	0
GSE236581	source_0015	CRC15-T-II	RNA	SubCellType	c91_Epi_Tumor	448	448	448	0	TRUE	TRUE	TRUE	confirmed	pending	eligible_QC_pass_human_review_pending	0
GSE236581	source_0016	CRC16-N-II	RNA	SubCellType	c91_Epi_Tumor	269	269	269	0	TRUE	TRUE	TRUE	confirmed	pending	eligible_QC_pass_human_review_pending	0
GSE236581	source_0017	CRC17-T-I	RNA	SubCellType	c91_Epi_Tumor	475	475	475	0	TRUE	TRUE	TRUE	confirmed	pending	eligible_QC_pass_human_review_pending	0
GSE236581	source_0018	CRC18-T-I	RNA	SubCellType	c91_Epi_Tumor	1605	1605	1605	0	TRUE	TRUE	TRUE	confirmed	pending	eligible_QC_pass_human_review_pending	0
GSE236581	source_0019	CRC18-T-II	RNA	SubCellType	c91_Epi_Tumor	320	320	320	0	TRUE	TRUE	TRUE	confirmed	pending	eligible_QC_pass_human_review_pending	0
GSE236581	source_0020	CRC19-T-I	RNA	SubCellType	c91_Epi_Tumor	806	806	806	0	TRUE	TRUE	TRUE	confirmed	pending	eligible_QC_pass_human_review_pending	0
GSE236581	source_0021	CRC19-T-III	RNA	SubCellType	c91_Epi_Tumor	1903	1903	1903	0	TRUE	TRUE	TRUE	confirmed	pending	eligible_QC_pass_human_review_pending	0
GSE236581	source_0022	CRC20-T-I	RNA	SubCellType	c91_Epi_Tumor	666	666	666	0	TRUE	TRUE	TRUE	confirmed	pending	eligible_QC_pass_human_review_pending	0
GSE236581	source_0023	CRC21-T-I	RNA	SubCellType	c91_Epi_Tumor	1120	1120	1120	0	TRUE	TRUE	TRUE	confirmed	pending	eligible_QC_pass_human_review_pending	0
GSE236581	source_0024	CRC22-T-I	RNA	SubCellType	c91_Epi_Tumor	339	339	339	0	TRUE	TRUE	TRUE	confirmed	pending	eligible_QC_pass_human_review_pending	0
GSE236581	source_0025	CRC23-T-I	RNA	SubCellType	c91_Epi_Tumor	1299	1299	1299	0	TRUE	TRUE	TRUE	confirmed	pending	eligible_QC_pass_human_review_pending	0
GSE236581	source_0026	CRC24-T-I	RNA	SubCellType	c91_Epi_Tumor	569	569	569	0	TRUE	TRUE	TRUE	confirmed	pending	eligible_QC_pass_human_review_pending	0
GSE236581	source_0027	CRC26-T-I	RNA	SubCellType	c91_Epi_Tumor	684	684	684	0	TRUE	TRUE	TRUE	confirmed	pending	eligible_QC_pass_human_review_pending	0
GSE254249	source_0028	CRC02_tissue	RNA	group	Cancer	775	775	775	0	TRUE	TRUE	TRUE	confirmed	pending	eligible_QC_pass_human_review_pending	0
GSE254249	source_0029	CRC03_tissue	RNA	group	Cancer	1835	1835	1835	0	TRUE	TRUE	TRUE	confirmed	pending	eligible_QC_pass_human_review_pending	0
GSE254249	source_0030	CRC04_tissue	RNA	group	Cancer	213	213	213	0	TRUE	TRUE	TRUE	confirmed	pending	eligible_QC_pass_human_review_pending	0
GSE254249	source_0031	CRC05_tissue	RNA	group	Cancer	1000	1000	1000	0	TRUE	TRUE	TRUE	confirmed	pending	eligible_QC_pass_human_review_pending	0
GSE254249	source_0032	CRC07_T_tissue	RNA	group	Cancer	879	879	879	0	TRUE	TRUE	TRUE	confirmed	pending	eligible_QC_pass_human_review_pending	0
GSE254249	source_0033	CRC07_tissue	RNA	group	Cancer	1289	1289	1289	0	TRUE	TRUE	TRUE	confirmed	pending	eligible_QC_pass_human_review_pending	0
GSE254249	source_0034	CRC08_T_tissue	RNA	group	Cancer	341	341	341	0	TRUE	TRUE	TRUE	confirmed	pending	eligible_QC_pass_human_review_pending	0
GSE254249	source_0035	CRC10_T_tissue	RNA	group	Cancer	762	762	762	0	TRUE	TRUE	TRUE	confirmed	pending	eligible_QC_pass_human_review_pending	0
GSE254249	source_0036	CRC10_tissue	RNA	group	Cancer	604	604	604	0	TRUE	TRUE	TRUE	confirmed	pending	eligible_QC_pass_human_review_pending	0
GSE254249	source_0037	CRC11_tissue	RNA	group	Cancer	403	403	403	0	TRUE	TRUE	TRUE	confirmed	pending	eligible_QC_pass_human_review_pending	0
GSE254249	source_0038	CRC12_T_tissue	RNA	group	Cancer	392	392	392	0	TRUE	TRUE	TRUE	confirmed	pending	eligible_QC_pass_human_review_pending	0
GSE254249	source_0039	CRC13_tissue	RNA	group	Cancer	514	514	514	0	TRUE	TRUE	TRUE	confirmed	pending	eligible_QC_pass_human_review_pending	0
GSE254249	source_0040	CRC14_tissue	RNA	group	Cancer	1643	1643	1643	0	TRUE	TRUE	TRUE	confirmed	pending	eligible_QC_pass_human_review_pending	0
GSE254249	source_0041	CRC15_T_tissue	RNA	group	Cancer	1433	1433	1433	0	TRUE	TRUE	TRUE	confirmed	pending	eligible_QC_pass_human_review_pending	0
GSE254249	source_0042	CRC15_tissue	RNA	group	Cancer	2863	2863	2863	0	TRUE	TRUE	TRUE	confirmed	pending	eligible_QC_pass_human_review_pending	0
GSE254249	source_0043	CRC16_tissue	RNA	group	Cancer	807	807	807	0	TRUE	TRUE	TRUE	confirmed	pending	eligible_QC_pass_human_review_pending	0
GSE254249	source_0044	CRC17_tissue	RNA	group	Cancer	2865	2865	2865	0	TRUE	TRUE	TRUE	confirmed	pending	eligible_QC_pass_human_review_pending	0
GSE254249	source_0045	CRC18_tissue	RNA	group	Cancer	920	920	920	0	TRUE	TRUE	TRUE	confirmed	pending	eligible_QC_pass_human_review_pending	0
GSE254249	source_0046	CRC19_tissue	RNA	group	Cancer	1394	1394	1394	0	TRUE	TRUE	TRUE	confirmed	pending	eligible_QC_pass_human_review_pending	0
GSE254249	source_0047	CRC20_tissue	RNA	group	Cancer	2592	2592	2592	0	TRUE	TRUE	TRUE	confirmed	pending	eligible_QC_pass_human_review_pending	0
GSE254249	source_0048	CRC22_tissue	RNA	group	Cancer	2650	2650	2650	0	TRUE	TRUE	TRUE	confirmed	pending	eligible_QC_pass_human_review_pending	0
GSE254249	source_0049	CRC23_M_tissue	RNA	group	Cancer	660	660	660	0	TRUE	TRUE	TRUE	confirmed	pending	eligible_QC_pass_human_review_pending	0
GSE254249	source_0050	CRC23_tissue	RNA	group	Cancer	506	506	506	0	TRUE	TRUE	TRUE	confirmed	pending	eligible_QC_pass_human_review_pending	0
GSE254249	source_0051	CRC24_T_tissue	RNA	group	Cancer	291	291	291	0	TRUE	TRUE	TRUE	confirmed	pending	eligible_QC_pass_human_review_pending	0
GSE254249	source_0052	CRC26_M_tissue	RNA	group	Cancer	307	307	307	0	TRUE	TRUE	TRUE	confirmed	pending	eligible_QC_pass_human_review_pending	0
GSE254249	source_0053	CRC26_tissue	RNA	group	Cancer	707	707	707	0	TRUE	TRUE	TRUE	confirmed	pending	eligible_QC_pass_human_review_pending	0
