dataset_id	sample_id	annotation_evidence	tissue_evidence	identity_evidence	scope_of_identity_check	source_record_status	cross_study_identity	eligibility_proposal	review_status	enabled
GSE236581	CRC02-N-II	c91_definition_unverified	source_metadata_Normal	source_metadata_no_collision_detected	selected_27_source_samples	unique_candidate	unresolved	not_approved	not_approved	0
GSE236581	CRC02-T-I	c91_definition_unverified	source_metadata_tumor_origin	source_metadata_no_collision_detected	selected_27_source_samples	unique_candidate	unresolved	pending	pending_final_review	0
GSE236581	CRC03-N-III	c91_definition_unverified	source_metadata_Normal	source_metadata_no_collision_detected	selected_27_source_samples	unique_candidate	unresolved	not_approved	not_approved	0
GSE236581	CRC03-T-I	c91_definition_unverified	source_metadata_tumor_origin	source_metadata_no_collision_detected	selected_27_source_samples	unique_candidate	unresolved	pending	pending_final_review	0
GSE236581	CRC03-T-II	c91_definition_unverified	source_metadata_tumor_origin	source_metadata_no_collision_detected	selected_27_source_samples	unique_candidate	unresolved	pending	pending_final_review	0
GSE236581	CRC03-T-III	c91_definition_unverified	source_metadata_tumor_origin	source_metadata_no_collision_detected	selected_27_source_samples	unique_candidate	unresolved	pending	pending_final_review	0
GSE236581	CRC04-T-I	c91_definition_unverified	source_metadata_tumor_origin	source_metadata_no_collision_detected	selected_27_source_samples	unique_candidate	unresolved	pending	pending_final_review	0
GSE236581	CRC05-N-II	c91_definition_unverified	source_metadata_Normal	source_metadata_no_collision_detected	selected_27_source_samples	unique_candidate	unresolved	not_approved	not_approved	0
GSE236581	CRC05-T-I	c91_definition_unverified	source_metadata_tumor_origin	source_metadata_no_collision_detected	selected_27_source_samples	unique_candidate	unresolved	pending	pending_final_review	0
GSE236581	CRC05-T-II	c91_definition_unverified	source_metadata_tumor_origin	source_metadata_no_collision_detected	selected_27_source_samples	unique_candidate	unresolved	pending	pending_final_review	0
GSE236581	CRC09-T-I	c91_definition_unverified	source_metadata_tumor_origin	source_metadata_no_collision_detected	selected_27_source_samples	unique_candidate	unresolved	pending	pending_final_review	0
GSE236581	CRC11-T-I	c91_definition_unverified	source_metadata_tumor_origin	source_metadata_no_collision_detected	selected_27_source_samples	unique_candidate	unresolved	pending	pending_final_review	0
GSE236581	CRC14-T-III	c91_definition_unverified	source_metadata_tumor_origin	source_metadata_no_collision_detected	selected_27_source_samples	unique_candidate	unresolved	pending	pending_final_review	0
GSE236581	CRC15-T-I	c91_definition_unverified	source_metadata_tumor_origin	source_metadata_no_collision_detected	selected_27_source_samples	unique_candidate	unresolved	pending	pending_final_review	0
GSE236581	CRC15-T-II	c91_definition_unverified	source_metadata_tumor_origin	source_metadata_no_collision_detected	selected_27_source_samples	unique_candidate	unresolved	pending	pending_final_review	0
GSE236581	CRC16-N-II	c91_definition_unverified	source_metadata_Normal	source_metadata_no_collision_detected	selected_27_source_samples	unique_candidate	unresolved	not_approved	not_approved	0
GSE236581	CRC17-T-I	c91_definition_unverified	source_metadata_tumor_origin	source_metadata_no_collision_detected	selected_27_source_samples	unique_candidate	unresolved	pending	pending_final_review	0
GSE236581	CRC18-T-I	c91_definition_unverified	source_metadata_tumor_origin	source_metadata_no_collision_detected	selected_27_source_samples	unique_candidate	unresolved	pending	pending_final_review	0
GSE236581	CRC18-T-II	c91_definition_unverified	source_metadata_tumor_origin	source_metadata_no_collision_detected	selected_27_source_samples	unique_candidate	unresolved	pending	pending_final_review	0
GSE236581	CRC19-T-I	c91_definition_unverified	source_metadata_tumor_origin	source_metadata_no_collision_detected	selected_27_source_samples	unique_candidate	unresolved	pending	pending_final_review	0
GSE236581	CRC19-T-III	c91_definition_unverified	source_metadata_tumor_origin	source_metadata_no_collision_detected	selected_27_source_samples	unique_candidate	unresolved	pending	pending_final_review	0
GSE236581	CRC20-T-I	c91_definition_unverified	source_metadata_tumor_origin	source_metadata_no_collision_detected	selected_27_source_samples	unique_candidate	unresolved	pending	pending_final_review	0
GSE236581	CRC21-T-I	c91_definition_unverified	source_metadata_tumor_origin	source_metadata_no_collision_detected	selected_27_source_samples	unique_candidate	unresolved	pending	pending_final_review	0
GSE236581	CRC22-T-I	c91_definition_unverified	source_metadata_tumor_origin	source_metadata_no_collision_detected	selected_27_source_samples	unique_candidate	unresolved	pending	pending_final_review	0
GSE236581	CRC23-T-I	c91_definition_unverified	source_metadata_tumor_origin	source_metadata_no_collision_detected	selected_27_source_samples	unique_candidate	unresolved	pending	pending_final_review	0
GSE236581	CRC24-T-I	c91_definition_unverified	source_metadata_tumor_origin	source_metadata_no_collision_detected	selected_27_source_samples	unique_candidate	unresolved	pending	pending_final_review	0
GSE236581	CRC26-T-I	c91_definition_unverified	source_metadata_tumor_origin	source_metadata_no_collision_detected	selected_27_source_samples	unique_candidate	unresolved	pending	pending_final_review	0
GSE254249	CRC02_tissue	author_group_Cancer_provisional_accepted	source_metadata_tumor_origin	source_metadata_no_collision_detected	all_92_source_samples	unique_candidate	unresolved	approved	approved	0
GSE254249	CRC03_tissue	author_group_Cancer_provisional_accepted	source_metadata_tumor_origin	source_metadata_no_collision_detected	all_92_source_samples	unique_candidate	unresolved	approved	approved	0
GSE254249	CRC04_tissue	author_group_Cancer_provisional_accepted	source_metadata_tumor_origin	source_metadata_no_collision_detected	all_92_source_samples	unique_candidate	unresolved	approved	approved	0
GSE254249	CRC05_tissue	author_group_Cancer_provisional_accepted	source_metadata_tumor_origin	source_metadata_no_collision_detected	all_92_source_samples	unique_candidate	unresolved	approved	approved	0
GSE254249	CRC07_T_tissue	author_group_Cancer_provisional_accepted	source_metadata_tumor_origin	source_metadata_no_collision_detected	all_92_source_samples	unique_candidate	unresolved	approved	approved	0
GSE254249	CRC07_tissue	author_group_Cancer_provisional_accepted	source_metadata_tumor_origin	source_metadata_no_collision_detected	all_92_source_samples	unique_candidate	unresolved	approved	approved	0
GSE254249	CRC08_T_tissue	author_group_Cancer_provisional_accepted	source_metadata_tumor_origin	source_metadata_no_collision_detected	all_92_source_samples	unique_candidate	unresolved	approved	approved	0
GSE254249	CRC10_T_tissue	author_group_Cancer_provisional_accepted	source_metadata_tumor_origin	source_metadata_no_collision_detected	all_92_source_samples	unique_candidate	unresolved	approved	approved	0
GSE254249	CRC10_tissue	author_group_Cancer_provisional_accepted	source_metadata_tumor_origin	source_metadata_no_collision_detected	all_92_source_samples	unique_candidate	unresolved	approved	approved	0
GSE254249	CRC11_tissue	author_group_Cancer_provisional_accepted	source_metadata_tumor_origin	source_metadata_no_collision_detected	all_92_source_samples	unique_candidate	unresolved	approved	approved	0
GSE254249	CRC12_T_tissue	author_group_Cancer_provisional_accepted	source_metadata_tumor_origin	source_metadata_no_collision_detected	all_92_source_samples	unique_candidate	unresolved	approved	approved	0
GSE254249	CRC13_tissue	author_group_Cancer_provisional_accepted	source_metadata_tumor_origin	source_metadata_no_collision_detected	all_92_source_samples	unique_candidate	unresolved	approved	approved	0
GSE254249	CRC14_tissue	author_group_Cancer_provisional_accepted	source_metadata_tumor_origin	source_metadata_no_collision_detected	all_92_source_samples	unique_candidate	unresolved	approved	approved	0
GSE254249	CRC15_T_tissue	author_group_Cancer_provisional_accepted	source_metadata_tumor_origin	source_metadata_no_collision_detected	all_92_source_samples	unique_candidate	unresolved	approved	approved	0
GSE254249	CRC15_tissue	author_group_Cancer_provisional_accepted	source_metadata_tumor_origin	source_metadata_no_collision_detected	all_92_source_samples	unique_candidate	unresolved	approved	approved	0
GSE254249	CRC16_tissue	author_group_Cancer_provisional_accepted	source_metadata_tumor_origin	source_metadata_no_collision_detected	all_92_source_samples	unique_candidate	unresolved	approved	approved	0
GSE254249	CRC17_tissue	author_group_Cancer_provisional_accepted	source_metadata_tumor_origin	source_metadata_no_collision_detected	all_92_source_samples	unique_candidate	unresolved	approved	approved	0
GSE254249	CRC18_tissue	author_group_Cancer_provisional_accepted	source_metadata_tumor_origin	source_metadata_no_collision_detected	all_92_source_samples	unique_candidate	unresolved	approved	approved	0
GSE254249	CRC19_tissue	author_group_Cancer_provisional_accepted	source_metadata_tumor_origin	source_metadata_no_collision_detected	all_92_source_samples	unique_candidate	unresolved	approved	approved	0
GSE254249	CRC20_tissue	author_group_Cancer_provisional_accepted	source_metadata_tumor_origin	source_metadata_no_collision_detected	all_92_source_samples	unique_candidate	unresolved	approved	approved	0
GSE254249	CRC22_tissue	author_group_Cancer_provisional_accepted	source_metadata_tumor_origin	source_metadata_no_collision_detected	all_92_source_samples	unique_candidate	unresolved	approved	approved	0
GSE254249	CRC23_M_tissue	author_group_Cancer_provisional_accepted	source_metadata_tumor_origin	source_metadata_no_collision_detected	all_92_source_samples	unique_candidate	unresolved	approved	approved	0
GSE254249	CRC23_tissue	author_group_Cancer_provisional_accepted	source_metadata_tumor_origin	source_metadata_no_collision_detected	all_92_source_samples	unique_candidate	unresolved	approved	approved	0
GSE254249	CRC24_T_tissue	author_group_Cancer_provisional_accepted	source_metadata_tumor_origin	source_metadata_no_collision_detected	all_92_source_samples	unique_candidate	unresolved	approved	approved	0
GSE254249	CRC26_M_tissue	author_group_Cancer_provisional_accepted	source_metadata_tumor_origin	source_metadata_no_collision_detected	all_92_source_samples	unique_candidate	unresolved	approved	approved	0
GSE254249	CRC26_tissue	author_group_Cancer_provisional_accepted	source_metadata_tumor_origin	source_metadata_no_collision_detected	all_92_source_samples	unique_candidate	unresolved	approved	approved	0
