mp_id	n_GEP	n_samples	n_patients	n_datasets	mean_jaccard	mean_rank_overlap	sample_support_fraction	cross_dataset_recurrent
M01	23	23	18	1	0.49407019928660584	47.04347826086956	0.8846153846153846	False
M02	5	5	5	1	0.3920737958847129	46.2	0.19230769230769232	False
M03	3	3	3	1	0.2049812692407552	46.0	0.11538461538461539	False
M04	9	9	9	1	0.2992930733079018	44.55555555555556	0.34615384615384615	False
M05	7	7	7	1	0.31034837680734945	45.57142857142857	0.2692307692307692	False
M06	17	17	16	1	0.35970237954479317	45.8235294117647	0.6538461538461539	False
M07	9	9	8	1	0.335788298907123	46.77777777777778	0.34615384615384615	False
M08	19	19	16	1	0.2351439585437514	44.68421052631579	0.7307692307692307	False
M09	9	9	9	1	0.3596257293069589	46.888888888888886	0.34615384615384615	False
M10	6	6	6	1	0.2767192105241116	45.166666666666664	0.23076923076923078	False
M11	6	6	6	1	0.28542352583544567	45.666666666666664	0.23076923076923078	False
M12	2	2	2	1	0.13636363636363635	41.5	0.07692307692307693	False
M13	4	4	4	1	0.2260331212804472	46.5	0.15384615384615385	False
M14	9	9	9	1	0.26842865368092306	46.22222222222222	0.34615384615384615	False
M15	4	4	4	1	0.2544085608421498	43.25	0.15384615384615385	False
M16	6	6	6	1	0.30551007530767327	45.5	0.23076923076923078	False
M17	2	2	2	1	0.25	48.5	0.07692307692307693	False
M18	2	2	2	1	0.35135135135135137	46.0	0.07692307692307693	False
M19	2	2	2	1	0.17647058823529413	43.5	0.07692307692307693	False
M20	3	3	3	1	0.372053872053872	48.0	0.11538461538461539	False
M21	4	4	4	1	0.22137213608936665	46.0	0.15384615384615385	False
M22	2	2	2	1	0.16279069767441862	47.5	0.07692307692307693	False
M23	2	2	2	1	0.17647058823529413	45.0	0.07692307692307693	False
