scope,study,patients,cells,Epithelial_cells,Epithelial_pct,patients_Epithelial_ge30,Immune_cells,Immune_pct,patients_Immune_ge30,Stromal_cells,Stromal_pct,patients_Stromal_ge30,patients_all3_ge30,pass
all_samples,Bian_2018_Science,8.0,1131.0,1125.0,99.47,8.0,4.0,0.35,0.0,2.0,0.18,0.0,0.0,False
all_samples,Borras_2023_Cell_Discov,27.0,42294.0,54.0,0.13,0.0,42239.0,99.87,27.0,1.0,0.0,0.0,0.0,False
all_samples,Che_2021_Cell_Discov,6.0,125025.0,11538.0,9.23,6.0,111711.0,89.35,6.0,1756.0,1.4,6.0,6.0,True
all_samples,Chen_2021_Cell,106.0,177279.0,163536.0,92.25,105.0,12623.0,7.12,69.0,1112.0,0.63,9.0,9.0,True
all_samples,Chen_2024_Cancer_Cell,20.0,892915.0,124377.0,13.93,20.0,728918.0,81.63,20.0,37032.0,4.15,20.0,20.0,True
all_samples,Giguelay_2022_Theranostics,5.0,8147.0,3465.0,42.53,5.0,96.0,1.18,1.0,4586.0,56.29,5.0,1.0,False
all_samples,Guo_2022_JCI_Insight,6.0,25407.0,3241.0,12.76,6.0,20121.0,79.19,6.0,2035.0,8.01,6.0,6.0,True
all_samples,HTAPP_HTAN,20.0,48641.0,19823.0,40.75,20.0,26858.0,55.22,20.0,1953.0,4.02,19.0,19.0,True
all_samples,Harmon_2023_Nat_Cancer,3.0,9688.0,104.0,1.07,1.0,9584.0,98.93,3.0,0.0,0.0,0.0,0.0,False
all_samples,Huang_2024_Nat_Cancer,3.0,62288.0,122.0,0.2,2.0,62162.0,99.8,3.0,4.0,0.01,0.0,0.0,False
all_samples,Ji_2024_Cancer_Lett,2.0,31224.0,15122.0,48.43,2.0,14957.0,47.9,2.0,1142.0,3.66,2.0,2.0,False
all_samples,Ji_2024_PLoS_Genet,3.0,14590.0,5797.0,39.73,3.0,8326.0,57.07,3.0,457.0,3.13,2.0,2.0,False
all_samples,Joanito_2022_Nat_Genet,31.0,287763.0,28055.0,9.75,31.0,208709.0,72.53,31.0,47232.0,16.41,31.0,31.0,True
all_samples,Khaliq_2022_Genome_Biol,16.0,49852.0,9990.0,20.04,15.0,38553.0,77.33,16.0,1265.0,2.54,9.0,9.0,True
all_samples,Lee_2020_Nat_Genet,34.0,134205.0,35750.0,26.64,34.0,79554.0,59.28,34.0,17667.0,13.16,29.0,29.0,True
all_samples,Li_2017_Nat_Genet,11.0,156.0,65.0,41.67,0.0,76.0,48.72,0.0,14.0,8.97,0.0,0.0,False
all_samples,Li_2023_Cancer_Cell,19.0,128989.0,42809.0,33.19,19.0,64402.0,49.93,19.0,21600.0,16.75,19.0,19.0,True
all_samples,Liu_2024_Cancer_Res,16.0,176531.0,54017.0,30.6,16.0,112153.0,63.53,16.0,10303.0,5.84,15.0,15.0,True
all_samples,MUI_Innsbruck,12.0,106162.0,27140.0,25.56,12.0,72427.0,68.22,12.0,3885.0,3.66,12.0,12.0,True
all_samples,Pelka_2021_Cell,62.0,340686.0,145716.0,42.77,62.0,179896.0,52.8,62.0,14769.0,4.34,57.0,57.0,True
all_samples,Qi_2022_Nat_Commun,5.0,53564.0,8796.0,16.42,5.0,34679.0,64.74,5.0,9603.0,17.93,5.0,5.0,True
all_samples,Qian_2020_Cell_Res,7.0,44679.0,12060.0,26.99,7.0,20991.0,46.98,7.0,10721.0,24.0,7.0,7.0,True
all_samples,Qin_2023_Cell_Rep_Med,29.0,360334.0,96299.0,26.72,29.0,182918.0,50.76,29.0,77011.0,21.37,29.0,29.0,True
all_samples,Sathe_2023_Clin_Cancer_Res,5.0,13438.0,6740.0,50.16,3.0,6411.0,47.71,4.0,285.0,2.12,2.0,2.0,False
all_samples,Terekhanova_2023_Nature,6.0,55826.0,25693.0,46.02,6.0,21098.0,37.79,6.0,7611.0,13.63,6.0,6.0,True
all_samples,Tian_2023_Nat_Med,27.0,80455.0,80402.0,99.93,25.0,37.0,0.05,0.0,16.0,0.02,0.0,0.0,False
all_samples,Uhlitz_2021_EMBO_Mol_Med,12.0,68702.0,31155.0,45.35,12.0,34531.0,50.26,12.0,2881.0,4.19,11.0,11.0,True
all_samples,Wang_2020_J_Exp_Med,4.0,8435.0,8332.0,98.78,4.0,101.0,1.2,1.0,2.0,0.02,0.0,0.0,False
all_samples,Wang_2021_Adv_Sci,8.0,735.0,400.0,54.42,4.0,307.0,41.77,4.0,24.0,3.27,0.0,0.0,False
all_samples,Wang_2023_Sci_Adv,7.0,192793.0,23692.0,12.29,5.0,150956.0,78.3,7.0,18017.0,9.35,5.0,5.0,True
all_samples,Wu_2022_Cancer_Discov,20.0,135676.0,152.0,0.11,1.0,135520.0,99.89,20.0,3.0,0.0,0.0,0.0,False
all_samples,Wu_2024_Cell,8.0,12272.0,119.0,0.97,1.0,12150.0,99.01,6.0,3.0,0.02,0.0,0.0,False
all_samples,Yang_2023_Front_Oncol,1.0,5965.0,1905.0,31.94,1.0,3637.0,60.97,1.0,422.0,7.07,1.0,1.0,False
all_samples,Zhang_2018_Nature,12.0,11138.0,13.0,0.12,0.0,11120.0,99.84,12.0,3.0,0.03,0.0,0.0,False
all_samples,Zhang_2020_Cell,18.0,53905.0,685.0,1.27,7.0,52989.0,98.3,18.0,220.0,0.41,2.0,1.0,False
all_samples,Zheng_2022_Signal_Transduct_Target_Ther,4.0,46629.0,18194.0,39.02,4.0,27808.0,59.64,4.0,620.0,1.33,2.0,2.0,False
all_samples,deVries_2023_Nature,5.0,4655.0,2.0,0.04,0.0,4653.0,99.96,5.0,0.0,0.0,0.0,0.0,False
primary_tumor,Bian_2018_Science,8.0,596.0,593.0,99.5,6.0,2.0,0.34,0.0,1.0,0.17,0.0,0.0,False
primary_tumor,Borras_2023_Cell_Discov,27.0,39184.0,54.0,0.14,0.0,39129.0,99.86,27.0,1.0,0.0,0.0,0.0,False
primary_tumor,Che_2021_Cell_Discov,6.0,48472.0,7575.0,15.63,6.0,39662.0,81.82,6.0,1225.0,2.53,6.0,6.0,True
primary_tumor,Chen_2021_Cell,7.0,8113.0,6234.0,76.84,7.0,1331.0,16.41,5.0,546.0,6.73,4.0,4.0,False
primary_tumor,Chen_2024_Cancer_Cell,20.0,248636.0,58564.0,23.55,20.0,173763.0,69.89,20.0,15772.0,6.34,20.0,20.0,True
primary_tumor,Giguelay_2022_Theranostics,0.0,,,,,,,,,,,0.0,False
primary_tumor,Guo_2022_JCI_Insight,6.0,25407.0,3241.0,12.76,6.0,20121.0,79.19,6.0,2035.0,8.01,6.0,6.0,True
primary_tumor,HTAPP_HTAN,20.0,48641.0,19823.0,40.75,20.0,26858.0,55.22,20.0,1953.0,4.02,19.0,19.0,True
primary_tumor,Harmon_2023_Nat_Cancer,3.0,8528.0,103.0,1.21,1.0,8425.0,98.79,3.0,0.0,0.0,0.0,0.0,False
primary_tumor,Huang_2024_Nat_Cancer,3.0,17105.0,102.0,0.6,1.0,17000.0,99.39,3.0,3.0,0.02,0.0,0.0,False
primary_tumor,Ji_2024_Cancer_Lett,2.0,12779.0,7121.0,55.72,2.0,4863.0,38.05,2.0,795.0,6.22,2.0,2.0,False
primary_tumor,Ji_2024_PLoS_Genet,3.0,14590.0,5797.0,39.73,3.0,8326.0,57.07,3.0,457.0,3.13,2.0,2.0,False
primary_tumor,Joanito_2022_Nat_Genet,31.0,192595.0,24866.0,12.91,31.0,132767.0,68.94,31.0,33585.0,17.44,30.0,30.0,True
primary_tumor,Khaliq_2022_Genome_Biol,16.0,31581.0,7208.0,22.82,15.0,23331.0,73.88,16.0,1030.0,3.26,7.0,7.0,True
primary_tumor,Lee_2020_Nat_Genet,34.0,91214.0,29833.0,32.71,33.0,52309.0,57.35,34.0,8885.0,9.74,28.0,28.0,True
primary_tumor,Li_2017_Nat_Genet,11.0,109.0,54.0,49.54,0.0,47.0,43.12,0.0,8.0,7.34,0.0,0.0,False
primary_tumor,Li_2023_Cancer_Cell,19.0,106162.0,36780.0,34.65,19.0,52527.0,49.48,19.0,16773.0,15.8,19.0,19.0,True
primary_tumor,Liu_2024_Cancer_Res,15.0,75712.0,14933.0,19.72,14.0,54140.0,71.51,15.0,6589.0,8.7,13.0,12.0,True
primary_tumor,MUI_Innsbruck,12.0,48047.0,16062.0,33.43,12.0,30083.0,62.61,12.0,1883.0,3.92,12.0,12.0,True
primary_tumor,Pelka_2021_Cell,62.0,240630.0,101322.0,42.11,62.0,129916.0,53.99,62.0,9295.0,3.86,50.0,50.0,True
primary_tumor,Qi_2022_Nat_Commun,5.0,24225.0,6577.0,27.15,5.0,13992.0,57.76,5.0,3525.0,14.55,5.0,5.0,True
primary_tumor,Qian_2020_Cell_Res,7.0,30621.0,9760.0,31.87,7.0,14582.0,47.62,7.0,6129.0,20.02,7.0,7.0,True
primary_tumor,Qin_2023_Cell_Rep_Med,29.0,330982.0,78784.0,23.8,29.0,174679.0,52.78,29.0,73614.0,22.24,29.0,29.0,True
primary_tumor,Sathe_2023_Clin_Cancer_Res,0.0,,,,,,,,,,,0.0,False
primary_tumor,Terekhanova_2023_Nature,3.0,19288.0,9265.0,48.04,3.0,7052.0,36.56,3.0,2968.0,15.39,3.0,3.0,False
primary_tumor,Tian_2023_Nat_Med,0.0,,,,,,,,,,,0.0,False
primary_tumor,Uhlitz_2021_EMBO_Mol_Med,12.0,38233.0,13274.0,34.72,12.0,22763.0,59.54,12.0,2114.0,5.53,10.0,10.0,True
primary_tumor,Wang_2020_J_Exp_Med,0.0,,,,,,,,,,,0.0,False
primary_tumor,Wang_2021_Adv_Sci,8.0,735.0,400.0,54.42,4.0,307.0,41.77,4.0,24.0,3.27,0.0,0.0,False
primary_tumor,Wang_2023_Sci_Adv,6.0,55253.0,9757.0,17.66,5.0,39925.0,72.26,6.0,5558.0,10.06,5.0,5.0,True
primary_tumor,Wu_2022_Cancer_Discov,18.0,29724.0,65.0,0.22,1.0,29659.0,99.78,18.0,0.0,0.0,0.0,0.0,False
primary_tumor,Wu_2024_Cell,8.0,9841.0,117.0,1.19,1.0,9722.0,98.79,6.0,2.0,0.02,0.0,0.0,False
primary_tumor,Yang_2023_Front_Oncol,1.0,5965.0,1905.0,31.94,1.0,3637.0,60.97,1.0,422.0,7.07,1.0,1.0,False
primary_tumor,Zhang_2018_Nature,12.0,5149.0,8.0,0.16,0.0,5139.0,99.81,12.0,2.0,0.04,0.0,0.0,False
primary_tumor,Zhang_2020_Cell,18.0,15564.0,572.0,3.68,6.0,14780.0,94.96,18.0,206.0,1.32,2.0,1.0,False
primary_tumor,Zheng_2022_Signal_Transduct_Target_Ther,4.0,17983.0,9176.0,51.03,4.0,8651.0,48.11,4.0,153.0,0.85,1.0,1.0,False
primary_tumor,deVries_2023_Nature,5.0,4655.0,2.0,0.04,0.0,4653.0,99.96,5.0,0.0,0.0,0.0,0.0,False
primary_tumor_naive,Bian_2018_Science,8.0,596.0,593.0,99.5,6.0,2.0,0.34,0.0,1.0,0.17,0.0,0.0,False
primary_tumor_naive,Borras_2023_Cell_Discov,2.0,5959.0,2.0,0.03,0.0,5957.0,99.97,2.0,0.0,0.0,0.0,0.0,False
primary_tumor_naive,Che_2021_Cell_Discov,3.0,30131.0,6535.0,21.69,3.0,23016.0,76.39,3.0,571.0,1.9,3.0,3.0,False
primary_tumor_naive,Chen_2021_Cell,7.0,8113.0,6234.0,76.84,7.0,1331.0,16.41,5.0,546.0,6.73,4.0,4.0,False
primary_tumor_naive,Chen_2024_Cancer_Cell,20.0,90256.0,28143.0,31.18,20.0,58526.0,64.84,20.0,3505.0,3.88,19.0,19.0,True
primary_tumor_naive,Giguelay_2022_Theranostics,0.0,,,,,,,,,,,0.0,False
primary_tumor_naive,Guo_2022_JCI_Insight,6.0,25407.0,3241.0,12.76,6.0,20121.0,79.19,6.0,2035.0,8.01,6.0,6.0,True
primary_tumor_naive,HTAPP_HTAN,0.0,,,,,,,,,,,0.0,False
primary_tumor_naive,Harmon_2023_Nat_Cancer,0.0,,,,,,,,,,,0.0,False
primary_tumor_naive,Huang_2024_Nat_Cancer,3.0,17105.0,102.0,0.6,1.0,17000.0,99.39,3.0,3.0,0.02,0.0,0.0,False
primary_tumor_naive,Ji_2024_Cancer_Lett,0.0,,,,,,,,,,,0.0,False
primary_tumor_naive,Ji_2024_PLoS_Genet,3.0,14590.0,5797.0,39.73,3.0,8326.0,57.07,3.0,457.0,3.13,2.0,2.0,False
primary_tumor_naive,Joanito_2022_Nat_Genet,31.0,192595.0,24866.0,12.91,31.0,132767.0,68.94,31.0,33585.0,17.44,30.0,30.0,True
primary_tumor_naive,Khaliq_2022_Genome_Biol,16.0,31581.0,7208.0,22.82,15.0,23331.0,73.88,16.0,1030.0,3.26,7.0,7.0,True
primary_tumor_naive,Lee_2020_Nat_Genet,34.0,91214.0,29833.0,32.71,33.0,52309.0,57.35,34.0,8885.0,9.74,28.0,28.0,True
primary_tumor_naive,Li_2017_Nat_Genet,10.0,96.0,47.0,48.96,0.0,46.0,47.92,0.0,3.0,3.12,0.0,0.0,False
primary_tumor_naive,Li_2023_Cancer_Cell,10.0,42703.0,19069.0,44.65,10.0,19813.0,46.4,10.0,3797.0,8.89,9.0,9.0,True
primary_tumor_naive,Liu_2024_Cancer_Res,15.0,75712.0,14933.0,19.72,14.0,54140.0,71.51,15.0,6589.0,8.7,13.0,12.0,True
primary_tumor_naive,MUI_Innsbruck,12.0,48047.0,16062.0,33.43,12.0,30083.0,62.61,12.0,1883.0,3.92,12.0,12.0,True
primary_tumor_naive,Pelka_2021_Cell,62.0,240630.0,101322.0,42.11,62.0,129916.0,53.99,62.0,9295.0,3.86,50.0,50.0,True
primary_tumor_naive,Qi_2022_Nat_Commun,5.0,24225.0,6577.0,27.15,5.0,13992.0,57.76,5.0,3525.0,14.55,5.0,5.0,True
primary_tumor_naive,Qian_2020_Cell_Res,7.0,30621.0,9760.0,31.87,7.0,14582.0,47.62,7.0,6129.0,20.02,7.0,7.0,True
primary_tumor_naive,Qin_2023_Cell_Rep_Med,27.0,150699.0,36695.0,24.35,27.0,99748.0,66.19,27.0,14151.0,9.39,27.0,27.0,True
primary_tumor_naive,Sathe_2023_Clin_Cancer_Res,0.0,,,,,,,,,,,0.0,False
primary_tumor_naive,Terekhanova_2023_Nature,1.0,2743.0,1449.0,52.83,1.0,1155.0,42.11,1.0,137.0,4.99,1.0,1.0,False
primary_tumor_naive,Tian_2023_Nat_Med,0.0,,,,,,,,,,,0.0,False
primary_tumor_naive,Uhlitz_2021_EMBO_Mol_Med,12.0,38233.0,13274.0,34.72,12.0,22763.0,59.54,12.0,2114.0,5.53,10.0,10.0,True
primary_tumor_naive,Wang_2020_J_Exp_Med,0.0,,,,,,,,,,,0.0,False
primary_tumor_naive,Wang_2021_Adv_Sci,8.0,735.0,400.0,54.42,4.0,307.0,41.77,4.0,24.0,3.27,0.0,0.0,False
primary_tumor_naive,Wang_2023_Sci_Adv,0.0,,,,,,,,,,,0.0,False
primary_tumor_naive,Wu_2022_Cancer_Discov,11.0,17466.0,1.0,0.01,0.0,17465.0,99.99,11.0,0.0,0.0,0.0,0.0,False
primary_tumor_naive,Wu_2024_Cell,8.0,9841.0,117.0,1.19,1.0,9722.0,98.79,6.0,2.0,0.02,0.0,0.0,False
primary_tumor_naive,Yang_2023_Front_Oncol,1.0,3704.0,1276.0,34.45,1.0,2090.0,56.43,1.0,337.0,9.1,1.0,1.0,False
primary_tumor_naive,Zhang_2018_Nature,12.0,5149.0,8.0,0.16,0.0,5139.0,99.81,12.0,2.0,0.04,0.0,0.0,False
primary_tumor_naive,Zhang_2020_Cell,18.0,15564.0,572.0,3.68,6.0,14780.0,94.96,18.0,206.0,1.32,2.0,1.0,False
primary_tumor_naive,Zheng_2022_Signal_Transduct_Target_Ther,4.0,17983.0,9176.0,51.03,4.0,8651.0,48.11,4.0,153.0,0.85,1.0,1.0,False
primary_tumor_naive,deVries_2023_Nature,5.0,4655.0,2.0,0.04,0.0,4653.0,99.96,5.0,0.0,0.0,0.0,0.0,False
