condition,broad,cells,raw_max_abs_diff,final_median_abs_diff,final_max_abs_diff,final_median_shift,potency_agreement,target_sample,background_sizes
plus_epithelial,Stromal,150,0,0.0342175726947058,0.179130879323628,0.0600797376486032,0.853333333333333,Lee_2020_KUL3.KUL21_T,3000/3000/3000
plus_immune,Stromal,150,0,0.0197304745995731,0.23368128066588,0.0316709297200651,0.88,Lee_2020_KUL3.KUL21_T,3000/3000/3000
plus_stromal,Stromal,150,0,0.0393991424157407,0.254881463659111,0.0328905799173279,0.773333333333333,Lee_2020_KUL3.KUL21_T,3000/3000/3000
plus_all,Stromal,150,0,0.0268825780659734,0.259176984852454,0.0285715514058594,0.793333333333333,Lee_2020_KUL3.KUL21_T,3000/3000/3000
plus_epithelial,Immune,150,0,0.0219450193571893,0.0652925337268051,0.0134881629598083,1,Lee_2020_KUL3.KUL21_T,3000/3000/3000
plus_immune,Immune,150,0,0.0275390239685437,0.0998433518206368,0.0336843425535824,0.993333333333333,Lee_2020_KUL3.KUL21_T,3000/3000/3000
plus_stromal,Immune,150,0,0.0371952482041525,0.101139423585261,0.0356710935560276,0.993333333333333,Lee_2020_KUL3.KUL21_T,3000/3000/3000
plus_all,Immune,150,0,0.00882769111844781,0.0716428134081198,0.00730125328585344,1,Lee_2020_KUL3.KUL21_T,3000/3000/3000
plus_epithelial,Epithelial,150,0,0.0523350105656875,0.0811325359867458,-0.0541313476277293,1,Lee_2020_KUL3.KUL21_T,3000/3000/3000
plus_immune,Epithelial,150,0,0.0322346505338225,0.0518541605174992,0.031817857309334,0.993333333333333,Lee_2020_KUL3.KUL21_T,3000/3000/3000
plus_stromal,Epithelial,150,0,0.0149377279404649,0.0648346780165091,-0.017959836674787,1,Lee_2020_KUL3.KUL21_T,3000/3000/3000
plus_all,Epithelial,150,0,0.0169485139282942,0.0674165204674972,-0.0153422704680636,1,Lee_2020_KUL3.KUL21_T,3000/3000/3000
