study,sample_id,whole_score_compartment_range,split_score_compartment_range,intrinsic_score_compartment_range
Joanito_2022_Nat_Genet,Joanito_2022_KUL5.EXT048,0.15698753913818803,0.03913596318699879,0.17770035388589014
Joanito_2022_Nat_Genet,Joanito_2022_KUL5.EXT049,0.18077888335425119,0.041773725145480195,0.1870318594232587
Joanito_2022_Nat_Genet,Joanito_2022_KUL5.EXT094,0.22169545897621196,0.16371924333133525,0.25532124297911307
Joanito_2022_Nat_Genet,Joanito_2022_KUL5.EXT095,0.24351783084145742,0.20691421405397387,0.26543247688636323
Joanito_2022_Nat_Genet,Joanito_2022_KUL5.EXT097,0.33627945827745565,0.4280635980481808,0.3348461473569685
Joanito_2022_Nat_Genet,Joanito_2022_KUL5.EXT098,0.21774642124628427,0.03973455381948075,0.15061890608976913
Joanito_2022_Nat_Genet,Joanito_2022_KUL5.EXT121,0.4962262774290525,0.45269018117494386,0.4385845773382087
Joanito_2022_Nat_Genet,Joanito_2022_KUL5.EXT122,0.3803059446625631,0.32805978733379854,0.35413414627482714
Joanito_2022_Nat_Genet,Joanito_2022_KUL5.EXT125,0.5466100292545786,0.4760588606175064,0.4498911603037806
Joanito_2022_Nat_Genet,Joanito_2022_KUL5.EXT127,0.1317957025476387,0.0748697280313689,0.23514262748805176
Joanito_2022_Nat_Genet,Joanito_2022_KUL5.EXT128,0.229571211940776,0.055079821915886784,0.2384734973337974
Joanito_2022_Nat_Genet,Joanito_2022_SG1.MUX8563,0.5108672011044066,0.48134284186446513,0.5105070511316726
Joanito_2022_Nat_Genet,Joanito_2022_SG1.MUX8564,0.49957967842121676,0.47938780505983114,0.4998571896608774
Joanito_2022_Nat_Genet,Joanito_2022_SG1.MUX8565,0.4741444145189606,0.46298886828941144,0.47511994924835116
Joanito_2022_Nat_Genet,Joanito_2022_SG1.MUX8566,0.34334064198381226,0.3072721344028857,0.3707570898942647
Joanito_2022_Nat_Genet,Joanito_2022_SG1.MUX8568,0.47810905235827716,0.4638187867005392,0.4653861934990785
Joanito_2022_Nat_Genet,Joanito_2022_SG1.MUX8569,0.4876382580873681,0.4777953608298942,0.45461689332988076
Joanito_2022_Nat_Genet,Joanito_2022_SG1.MUX8570,0.4876160800613289,0.4685400537488271,0.4787969566413834
Joanito_2022_Nat_Genet,Joanito_2022_SG1.MUX8571,0.27142162266253034,0.20968331802716134,0.2853433955174093
Joanito_2022_Nat_Genet,Joanito_2022_SG1.MUX8579,0.5042502290341091,0.47408662771869964,0.5079569468858806
Joanito_2022_Nat_Genet,Joanito_2022_SG1.MUX8580,0.4942702801950633,0.44873770633934695,0.4755041914181548
Joanito_2022_Nat_Genet,Joanito_2022_SG1.MUX8581,0.4324245666802671,0.36335168689023584,0.44972345342855297
Joanito_2022_Nat_Genet,Joanito_2022_SG1.MUX8582,0.3719696385236181,0.3500446168472909,0.4115396688260681
Joanito_2022_Nat_Genet,Joanito_2022_SG1.MUX8631,0.4901605138848089,0.4561402680063396,0.42195162639246153
Joanito_2022_Nat_Genet,Joanito_2022_SG1.MUX8633,0.5017873885488322,0.46518395960787234,0.4630292698239186
Joanito_2022_Nat_Genet,Joanito_2022_SG1.MUX8639,0.5060831680473362,0.46539252603668607,0.4692340867677823
Joanito_2022_Nat_Genet,Joanito_2022_SG1.MUX8641,0.5037590749427471,0.46212724220290474,0.45255027958170313
Joanito_2022_Nat_Genet,Joanito_2022_SG1.MUX8644,0.33729579428939055,0.2893826638234789,0.29442826883121065
Joanito_2022_Nat_Genet,Joanito_2022_SG1.MUX8645,0.28692593010146183,0.25861509120530113,0.29179491234435045
Joanito_2022_Nat_Genet,Joanito_2022_SG1.MUX8647,0.1842407054851942,0.1160604237352354,0.1450009899594381
Joanito_2022_Nat_Genet,Joanito_2022_SG1.MUX8648,0.19370552552357953,0.17492455054814768,0.25538381719656683
Joanito_2022_Nat_Genet,Joanito_2022_SG1.MUX8722,0.41043956002185644,0.38059183738148306,0.38824593732265417
Joanito_2022_Nat_Genet,Joanito_2022_SG1.MUX8723,0.54544194181804,0.5010372852375969,0.5423767849106425
Joanito_2022_Nat_Genet,Joanito_2022_SG1.MUX8724,0.1230035270202661,0.04412723354350989,0.1641924957457869
Joanito_2022_Nat_Genet,Joanito_2022_SG1.MUX8725,0.4830193239750915,0.43486267798039285,0.44205002976637114
Joanito_2022_Nat_Genet,Joanito_2022_SG1.MUX8727,0.4711764218464497,0.4640085380942301,0.4022431038903833
Joanito_2022_Nat_Genet,Joanito_2022_SG1.MUX8728,0.3047302330845263,0.3242560398810963,0.2982372805452606
Joanito_2022_Nat_Genet,Joanito_2022_SG1.MUX8729,0.4586542928060917,0.4306101282422963,0.42799259481358054
Joanito_2022_Nat_Genet,Joanito_2022_SG1.MUX8730,0.36699875942892707,0.356202411938008,0.3596535879810463
Joanito_2022_Nat_Genet,Joanito_2022_SG1.MUX9005,0.43877720921415164,0.46678693905774366,0.45016343602874864
Joanito_2022_Nat_Genet,Joanito_2022_SG1.MUX9006,0.12400407376989049,0.0585623378259582,0.1841574812242681
Joanito_2022_Nat_Genet,Joanito_2022_SG1.MUX9007,0.155347876518304,0.10607591675171722,0.20551403396905996
Joanito_2022_Nat_Genet,Joanito_2022_SG1.MUX9008,0.48259059533845144,0.4631498606435681,0.4677664327021552
Joanito_2022_Nat_Genet,Joanito_2022_SG1.MUX9009,0.4467622111651004,0.48698725840806434,0.42561994703669487
Joanito_2022_Nat_Genet,Joanito_2022_SG1.MUX9010,0.4772901230228592,0.4731638450282486,0.4742809633615253
Joanito_2022_Nat_Genet,Joanito_2022_SG1.MUX9011,0.3588914541631335,0.3394221678041305,0.328245997355554
Joanito_2022_Nat_Genet,Joanito_2022_SG1.MUX9064,0.1582887659614587,0.0744161581739135,0.1495030094878132
Joanito_2022_Nat_Genet,Joanito_2022_SG1.MUX9065,0.25033359332195354,0.20280855954869667,0.24609836252018025
Joanito_2022_Nat_Genet,Joanito_2022_SG1.MUX9066,0.19803392699256367,0.128766299650022,0.2150528041347497
Joanito_2022_Nat_Genet,Joanito_2022_SG1.MUX9068,0.4161327978719538,0.3807050736920592,0.43154579014410804
Joanito_2022_Nat_Genet,Joanito_2022_SG1.MUX9069,0.4959313831707312,0.45472904533376274,0.4344906081668953
Joanito_2022_Nat_Genet,Joanito_2022_SG1.MUX9070,0.36373948934969097,0.3181457211912874,0.39227896292459513
Joanito_2022_Nat_Genet,Joanito_2022_SG1.MUX9071,0.39167187762429007,0.3292871994197585,0.4402237172154268
Joanito_2022_Nat_Genet,Joanito_2022_SG1.MUX9380,0.29656862186274513,0.05268212546525135,0.30633382268736686
Joanito_2022_Nat_Genet,Joanito_2022_SG1.MUX9384,0.5345749372238118,0.4877046174073205,0.511723374888424
Joanito_2022_Nat_Genet,Joanito_2022_SG1.MUX9385,0.48110984182509586,0.45996710268722063,0.48298944174238717
Joanito_2022_Nat_Genet,Joanito_2022_SG1.MUX9386,0.43656064117621207,0.41135338609303757,0.4311045885879565
Joanito_2022_Nat_Genet,Joanito_2022_SG1.MUX9387,0.5085110730019041,0.4835028363198287,0.5118761123884457
Joanito_2022_Nat_Genet,Joanito_2022_SG1.XHC078,0.49589705804261297,0.4842228892421805,0.4753235045911498
Joanito_2022_Nat_Genet,Joanito_2022_SG1.XHC079,0.5143490095015395,0.5002935756366127,0.5075436761626515
Joanito_2022_Nat_Genet,Joanito_2022_SG1.XHC080,0.48954782103106737,0.46812613734390607,0.4693251705823315
Joanito_2022_Nat_Genet,Joanito_2022_SG1.XHC081,0.4912283674855838,0.48266158977038276,0.45623410411932863
Joanito_2022_Nat_Genet,Joanito_2022_SG1.XHC084,0.15186303443352117,0.05959300879700455,0.19943966125720106
Joanito_2022_Nat_Genet,Joanito_2022_SG1.XHC085,0.29966675002287835,0.25256595040683033,0.27289113599178355
Joanito_2022_Nat_Genet,Joanito_2022_SG1.XHC087,0.5345871281849391,0.4911599219501973,0.5357964656912966
Joanito_2022_Nat_Genet,Joanito_2022_SG1.XHC088,0.5135139879172024,0.5014651665060648,0.5123321370872979
Joanito_2022_Nat_Genet,Joanito_2022_SG1.XHC089,0.5201600836513495,0.48934805216337685,0.5197442333526768
Joanito_2022_Nat_Genet,Joanito_2022_SG1.XHC090,0.5152750262935266,0.4922989359576913,0.5405543122202585
Joanito_2022_Nat_Genet,Joanito_2022_SG2.CRC_JSC_S02_GIS_N_US,0.2643466529531446,0.06097560243902471,0.19614319631031168
Joanito_2022_Nat_Genet,Joanito_2022_SG2.CRC_JSC_S02_GIS_T_US_1,0.5646882487927617,0.4963213255059576,0.5632774496702231
Joanito_2022_Nat_Genet,Joanito_2022_SG2.CRC_JSC_S02_GIS_T_US_2,0.5408167601978373,0.47526798466705916,0.5190905882001322
Joanito_2022_Nat_Genet,Joanito_2022_SG2.CRC_JSC_S03_GIS_N_US_1,0.465436817399671,0.48105193100237204,0.4718812828366252
Joanito_2022_Nat_Genet,Joanito_2022_SG2.CRC_JSC_S03_GIS_N_US_2,0.4668751425661707,0.4763388837188652,0.45634584593778116
Joanito_2022_Nat_Genet,Joanito_2022_SG2.CRC_JSC_S03_GIS_T_US_1,0.23142688996436067,0.06444038739199612,0.2301759908596791
Joanito_2022_Nat_Genet,Joanito_2022_SG2.CRC_JSC_S03_GIS_T_US_2,0.21105048654474157,0.06306921903133246,0.24339630774455154
Joanito_2022_Nat_Genet,Joanito_2022_SG2.CRC_JSC_S04_GIS_T_US_1,0.11147741618302806,0.0474870337069052,0.19272473515055294
Joanito_2022_Nat_Genet,Joanito_2022_SG2.CRC_JSC_S04_GIS_T_US_2,0.27959451601447904,0.24838950017702593,0.2800349410004217
Joanito_2022_Nat_Genet,Joanito_2022_SG2.CRC_JSC_S05_GIS_T_US_1,0.30184241647760096,0.06440393673777221,0.27347414426433186
Joanito_2022_Nat_Genet,Joanito_2022_SG2.CRC_JSC_S05_GIS_T_US_2,0.2032601805995473,0.0492282836147291,0.1923796040285544
Joanito_2022_Nat_Genet,Joanito_2022_SG2.CRC_JSC_S06_GIS_T_US_1,0.4718726762971762,0.433327959208033,0.4223679989870787
Joanito_2022_Nat_Genet,Joanito_2022_SG2.CRC_JSC_S06_GIS_T_US_2,0.3959780645424609,0.3824664669876308,0.37182204544844627
Joanito_2022_Nat_Genet,Joanito_2022_SG2.CRC_JSC_S07_GIS_T_US_1,0.49500160571792706,0.4493131255994267,0.41196104995672345
Joanito_2022_Nat_Genet,Joanito_2022_SG2.CRC_JSC_S07_GIS_T_US_2,0.3209521396355043,0.2762949627706079,0.3417424151282071
Joanito_2022_Nat_Genet,Joanito_2022_SG2.CRC_JSC_S08_GIS_T_US_1,0.5011563724740932,0.36683345500811243,0.385255250050462
Joanito_2022_Nat_Genet,Joanito_2022_SG2.CRC_JSC_S08_GIS_T_US_2,0.48463776530446523,0.43961608208506203,0.3982076792188118
Joanito_2022_Nat_Genet,Joanito_2022_SG2.CRC_JSC_S10_GIS_T_US_1,0.47424280475784253,0.39387394138144505,0.3758527480610957
Joanito_2022_Nat_Genet,Joanito_2022_SG2.CRC_JSC_S10_GIS_T_US_2,0.4496856543608018,0.3770971945029036,0.38001872147816806
Joanito_2022_Nat_Genet,Joanito_2022_SG2.CRC_JSC_S12_GIS_T_US_1,0.14907045460093932,0.06550433414188414,0.22703357201026375
Joanito_2022_Nat_Genet,Joanito_2022_SG2.CRC_JSC_S12_GIS_T_US_2,0.12221330542792115,0.054442882264792214,0.2394935242693194
Joanito_2022_Nat_Genet,Joanito_2022_SG2.CRC_JSC_S13_GIS_T_US_1,0.23255635898291568,0.24124358886293923,0.29855163899468895
Joanito_2022_Nat_Genet,Joanito_2022_SG2.CRC_JSC_S13_GIS_T_US_2,0.4291892360986241,0.4303369327578537,0.3826712912479474
Joanito_2022_Nat_Genet,Joanito_2022_SG2.CRC_JSC_S14_GIS_T_US_1,0.1630043332326919,0.0467261383319965,0.2174808890814702
Joanito_2022_Nat_Genet,Joanito_2022_SG2.CRC_JSC_S14_GIS_T_US_2,0.087312318599963,0.02553270585793435,0.2213778803766954
Joanito_2022_Nat_Genet,Joanito_2022_SG2.CRC_JSC_S15_GIS_N_US_1,0.5194949137369438,0.5576502629311061,0.4919920525277824
Joanito_2022_Nat_Genet,Joanito_2022_SG2.CRC_JSC_S15_GIS_N_US_2,0.5052031793508797,0.4748433381002037,0.45241669215824365
Joanito_2022_Nat_Genet,Joanito_2022_SG2.CRC_JSC_S15_GIS_TS_US_1,0.5345348053818504,0.4704995945383085,0.4559915918561671
Joanito_2022_Nat_Genet,Joanito_2022_SG2.CRC_JSC_S15_GIS_T_US_1,0.28101986614476476,0.0606060533333332,0.27296045787739803
Joanito_2022_Nat_Genet,Joanito_2022_SG2.CRC_JSC_S15_GIS_T_US_2,0.26004186985960354,0.06455025680423251,0.2967143680683851
Lee_2020_Nat_Genet,Lee_2020_KUL3.KUL01_B,0.1714886295257237,0.07842522210573731,0.20134276240698265
Lee_2020_Nat_Genet,Lee_2020_KUL3.KUL01_T,0.22526232405064334,0.14307837268259244,0.23744361825503327
Lee_2020_Nat_Genet,Lee_2020_KUL3.KUL19_B,0.10003823579140561,0.06788377736040471,0.16291047456480837
Lee_2020_Nat_Genet,Lee_2020_KUL3.KUL19_T,0.1119315695607195,0.043671178971166194,0.1141297573067423
Lee_2020_Nat_Genet,Lee_2020_KUL3.KUL21_B,0.427737380778892,0.37786524286063317,0.3932649606555202
Lee_2020_Nat_Genet,Lee_2020_KUL3.KUL21_T,0.4124182585796576,0.35020298784256054,0.3857536032452217
Lee_2020_Nat_Genet,Lee_2020_KUL3.KUL28_B,0.12661121194692684,0.05104470042053605,0.15213174371339921
Lee_2020_Nat_Genet,Lee_2020_KUL3.KUL28_T,0.0913001329914784,0.005045476803742899,0.0846165366653083
Lee_2020_Nat_Genet,Lee_2020_KUL3.KUL30_B,0.24267992016804207,0.18730914656895117,0.21852874423230584
Lee_2020_Nat_Genet,Lee_2020_KUL3.KUL30_T,0.12303717375249609,0.04884078006260949,0.15805472264936882
Lee_2020_Nat_Genet,Lee_2020_KUL3.KUL31_B,0.16900722886922787,0.12578660611587794,0.14059332243687261
Lee_2020_Nat_Genet,Lee_2020_KUL3.SC024_B,0.17029712317239976,0.11602972841541241,0.21474000395694368
Lee_2020_Nat_Genet,Lee_2020_KUL3.SC024_T,0.37165553027712256,0.34186659809312653,0.3499490839189582
Lee_2020_Nat_Genet,Lee_2020_KUL3.SC027_B,0.2070418687630803,0.16172114693411554,0.24888688692111066
Lee_2020_Nat_Genet,Lee_2020_KUL3.SC027_T,0.09918196343005609,0.041140370755389996,0.17929681018416538
Lee_2020_Nat_Genet,Lee_2020_KUL3.SC029_B,0.11574160448995316,0.03477182761052244,0.1117198666625781
Lee_2020_Nat_Genet,Lee_2020_KUL3.SC029_T,0.0965162914266339,0.0309075169568081,0.07179548722527705
Lee_2020_Nat_Genet,Lee_2020_SMC.SMC01_T,0.3390398842405746,0.2695189521710122,0.2637896957685084
Lee_2020_Nat_Genet,Lee_2020_SMC.SMC02_T,0.34809576521133606,0.31789289971218554,0.34894000401120645
Lee_2020_Nat_Genet,Lee_2020_SMC.SMC03_T,0.37124032603673524,0.33415702355617977,0.3525978031998922
Lee_2020_Nat_Genet,Lee_2020_SMC.SMC04_T,0.18738975579050532,0.10256174361015771,0.19514961134627656
Lee_2020_Nat_Genet,Lee_2020_SMC.SMC06_T,0.49872388194731576,0.45480723883650254,0.461205481965927
Lee_2020_Nat_Genet,Lee_2020_SMC.SMC07_T,0.2093634255726336,0.16240419899903152,0.21343647126274828
Lee_2020_Nat_Genet,Lee_2020_SMC.SMC08_T,0.47825268496090156,0.4600428566073105,0.4279862831905003
Lee_2020_Nat_Genet,Lee_2020_SMC.SMC09_T,0.11508555199102251,0.024616063168534305,0.102626588466331
Lee_2020_Nat_Genet,Lee_2020_SMC.SMC10_T,0.1984701116347392,0.1612757906507503,0.2324122653679454
Lee_2020_Nat_Genet,Lee_2020_SMC.SMC11_T,0.2149626910356141,0.06020912177399712,0.2282762258396952
Lee_2020_Nat_Genet,Lee_2020_SMC.SMC14_T,0.21730746531915415,0.19340386754104688,0.2544971635427455
Lee_2020_Nat_Genet,Lee_2020_SMC.SMC15_T,0.20465238832211774,0.14537929754799161,0.2188665042482199
Lee_2020_Nat_Genet,Lee_2020_SMC.SMC17_T,0.21836718101546107,0.1256474922074513,0.22270801177088675
Lee_2020_Nat_Genet,Lee_2020_SMC.SMC19_T,0.2837272779559839,0.046375284092833854,0.2203832719308031
Lee_2020_Nat_Genet,Lee_2020_SMC.SMC20_T,0.34594535716530267,0.312265290331326,0.3027350831272052
Lee_2020_Nat_Genet,Lee_2020_SMC.SMC23_T,0.21574044222701258,0.04742215054015539,0.15986926964378376
Lee_2020_Nat_Genet,Lee_2020_SMC.SMC24_T,0.26583239137248027,0.036886813698081,0.15513400305388467
Lee_2020_Nat_Genet,Lee_2020_SMC_test_setup_fresh.SMC13_T,0.45326400596133154,0.3851862309705673,0.36106974905942374
Lee_2020_Nat_Genet,Lee_2020_SMC_test_setup_fresh.SMC171_T_BEL,0.29626487048156147,0.28018960146455546,0.29829882407581604
Lee_2020_Nat_Genet,Lee_2020_SMC_test_setup_fresh.SMC171_T_SGI,0.2291419419976679,0.0396341190938216,0.1772636813402538
Lee_2020_Nat_Genet,Lee_2020_SMC_test_setup_fresh.SMC171_T_SING,0.30054513756666695,0.07003478205609485,0.2284218915809663
Lee_2020_Nat_Genet,Lee_2020_SMC_test_setup_frozen.SMC13_T_F,0.25648161713000234,0.05615059611112701,0.2191134306024639
Qin_2023_Cell_Rep_Med,Qin_2023.XFZ02_PRET,0.09207448673120819,0.015159606018547739,0.0563149467100428
Qin_2023_Cell_Rep_Med,Qin_2023.XFZ03_PRET,0.1749014064163245,0.10828432239561192,0.16573054185594335
Qin_2023_Cell_Rep_Med,Qin_2023.XFZ05_PRET,0.0836186534600124,0.01641973790431249,0.01879584333072745
Qin_2023_Cell_Rep_Med,Qin_2023.XFZ07_PRET,0.14184361940661722,0.056374423624844294,0.1156652509494851
Qin_2023_Cell_Rep_Med,Qin_2023.XFZ08_PRET,0.13847927239091348,0.09925214546034129,0.0940908231423586
Qin_2023_Cell_Rep_Med,Qin_2023.XFZ09_PRET,0.09474639620116972,0.0243036836048659,0.048036518383010894
Qin_2023_Cell_Rep_Med,Qin_2023.XFZ17_PRET,0.1082840589383973,0.0449837970310948,0.07620387862804524
Qin_2023_Cell_Rep_Med,Qin_2023.XFZ19_PRET,0.15770216748640875,0.08162708266915095,0.12510645624622474
Qin_2023_Cell_Rep_Med,Qin_2023.XFZ21_PRET,0.1654497918245833,0.13070421284246772,0.1554662104333786
Qin_2023_Cell_Rep_Med,Qin_2023.XFZ22_PRET,0.20984360348249914,0.14813510220907267,0.15855664397318264
Qin_2023_Cell_Rep_Med,Qin_2023.XFZ23_PRET,0.16865694557802907,0.12914930410958472,0.14118670755551982
Qin_2023_Cell_Rep_Med,Qin_2023.XFZ24_PRET,0.0864766414856393,0.043922447628686134,0.09029403333836275
Qin_2023_Cell_Rep_Med,Qin_2023.XFZ25_PRET,0.12154215615990194,0.07831355032150578,0.14532464583586174
Qin_2023_Cell_Rep_Med,Qin_2023.XFZ26_PRET,0.3064971132847577,0.22857190348852618,0.2359349955643103
Qin_2023_Cell_Rep_Med,Qin_2023.XFZ27_PRET,0.15423810398609944,0.0675001825929649,0.08477167569578585
Qin_2023_Cell_Rep_Med,Qin_2023.XFZ28_PRET,0.0858914166963428,0.05160627490087,0.08158081732114655
Qin_2023_Cell_Rep_Med,Qin_2023.XFZ31_PRET,0.09434822848696171,0.033535924964178204,0.08313946609541104
Qin_2023_Cell_Rep_Med,Qin_2023.XFZ32_PRET,0.2975660671616346,0.2190987572203639,0.25161801284799684
Qin_2023_Cell_Rep_Med,Qin_2023.XFZ34_PRET,0.2229233372010567,0.14276404921218439,0.18307552858913778
Qin_2023_Cell_Rep_Med,Qin_2023.XFZ35_PRET,0.3537737215279516,0.2963058192644015,0.3347434132594614
Qin_2023_Cell_Rep_Med,Qin_2023.XFZ36_PRET,0.14249350953013606,0.0507860799552774,0.11198279956321401
Qin_2023_Cell_Rep_Med,Qin_2023.XFZ38_PRET,0.10978387382496092,0.032608511193541995,0.0528072697951369
Qin_2023_Cell_Rep_Med,Qin_2023.XFZ39_PRET,0.44962803937152196,0.37101564704029233,0.4005630566738222
Qin_2023_Cell_Rep_Med,Qin_2023.XFZ44_PRET,0.2432013046023401,0.17550248529131043,0.23457921449680533
Qin_2023_Cell_Rep_Med,Qin_2023.XFZ46_PRET,0.29222925072728295,0.20880697178357321,0.26366411648448074
Qin_2023_Cell_Rep_Med,Qin_2023.XFZ48_PRET,0.17621639574085052,0.07179769459224809,0.1577759258152835
Qin_2023_Cell_Rep_Med,Qin_2023.XFZ49_PRET,0.21475357349655605,0.21609343870486747,0.24902001275240876
