study,patient_id,compartment,cells,ci95_width
Joanito_2022_Nat_Genet,Joanito_2022_Nat_Genet.CRC2783,Epithelial,782,0.002492488879618532
Joanito_2022_Nat_Genet,Joanito_2022_Nat_Genet.CRC2783,Immune,7583,0.0021605917548309928
Joanito_2022_Nat_Genet,Joanito_2022_Nat_Genet.CRC2783,Stromal,1823,0.008686097584058361
Joanito_2022_Nat_Genet,Joanito_2022_Nat_Genet.CRC2786,Epithelial,882,0.001903916996112448
Joanito_2022_Nat_Genet,Joanito_2022_Nat_Genet.CRC2786,Immune,4816,0.0028572421717673255
Joanito_2022_Nat_Genet,Joanito_2022_Nat_Genet.CRC2786,Stromal,2465,0.0037704455976077522
Joanito_2022_Nat_Genet,Joanito_2022_Nat_Genet.CRC2787,Epithelial,589,0.003199943318565296
Joanito_2022_Nat_Genet,Joanito_2022_Nat_Genet.CRC2787,Immune,3380,0.0037760952747230014
Joanito_2022_Nat_Genet,Joanito_2022_Nat_Genet.CRC2787,Stromal,307,0.10974201818127355
Joanito_2022_Nat_Genet,Joanito_2022_Nat_Genet.CRC2794,Epithelial,447,0.0032894101636506967
Joanito_2022_Nat_Genet,Joanito_2022_Nat_Genet.CRC2794,Immune,6404,0.0024618509478413347
Joanito_2022_Nat_Genet,Joanito_2022_Nat_Genet.CRC2794,Stromal,1746,0.03185517634748891
Joanito_2022_Nat_Genet,Joanito_2022_Nat_Genet.CRC2795,Epithelial,845,0.0015412667353957021
Joanito_2022_Nat_Genet,Joanito_2022_Nat_Genet.CRC2795,Immune,6655,0.004389304331149646
Joanito_2022_Nat_Genet,Joanito_2022_Nat_Genet.CRC2795,Stromal,1706,0.02231535105835669
Joanito_2022_Nat_Genet,Joanito_2022_Nat_Genet.CRC2801,Epithelial,199,0.004174842021180125
Joanito_2022_Nat_Genet,Joanito_2022_Nat_Genet.CRC2801,Immune,4801,0.002613713601511407
Joanito_2022_Nat_Genet,Joanito_2022_Nat_Genet.CRC2801,Stromal,1125,0.08052042849316454
Joanito_2022_Nat_Genet,Joanito_2022_Nat_Genet.CRC2803,Epithelial,1307,0.0543353795686089
Joanito_2022_Nat_Genet,Joanito_2022_Nat_Genet.CRC2803,Immune,6627,0.0018522082355637015
Joanito_2022_Nat_Genet,Joanito_2022_Nat_Genet.CRC2803,Stromal,2383,0.009235401157080103
Joanito_2022_Nat_Genet,Joanito_2022_Nat_Genet.CRC2810,Epithelial,218,0.01325848523447265
Joanito_2022_Nat_Genet,Joanito_2022_Nat_Genet.CRC2810,Immune,2822,0.00296064100246754
Joanito_2022_Nat_Genet,Joanito_2022_Nat_Genet.CRC2810,Stromal,778,0.060844299452554484
Joanito_2022_Nat_Genet,Joanito_2022_Nat_Genet.CRC2811,Epithelial,1268,0.02303695256090582
Joanito_2022_Nat_Genet,Joanito_2022_Nat_Genet.CRC2811,Immune,7804,0.00311907747889395
Joanito_2022_Nat_Genet,Joanito_2022_Nat_Genet.CRC2811,Stromal,1697,0.026882765937675357
Joanito_2022_Nat_Genet,Joanito_2022_Nat_Genet.CRC2816,Epithelial,1069,0.001088667740075544
Joanito_2022_Nat_Genet,Joanito_2022_Nat_Genet.CRC2816,Immune,13793,0.0016881859384685755
Joanito_2022_Nat_Genet,Joanito_2022_Nat_Genet.CRC2816,Stromal,1436,0.07178810069731545
Joanito_2022_Nat_Genet,Joanito_2022_Nat_Genet.CRC2817,Epithelial,1123,0.0018745287485760903
Joanito_2022_Nat_Genet,Joanito_2022_Nat_Genet.CRC2817,Immune,9623,0.003772720781229935
Joanito_2022_Nat_Genet,Joanito_2022_Nat_Genet.CRC2817,Stromal,983,0.042042859173080815
Joanito_2022_Nat_Genet,Joanito_2022_Nat_Genet.CRC2821,Epithelial,1061,0.0014790835925721224
Joanito_2022_Nat_Genet,Joanito_2022_Nat_Genet.CRC2821,Immune,5087,0.0036333130554349405
Joanito_2022_Nat_Genet,Joanito_2022_Nat_Genet.CRC2821,Stromal,886,0.02963685318147702
Joanito_2022_Nat_Genet,Joanito_2022_Nat_Genet.CRC2841,Epithelial,1694,0.004782683237315566
Joanito_2022_Nat_Genet,Joanito_2022_Nat_Genet.CRC2841,Immune,10302,0.0018716991704925828
Joanito_2022_Nat_Genet,Joanito_2022_Nat_Genet.CRC2841,Stromal,4102,0.027713856946963933
Joanito_2022_Nat_Genet,Joanito_2022_Nat_Genet.CRC2899,Epithelial,1503,0.018753531477820523
Joanito_2022_Nat_Genet,Joanito_2022_Nat_Genet.CRC2899,Immune,7618,0.004440703517653279
Joanito_2022_Nat_Genet,Joanito_2022_Nat_Genet.CRC2899,Stromal,3826,0.008364107078360328
Joanito_2022_Nat_Genet,Joanito_2022_Nat_Genet.CRC_JSC_S02,Epithelial,817,0.0030258899257940286
Joanito_2022_Nat_Genet,Joanito_2022_Nat_Genet.CRC_JSC_S02,Immune,1038,0.010625261802316523
Joanito_2022_Nat_Genet,Joanito_2022_Nat_Genet.CRC_JSC_S02,Stromal,161,0.11911799907298798
Joanito_2022_Nat_Genet,Joanito_2022_Nat_Genet.CRC_JSC_S03,Epithelial,173,0.004648422736306224
Joanito_2022_Nat_Genet,Joanito_2022_Nat_Genet.CRC_JSC_S03,Immune,3534,0.00588270478467591
Joanito_2022_Nat_Genet,Joanito_2022_Nat_Genet.CRC_JSC_S03,Stromal,1416,0.010382406783563614
Joanito_2022_Nat_Genet,Joanito_2022_Nat_Genet.CRC_JSC_S04,Epithelial,247,0.0029267101746549007
Joanito_2022_Nat_Genet,Joanito_2022_Nat_Genet.CRC_JSC_S04,Immune,2437,0.005744038412417919
Joanito_2022_Nat_Genet,Joanito_2022_Nat_Genet.CRC_JSC_S04,Stromal,1086,0.08960261362253144
Joanito_2022_Nat_Genet,Joanito_2022_Nat_Genet.CRC_JSC_S05,Epithelial,2194,0.0031272076666658544
Joanito_2022_Nat_Genet,Joanito_2022_Nat_Genet.CRC_JSC_S05,Immune,711,0.0016632074468882173
Joanito_2022_Nat_Genet,Joanito_2022_Nat_Genet.CRC_JSC_S05,Stromal,127,0.18831361104626101
Joanito_2022_Nat_Genet,Joanito_2022_Nat_Genet.CRC_JSC_S06,Epithelial,812,0.0013532468546856857
Joanito_2022_Nat_Genet,Joanito_2022_Nat_Genet.CRC_JSC_S06,Immune,2680,0.0052332367496703905
Joanito_2022_Nat_Genet,Joanito_2022_Nat_Genet.CRC_JSC_S06,Stromal,549,0.08335608019414015
Joanito_2022_Nat_Genet,Joanito_2022_Nat_Genet.CRC_JSC_S07,Epithelial,766,0.0022637600765216537
Joanito_2022_Nat_Genet,Joanito_2022_Nat_Genet.CRC_JSC_S07,Immune,1157,0.016372182562559526
Joanito_2022_Nat_Genet,Joanito_2022_Nat_Genet.CRC_JSC_S07,Stromal,311,0.1766987176095623
Joanito_2022_Nat_Genet,Joanito_2022_Nat_Genet.CRC_JSC_S08,Epithelial,583,0.068571247947329
Joanito_2022_Nat_Genet,Joanito_2022_Nat_Genet.CRC_JSC_S08,Immune,1507,0.0057287961787514455
Joanito_2022_Nat_Genet,Joanito_2022_Nat_Genet.CRC_JSC_S08,Stromal,325,0.22385561326692915
Joanito_2022_Nat_Genet,Joanito_2022_Nat_Genet.CRC_JSC_S10,Epithelial,1806,0.0015237928444162552
Joanito_2022_Nat_Genet,Joanito_2022_Nat_Genet.CRC_JSC_S10,Immune,1409,0.0019365567959994043
Joanito_2022_Nat_Genet,Joanito_2022_Nat_Genet.CRC_JSC_S10,Stromal,588,0.06056324541145924
Joanito_2022_Nat_Genet,Joanito_2022_Nat_Genet.CRC_JSC_S12,Epithelial,350,0.002423092668217691
Joanito_2022_Nat_Genet,Joanito_2022_Nat_Genet.CRC_JSC_S12,Immune,924,0.0037821810566737377
Joanito_2022_Nat_Genet,Joanito_2022_Nat_Genet.CRC_JSC_S12,Stromal,531,0.06069176302239404
Joanito_2022_Nat_Genet,Joanito_2022_Nat_Genet.CRC_JSC_S13,Epithelial,432,0.0033773077051434397
Joanito_2022_Nat_Genet,Joanito_2022_Nat_Genet.CRC_JSC_S13,Immune,848,0.0028686822389219976
Joanito_2022_Nat_Genet,Joanito_2022_Nat_Genet.CRC_JSC_S13,Stromal,243,0.21608549897732743
Joanito_2022_Nat_Genet,Joanito_2022_Nat_Genet.CRC_JSC_S14,Epithelial,414,0.0021951158749192456
Joanito_2022_Nat_Genet,Joanito_2022_Nat_Genet.CRC_JSC_S14,Immune,2219,0.006332224859471741
Joanito_2022_Nat_Genet,Joanito_2022_Nat_Genet.CRC_JSC_S14,Stromal,118,0.05549127144831051
Joanito_2022_Nat_Genet,Joanito_2022_Nat_Genet.CRC_JSC_S15,Epithelial,155,0.002285654058966441
Joanito_2022_Nat_Genet,Joanito_2022_Nat_Genet.CRC_JSC_S15,Immune,4023,0.0029843786174821307
Joanito_2022_Nat_Genet,Joanito_2022_Nat_Genet.CRC_JSC_S15,Stromal,936,0.009845844629428946
Joanito_2022_Nat_Genet,Joanito_2022_Nat_Genet.SC035,Epithelial,1070,0.0029771096797883145
Joanito_2022_Nat_Genet,Joanito_2022_Nat_Genet.SC035,Immune,2512,0.0024573575724092106
Joanito_2022_Nat_Genet,Joanito_2022_Nat_Genet.SC035,Stromal,89,0.1243042183514157
Joanito_2022_Nat_Genet,Joanito_2022_Nat_Genet.SC040,Epithelial,742,0.002087523765269411
Joanito_2022_Nat_Genet,Joanito_2022_Nat_Genet.SC040,Immune,6423,0.002058545394388017
Joanito_2022_Nat_Genet,Joanito_2022_Nat_Genet.SC040,Stromal,551,0.06727357222527985
Joanito_2022_Nat_Genet,Joanito_2022_Nat_Genet.SC043,Epithelial,717,0.0026784781306133237
Joanito_2022_Nat_Genet,Joanito_2022_Nat_Genet.SC043,Immune,1116,0.0023442655170672275
Joanito_2022_Nat_Genet,Joanito_2022_Nat_Genet.SC043,Stromal,1093,0.044146827019628576
Joanito_2022_Nat_Genet,Joanito_2022_Nat_Genet.SC044,Epithelial,382,0.03979435607865442
Joanito_2022_Nat_Genet,Joanito_2022_Nat_Genet.SC044,Immune,2198,0.005635412872180945
Joanito_2022_Nat_Genet,Joanito_2022_Nat_Genet.SC044,Stromal,169,0.18185469667000098
Lee_2020_Nat_Genet,Lee_2020_Nat_Genet.SC001,Epithelial,1857,0.002151162543471044
Lee_2020_Nat_Genet,Lee_2020_Nat_Genet.SC001,Immune,1551,0.0024222069860219547
Lee_2020_Nat_Genet,Lee_2020_Nat_Genet.SC001,Stromal,826,0.04877775821324476
Lee_2020_Nat_Genet,Lee_2020_Nat_Genet.SC019,Epithelial,1426,0.002540017151708776
Lee_2020_Nat_Genet,Lee_2020_Nat_Genet.SC019,Immune,4706,0.002150682611597843
Lee_2020_Nat_Genet,Lee_2020_Nat_Genet.SC019,Stromal,786,0.0019792175807999135
Lee_2020_Nat_Genet,Lee_2020_Nat_Genet.SC021,Epithelial,1542,0.0019223555601933784
Lee_2020_Nat_Genet,Lee_2020_Nat_Genet.SC021,Immune,1263,0.0029389802938944304
Lee_2020_Nat_Genet,Lee_2020_Nat_Genet.SC021,Stromal,1177,0.04260446871858098
Lee_2020_Nat_Genet,Lee_2020_Nat_Genet.SC024,Epithelial,945,0.0016717509498915262
Lee_2020_Nat_Genet,Lee_2020_Nat_Genet.SC024,Immune,3656,0.0036274160646901435
Lee_2020_Nat_Genet,Lee_2020_Nat_Genet.SC024,Stromal,618,0.07924511825194541
Lee_2020_Nat_Genet,Lee_2020_Nat_Genet.SC027,Epithelial,1509,0.0031825657296414844
Lee_2020_Nat_Genet,Lee_2020_Nat_Genet.SC027,Immune,4098,0.0015766597638254137
Lee_2020_Nat_Genet,Lee_2020_Nat_Genet.SC027,Stromal,899,0.04073213714931401
Lee_2020_Nat_Genet,Lee_2020_Nat_Genet.SC028,Epithelial,218,0.008384681485219633
Lee_2020_Nat_Genet,Lee_2020_Nat_Genet.SC028,Immune,605,0.00883519709629349
Lee_2020_Nat_Genet,Lee_2020_Nat_Genet.SC028,Stromal,530,0.00894587978086514
Lee_2020_Nat_Genet,Lee_2020_Nat_Genet.SC029,Epithelial,328,0.006762176860073854
Lee_2020_Nat_Genet,Lee_2020_Nat_Genet.SC029,Immune,901,0.00641610401693575
Lee_2020_Nat_Genet,Lee_2020_Nat_Genet.SC029,Stromal,414,0.006677339218259609
Lee_2020_Nat_Genet,Lee_2020_Nat_Genet.SC030,Epithelial,676,0.004252136632528922
Lee_2020_Nat_Genet,Lee_2020_Nat_Genet.SC030,Immune,929,0.0030558624122965367
Lee_2020_Nat_Genet,Lee_2020_Nat_Genet.SC030,Stromal,600,0.05821537909416494
Lee_2020_Nat_Genet,Lee_2020_Nat_Genet.SC031,Epithelial,494,0.014275461586925872
Lee_2020_Nat_Genet,Lee_2020_Nat_Genet.SC031,Immune,412,0.005674639812563401
Lee_2020_Nat_Genet,Lee_2020_Nat_Genet.SC031,Stromal,101,0.17837243214146503
Lee_2020_Nat_Genet,Lee_2020_Nat_Genet.SMC01,Epithelial,1093,0.032095666259294026
Lee_2020_Nat_Genet,Lee_2020_Nat_Genet.SMC01,Immune,1544,0.0019389517914847887
Lee_2020_Nat_Genet,Lee_2020_Nat_Genet.SMC01,Stromal,154,0.14562760254062002
Lee_2020_Nat_Genet,Lee_2020_Nat_Genet.SMC02,Epithelial,349,0.0029609874004783987
Lee_2020_Nat_Genet,Lee_2020_Nat_Genet.SMC02,Immune,1234,0.007429349841734115
Lee_2020_Nat_Genet,Lee_2020_Nat_Genet.SMC02,Stromal,105,0.1068950921660774
Lee_2020_Nat_Genet,Lee_2020_Nat_Genet.SMC03,Epithelial,796,0.002447986924617951
Lee_2020_Nat_Genet,Lee_2020_Nat_Genet.SMC03,Immune,1109,0.0033636090696443147
Lee_2020_Nat_Genet,Lee_2020_Nat_Genet.SMC03,Stromal,216,0.03697767175196098
Lee_2020_Nat_Genet,Lee_2020_Nat_Genet.SMC04,Epithelial,307,0.003418283870299854
Lee_2020_Nat_Genet,Lee_2020_Nat_Genet.SMC04,Immune,1384,0.0055337718494530425
Lee_2020_Nat_Genet,Lee_2020_Nat_Genet.SMC04,Stromal,142,0.05805806081174236
Lee_2020_Nat_Genet,Lee_2020_Nat_Genet.SMC06,Epithelial,187,0.06650319484229517
Lee_2020_Nat_Genet,Lee_2020_Nat_Genet.SMC06,Immune,1272,0.004463038588516238
Lee_2020_Nat_Genet,Lee_2020_Nat_Genet.SMC06,Stromal,82,0.03883501570941339
Lee_2020_Nat_Genet,Lee_2020_Nat_Genet.SMC07,Epithelial,542,0.0028745437839140797
Lee_2020_Nat_Genet,Lee_2020_Nat_Genet.SMC07,Immune,3320,0.003003393786774139
Lee_2020_Nat_Genet,Lee_2020_Nat_Genet.SMC07,Stromal,207,0.06420108396999402
Lee_2020_Nat_Genet,Lee_2020_Nat_Genet.SMC08,Epithelial,320,0.002302477456634977
Lee_2020_Nat_Genet,Lee_2020_Nat_Genet.SMC08,Immune,1611,0.004628433729084912
Lee_2020_Nat_Genet,Lee_2020_Nat_Genet.SMC08,Stromal,158,0.047207938448546316
Lee_2020_Nat_Genet,Lee_2020_Nat_Genet.SMC09,Epithelial,1887,0.004018373092508687
Lee_2020_Nat_Genet,Lee_2020_Nat_Genet.SMC09,Immune,1857,0.002068207227786098
Lee_2020_Nat_Genet,Lee_2020_Nat_Genet.SMC09,Stromal,45,0.20873556947604677
Lee_2020_Nat_Genet,Lee_2020_Nat_Genet.SMC10,Epithelial,509,0.004041833596497624
Lee_2020_Nat_Genet,Lee_2020_Nat_Genet.SMC10,Immune,1533,0.010221011960680246
Lee_2020_Nat_Genet,Lee_2020_Nat_Genet.SMC10,Stromal,156,0.14620647070612522
Lee_2020_Nat_Genet,Lee_2020_Nat_Genet.SMC11,Epithelial,325,0.006693606817092801
Lee_2020_Nat_Genet,Lee_2020_Nat_Genet.SMC11,Immune,1321,0.0036544007246328003
Lee_2020_Nat_Genet,Lee_2020_Nat_Genet.SMC11,Stromal,52,0.08950073517732249
Lee_2020_Nat_Genet,Lee_2020_Nat_Genet.SMC13,Epithelial,1888,0.0017245833407570632
Lee_2020_Nat_Genet,Lee_2020_Nat_Genet.SMC13,Immune,3683,0.0017640400605115555
Lee_2020_Nat_Genet,Lee_2020_Nat_Genet.SMC13,Stromal,69,0.14387852913737098
Lee_2020_Nat_Genet,Lee_2020_Nat_Genet.SMC14,Epithelial,166,0.002130438755046149
Lee_2020_Nat_Genet,Lee_2020_Nat_Genet.SMC14,Immune,1286,0.007807373934083192
Lee_2020_Nat_Genet,Lee_2020_Nat_Genet.SMC14,Stromal,289,0.09716391400079724
Lee_2020_Nat_Genet,Lee_2020_Nat_Genet.SMC15,Epithelial,318,0.0026359337939965144
Lee_2020_Nat_Genet,Lee_2020_Nat_Genet.SMC15,Immune,1403,0.00438498409048501
Lee_2020_Nat_Genet,Lee_2020_Nat_Genet.SMC15,Stromal,293,0.04557349864393401
Lee_2020_Nat_Genet,Lee_2020_Nat_Genet.SMC17,Epithelial,503,0.003178415997932768
Lee_2020_Nat_Genet,Lee_2020_Nat_Genet.SMC17,Immune,637,0.004144007169302695
Lee_2020_Nat_Genet,Lee_2020_Nat_Genet.SMC17,Stromal,202,0.03431354547251336
Lee_2020_Nat_Genet,Lee_2020_Nat_Genet.SMC171,Epithelial,1488,0.0031106695501234016
Lee_2020_Nat_Genet,Lee_2020_Nat_Genet.SMC171,Immune,3415,0.0037827135829260616
Lee_2020_Nat_Genet,Lee_2020_Nat_Genet.SMC171,Stromal,177,0.06953486974407802
Lee_2020_Nat_Genet,Lee_2020_Nat_Genet.SMC19,Epithelial,383,0.005188667683660608
Lee_2020_Nat_Genet,Lee_2020_Nat_Genet.SMC19,Immune,1120,0.0041936632652953415
Lee_2020_Nat_Genet,Lee_2020_Nat_Genet.SMC19,Stromal,37,0.24902897720289302
Lee_2020_Nat_Genet,Lee_2020_Nat_Genet.SMC20,Epithelial,524,0.0030762687104904235
Lee_2020_Nat_Genet,Lee_2020_Nat_Genet.SMC20,Immune,783,0.004829017750279982
Lee_2020_Nat_Genet,Lee_2020_Nat_Genet.SMC20,Stromal,367,0.03547312641204464
Lee_2020_Nat_Genet,Lee_2020_Nat_Genet.SMC23,Epithelial,641,0.0032538330805334803
Lee_2020_Nat_Genet,Lee_2020_Nat_Genet.SMC23,Immune,965,0.00493941368584154
Lee_2020_Nat_Genet,Lee_2020_Nat_Genet.SMC23,Stromal,33,0.14011757473925102
Lee_2020_Nat_Genet,Lee_2020_Nat_Genet.SMC24,Epithelial,317,0.005711646569572987
Lee_2020_Nat_Genet,Lee_2020_Nat_Genet.SMC24,Immune,1209,0.0033926069454842805
Lee_2020_Nat_Genet,Lee_2020_Nat_Genet.SMC24,Stromal,52,0.24214413922281416
Qin_2023_Cell_Rep_Med,Qin_2023_Cell_Rep_Med.XFZ02,Epithelial,859,0.002823379571574275
Qin_2023_Cell_Rep_Med,Qin_2023_Cell_Rep_Med.XFZ02,Immune,5260,0.002877562034506856
Qin_2023_Cell_Rep_Med,Qin_2023_Cell_Rep_Med.XFZ02,Stromal,349,0.0019023450038686829
Qin_2023_Cell_Rep_Med,Qin_2023_Cell_Rep_Med.XFZ03,Epithelial,1807,0.004259360012879673
Qin_2023_Cell_Rep_Med,Qin_2023_Cell_Rep_Med.XFZ03,Immune,6798,0.0021283058346664024
Qin_2023_Cell_Rep_Med,Qin_2023_Cell_Rep_Med.XFZ03,Stromal,524,0.05217034876080634
Qin_2023_Cell_Rep_Med,Qin_2023_Cell_Rep_Med.XFZ05,Epithelial,826,0.007714263882262387
Qin_2023_Cell_Rep_Med,Qin_2023_Cell_Rep_Med.XFZ05,Immune,993,0.0033426781249318027
Qin_2023_Cell_Rep_Med,Qin_2023_Cell_Rep_Med.XFZ05,Stromal,553,0.004181128567085635
Qin_2023_Cell_Rep_Med,Qin_2023_Cell_Rep_Med.XFZ07,Epithelial,700,0.00231754480293192
Qin_2023_Cell_Rep_Med,Qin_2023_Cell_Rep_Med.XFZ07,Immune,4167,0.0029222193761306164
Qin_2023_Cell_Rep_Med,Qin_2023_Cell_Rep_Med.XFZ07,Stromal,873,0.038834076640673426
Qin_2023_Cell_Rep_Med,Qin_2023_Cell_Rep_Med.XFZ08,Epithelial,480,0.005534071333012758
Qin_2023_Cell_Rep_Med,Qin_2023_Cell_Rep_Med.XFZ08,Immune,5689,0.0030828984793726116
Qin_2023_Cell_Rep_Med,Qin_2023_Cell_Rep_Med.XFZ08,Stromal,252,0.055472328890888156
Qin_2023_Cell_Rep_Med,Qin_2023_Cell_Rep_Med.XFZ09,Epithelial,2107,0.0027241406414212216
Qin_2023_Cell_Rep_Med,Qin_2023_Cell_Rep_Med.XFZ09,Immune,3279,0.0021636462396147846
Qin_2023_Cell_Rep_Med,Qin_2023_Cell_Rep_Med.XFZ09,Stromal,363,0.0027635302024020814
Qin_2023_Cell_Rep_Med,Qin_2023_Cell_Rep_Med.XFZ17,Epithelial,888,0.010121394148851173
Qin_2023_Cell_Rep_Med,Qin_2023_Cell_Rep_Med.XFZ17,Immune,2267,0.002624300499169119
Qin_2023_Cell_Rep_Med,Qin_2023_Cell_Rep_Med.XFZ17,Stromal,629,0.03948205227361551
Qin_2023_Cell_Rep_Med,Qin_2023_Cell_Rep_Med.XFZ19,Epithelial,2974,0.005295174787590506
Qin_2023_Cell_Rep_Med,Qin_2023_Cell_Rep_Med.XFZ19,Immune,4602,0.0031669603214408565
Qin_2023_Cell_Rep_Med,Qin_2023_Cell_Rep_Med.XFZ19,Stromal,1184,0.02713394163150787
Qin_2023_Cell_Rep_Med,Qin_2023_Cell_Rep_Med.XFZ21,Epithelial,722,0.005583867982407675
Qin_2023_Cell_Rep_Med,Qin_2023_Cell_Rep_Med.XFZ21,Immune,5091,0.003048868969556806
Qin_2023_Cell_Rep_Med,Qin_2023_Cell_Rep_Med.XFZ21,Stromal,184,0.06715103972063502
Qin_2023_Cell_Rep_Med,Qin_2023_Cell_Rep_Med.XFZ22,Epithelial,224,0.010371470847643866
Qin_2023_Cell_Rep_Med,Qin_2023_Cell_Rep_Med.XFZ22,Immune,6532,0.0020873722467829037
Qin_2023_Cell_Rep_Med,Qin_2023_Cell_Rep_Med.XFZ22,Stromal,251,0.028106394233951226
Qin_2023_Cell_Rep_Med,Qin_2023_Cell_Rep_Med.XFZ23,Epithelial,843,0.0040501989256215565
Qin_2023_Cell_Rep_Med,Qin_2023_Cell_Rep_Med.XFZ23,Immune,5522,0.0026208799304919123
Qin_2023_Cell_Rep_Med,Qin_2023_Cell_Rep_Med.XFZ23,Stromal,300,0.04397840882475526
Qin_2023_Cell_Rep_Med,Qin_2023_Cell_Rep_Med.XFZ24,Epithelial,300,0.00699359670875245
Qin_2023_Cell_Rep_Med,Qin_2023_Cell_Rep_Med.XFZ24,Immune,1981,0.004775555078356683
Qin_2023_Cell_Rep_Med,Qin_2023_Cell_Rep_Med.XFZ24,Stromal,502,0.00298557308361172
Qin_2023_Cell_Rep_Med,Qin_2023_Cell_Rep_Med.XFZ25,Epithelial,4586,0.013481129983367673
Qin_2023_Cell_Rep_Med,Qin_2023_Cell_Rep_Med.XFZ25,Immune,918,0.0014970999791157763
Qin_2023_Cell_Rep_Med,Qin_2023_Cell_Rep_Med.XFZ25,Stromal,729,0.0464123493862518
Qin_2023_Cell_Rep_Med,Qin_2023_Cell_Rep_Med.XFZ26,Epithelial,1492,0.007164643947537019
Qin_2023_Cell_Rep_Med,Qin_2023_Cell_Rep_Med.XFZ26,Immune,2037,0.004944332536161902
Qin_2023_Cell_Rep_Med,Qin_2023_Cell_Rep_Med.XFZ26,Stromal,291,0.039992054042941205
Qin_2023_Cell_Rep_Med,Qin_2023_Cell_Rep_Med.XFZ27,Epithelial,172,0.0020062023765585746
Qin_2023_Cell_Rep_Med,Qin_2023_Cell_Rep_Med.XFZ27,Immune,734,0.004846915259906971
Qin_2023_Cell_Rep_Med,Qin_2023_Cell_Rep_Med.XFZ27,Stromal,185,0.0426306469161829
Qin_2023_Cell_Rep_Med,Qin_2023_Cell_Rep_Med.XFZ28,Epithelial,131,0.003459859581082858
Qin_2023_Cell_Rep_Med,Qin_2023_Cell_Rep_Med.XFZ28,Immune,5213,0.0022730134636982785
Qin_2023_Cell_Rep_Med,Qin_2023_Cell_Rep_Med.XFZ28,Stromal,210,0.027948528707179926
Qin_2023_Cell_Rep_Med,Qin_2023_Cell_Rep_Med.XFZ31,Epithelial,867,0.006691694309220009
Qin_2023_Cell_Rep_Med,Qin_2023_Cell_Rep_Med.XFZ31,Immune,2961,0.0029751301776186484
Qin_2023_Cell_Rep_Med,Qin_2023_Cell_Rep_Med.XFZ31,Stromal,206,0.02732952799591834
Qin_2023_Cell_Rep_Med,Qin_2023_Cell_Rep_Med.XFZ32,Epithelial,1717,0.005720782801090563
Qin_2023_Cell_Rep_Med,Qin_2023_Cell_Rep_Med.XFZ32,Immune,3096,0.0033349110818178956
Qin_2023_Cell_Rep_Med,Qin_2023_Cell_Rep_Med.XFZ32,Stromal,441,0.029892559832286947
Qin_2023_Cell_Rep_Med,Qin_2023_Cell_Rep_Med.XFZ34,Epithelial,2060,0.00472036594828279
Qin_2023_Cell_Rep_Med,Qin_2023_Cell_Rep_Med.XFZ34,Immune,1679,0.0027146882151569893
Qin_2023_Cell_Rep_Med,Qin_2023_Cell_Rep_Med.XFZ34,Stromal,600,0.018975650504129693
Qin_2023_Cell_Rep_Med,Qin_2023_Cell_Rep_Med.XFZ35,Epithelial,1696,0.04232009846223139
Qin_2023_Cell_Rep_Med,Qin_2023_Cell_Rep_Med.XFZ35,Immune,3817,0.003755185089858462
Qin_2023_Cell_Rep_Med,Qin_2023_Cell_Rep_Med.XFZ35,Stromal,1129,0.027909605894191225
Qin_2023_Cell_Rep_Med,Qin_2023_Cell_Rep_Med.XFZ36,Epithelial,1479,0.004788360534293684
Qin_2023_Cell_Rep_Med,Qin_2023_Cell_Rep_Med.XFZ36,Immune,4169,0.002331374353077058
Qin_2023_Cell_Rep_Med,Qin_2023_Cell_Rep_Med.XFZ36,Stromal,856,0.06007273551736722
Qin_2023_Cell_Rep_Med,Qin_2023_Cell_Rep_Med.XFZ38,Epithelial,630,0.010857027451605487
Qin_2023_Cell_Rep_Med,Qin_2023_Cell_Rep_Med.XFZ38,Immune,1381,0.004271502504717001
Qin_2023_Cell_Rep_Med,Qin_2023_Cell_Rep_Med.XFZ38,Stromal,164,0.0017469677950924245
Qin_2023_Cell_Rep_Med,Qin_2023_Cell_Rep_Med.XFZ39,Epithelial,2238,0.01710764354327432
Qin_2023_Cell_Rep_Med,Qin_2023_Cell_Rep_Med.XFZ39,Immune,2101,0.004165483673892009
Qin_2023_Cell_Rep_Med,Qin_2023_Cell_Rep_Med.XFZ39,Stromal,1037,0.05283479898051435
Qin_2023_Cell_Rep_Med,Qin_2023_Cell_Rep_Med.XFZ44,Epithelial,4554,0.0025796988115614483
Qin_2023_Cell_Rep_Med,Qin_2023_Cell_Rep_Med.XFZ44,Immune,6104,0.0018030420448712087
Qin_2023_Cell_Rep_Med,Qin_2023_Cell_Rep_Med.XFZ44,Stromal,683,0.03593231575869099
Qin_2023_Cell_Rep_Med,Qin_2023_Cell_Rep_Med.XFZ46,Epithelial,1259,0.013853102784953636
Qin_2023_Cell_Rep_Med,Qin_2023_Cell_Rep_Med.XFZ46,Immune,3562,0.0033761796389563184
Qin_2023_Cell_Rep_Med,Qin_2023_Cell_Rep_Med.XFZ46,Stromal,545,0.06039520646770358
Qin_2023_Cell_Rep_Med,Qin_2023_Cell_Rep_Med.XFZ48,Epithelial,734,0.003921987678277422
Qin_2023_Cell_Rep_Med,Qin_2023_Cell_Rep_Med.XFZ48,Immune,4063,0.0023747781526430242
Qin_2023_Cell_Rep_Med,Qin_2023_Cell_Rep_Med.XFZ48,Stromal,725,0.021210856004677592
Qin_2023_Cell_Rep_Med,Qin_2023_Cell_Rep_Med.XFZ49,Epithelial,350,0.010760399858652764
Qin_2023_Cell_Rep_Med,Qin_2023_Cell_Rep_Med.XFZ49,Immune,5732,0.0027689032145856857
Qin_2023_Cell_Rep_Med,Qin_2023_Cell_Rep_Med.XFZ49,Stromal,386,0.05010747370807389
