job,variant,task,failed,exit_status,wallclock_s,maxvmem
3654321,main,1,0,0,628.444,70.779G
3654321,main,2,0,0,748.824,51.716G
3654321,main,6,0,0,527.468,13.450G
3654321,main,3,0,0,865.594,90.249G
3654321,main,5,0,0,645.142,62.000G
3654321,main,4,0,0,1006.340,76.508G
3654321,main,7,0,0,757.929,73.577G
3654321,main,10,0,0,974.863,72.202G
3654321,main,8,0,0,992.576,89.807G
3654321,main,12,0,0,641.233,52.700G
3654321,main,11,0,0,725.316,41.802G
3654321,main,19,0,0,263.517,13.051G
3654321,main,20,0,0,325.362,13.544G
3654321,main,9,0,0,1120.556,76.621G
3654321,main,13,0,0,804.555,76.163G
3654321,main,15,0,0,749.090,74.211G
3654321,main,29,0,0,225.253,12.825G
3654321,main,14,0,0,797.009,72.699G
3654321,main,30,0,0,308.940,13.010G
3654321,main,18,0,0,706.377,68.222G
3654321,main,17,0,0,813.687,79.506G
3654321,main,24,0,0,664.534,75.801G
3654321,main,23,0,0,703.652,79.750G
3654321,main,16,0,0,959.459,74.975G
3654321,main,21,0,0,812.363,77.750G
3654321,main,22,0,0,830.931,77.218G
3654321,main,27,0,0,752.836,37.589G
3654321,main,26,0,0,818.321,73.151G
3654321,main,25,0,0,849.110,73.220G
3654321,main,28,0,0,809.905,68.991G
3654321,main,46,0,0,110.296,12.051G
3654321,main,45,0,0,199.603,12.405G
3654321,main,31,0,0,939.196,73.474G
3654321,main,39,0,0,599.670,66.675G
3654321,main,44,0,0,415.935,13.749G
3654321,main,33,0,0,937.022,77.651G
3654321,main,34,0,0,949.996,79.377G
3654321,main,35,0,0,984.669,87.931G
3654321,main,40,0,0,747.552,84.774G
3654321,main,59,0,0,209.706,120.309G
3654321,main,42,0,0,728.033,64.036G
3654321,main,43,0,0,726.553,68.299G
3654321,main,38,0,0,888.444,90.126G
3654321,main,36,0,0,979.833,87.945G
3654321,main,32,0,0,1179.280,77.526G
3654321,main,60,0,0,250.943,37.792G
3654321,main,41,0,0,947.412,76.944G
3654321,main,37,0,0,1117.553,95.562G
3654321,main,54,0,0,687.575,70.837G
3654321,main,65,0,0,348.038,64.782G
3654321,main,53,0,0,726.882,67.381G
3654321,main,58,0,0,554.861,131.285G
3654321,main,50,0,0,814.484,53.126G
3654321,main,64,0,0,461.930,13.481G
3654321,main,51,0,0,859.167,75.212G
3654321,main,48,0,0,984.993,80.180G
3654321,main,52,0,0,931.122,69.946G
3654321,main,67,0,0,480.036,75.896G
3654321,main,61,0,0,685.492,38.103G
3654321,main,79,0,0,303.354,96.392G
3654321,main,56,0,0,908.714,73.075G
3654321,main,49,0,0,1151.942,82.653G
3654321,main,57,0,0,892.678,86.398G
3654321,main,62,0,0,828.493,69.252G
3654321,main,81,0,0,312.315,13.138G
3654321,main,73,0,0,603.148,13.886G
3654321,main,63,0,0,926.735,70.936G
3654321,main,69,0,0,743.406,69.580G
3654321,main,78,0,0,465.901,13.725G
3654321,main,72,0,0,747.223,64.039G
3654321,main,68,0,0,793.187,70.689G
3654321,main,55,0,0,1191.774,83.192G
3654321,main,87,0,0,311.770,13.094G
3654321,main,86,0,0,330.164,61.918G
3654321,main,70,0,0,812.044,69.314G
3654321,main,66,0,0,929.211,73.986G
3654321,main,75,0,0,669.505,64.722G
3654321,main,84,0,0,467.551,73.092G
3654321,main,74,0,0,787.907,37.135G
3654321,main,77,0,0,689.948,72.432G
3654321,main,113,0,0,2.037,0.000
3654321,main,80,0,0,677.250,66.650G
3654321,main,71,0,0,993.376,74.200G
3654321,main,76,0,0,795.027,71.549G
3654321,main,89,0,0,458.596,122.138G
3654321,main,82,0,0,720.490,69.894G
3654321,main,47,0,0,1678.308,107.588G
3654321,main,98,0,0,415.434,66.606G
3654321,main,83,0,0,711.499,53.358G
3654321,main,97,0,0,503.696,13.747G
3654321,main,88,0,0,714.695,54.441G
3654321,main,93,0,0,598.339,68.493G
3654321,main,114,0,0,303.523,13.733G
3654321,main,94,0,0,658.806,73.059G
3654321,main,85,0,0,866.390,68.899G
3654321,main,92,0,0,709.412,68.214G
3654321,main,110,0,0,415.148,13.257G
3654321,main,111,0,0,419.459,13.163G
3654321,main,95,0,0,768.998,38.632G
3654321,main,99,0,0,689.976,71.592G
3654321,main,96,0,0,801.303,69.312G
3654321,main,91,0,0,853.388,64.666G
3654321,main,100,0,0,796.241,68.270G
3654321,main,119,0,0,515.710,75.561G
3654321,main,109,0,0,651.810,135.911G
3654321,main,104,0,0,794.593,66.916G
3654321,main,90,0,0,1013.478,53.312G
3654321,main,117,0,0,585.822,64.534G
3654321,main,102,0,0,850.075,78.094G
3654321,main,116,0,0,651.359,39.954G
3654321,main,112,0,0,731.172,41.246G
3654321,main,115,0,0,700.374,67.542G
3654321,main,101,0,0,956.999,68.830G
3654321,main,106,0,0,900.998,80.504G
3654321,main,107,0,0,919.245,67.701G
3654321,main,105,0,0,923.896,71.397G
3654321,main,108,0,0,893.520,78.614G
3654321,main,121,0,0,776.419,67.527G
3654321,main,122,0,0,783.179,40.600G
3654321,main,103,0,0,1149.146,82.959G
3654321,main,120,0,0,852.576,69.481G
3654321,main,126,0,0,737.632,72.851G
3654321,main,127,0,0,683.672,66.251G
3654321,main,130,0,0,675.349,66.943G
3654321,main,128,0,0,760.800,69.591G
3654321,main,138,0,0,456.647,123.606G
3654321,main,124,0,0,899.190,54.565G
3654321,main,123,0,0,913.955,86.318G
3654321,main,139,0,0,479.995,120.396G
3654321,main,132,0,0,765.817,53.585G
3654321,main,118,0,0,1090.258,76.005G
3654321,main,133,0,0,788.592,66.004G
3654321,main,134,0,0,763.118,65.997G
3654321,main,131,0,0,868.200,68.653G
3654321,main,137,0,0,716.558,70.881G
3654321,main,136,0,0,827.210,72.031G
3654321,main,125,0,0,1099.188,81.298G
3654321,main,135,0,0,891.043,67.068G
3654321,main,129,0,0,1085.695,80.393G
3654321,main,142,0,0,803.195,69.198G
3654321,main,151,0,0,864.925,76.458G
3654321,main,154,0,0,693.572,37.833G
3654321,main,146,0,0,1120.495,83.064G
3654321,main,156,0,0,886.264,86.644G
3654321,main,159,0,0,958.289,156.500G
3654321,main,143,0,0,1405.522,100.883G
3654321,main,153,0,0,1118.977,82.962G
3654321,main,158,0,0,1091.299,86.402G
3654321,main,161,0,0,1104.335,68.896G
3654321,main,144,0,0,1563.212,103.346G
3654321,main,140,0,0,1641.081,104.533G
3654321,main,157,0,0,1285.247,90.938G
3654321,main,145,0,0,1640.094,93.174G
3654321,main,148,0,0,1596.985,99.038G
3654321,main,149,0,0,1616.779,113.775G
3654321,main,155,0,0,1437.986,102.784G
3654321,main,152,0,0,1519.691,99.047G
3654321,main,150,0,0,1679.716,109.443G
3654321,main,160,0,0,1395.622,99.484G
3654321,main,162,0,0,1491.261,92.464G
3654321,main,165,0,0,1496.724,95.870G
3654321,main,163,0,0,1556.843,171.495G
3654321,main,166,0,0,1472.623,104.198G
3654321,main,164,0,0,1601.260,93.172G
3654321,main,147,0,0,2167.628,112.410G
3654321,main,141,0,0,2406.540,127.563G
3654335,depth_matched,3,0,0,435.749,65.522G
3654335,depth_matched,1,0,0,504.205,39.485G
3654335,depth_matched,6,0,0,400.033,13.799G
3654335,depth_matched,2,0,0,500.763,65.496G
3654335,depth_matched,8,0,0,326.944,67.406G
3654335,depth_matched,7,0,0,378.188,13.686G
3654335,depth_matched,10,0,0,228.651,24.798G
3654335,depth_matched,9,0,0,229.066,24.838G
3654335,depth_matched,4,0,0,506.741,65.524G
3654335,depth_matched,5,0,0,500.628,39.423G
3654335,depth_matched,18,0,0,293.486,127.116G
3654335,depth_matched,19,0,0,296.029,125.462G
3654335,depth_matched,11,0,0,494.351,80.019G
3654335,depth_matched,21,0,0,344.307,13.149G
3654335,depth_matched,12,0,0,502.084,80.019G
3654335,depth_matched,22,0,0,356.657,13.149G
3654335,depth_matched,23,0,0,355.183,13.149G
3654335,depth_matched,24,0,0,323.517,13.148G
3654335,depth_matched,13,0,0,473.660,81.569G
3654335,depth_matched,25,0,0,192.812,117.938G
3654335,depth_matched,17,0,0,445.409,69.768G
3654335,depth_matched,16,0,0,473.761,71.540G
3654335,depth_matched,30,0,0,156.724,117.875G
3654335,depth_matched,26,0,0,259.388,62.407G
3654335,depth_matched,28,0,0,245.373,12.702G
3654335,depth_matched,27,0,0,261.010,24.974G
3654335,depth_matched,20,0,0,489.745,72.042G
3654335,depth_matched,15,0,0,552.249,81.569G
3654335,depth_matched,14,0,0,554.375,81.569G
3654335,depth_matched,29,0,0,286.766,12.727G
3654335,depth_matched,31,0,0,295.055,73.463G
3654335,depth_matched,39,0,0,296.733,131.862G
3654335,depth_matched,46,0,0,279.903,120.195G
3654335,depth_matched,32,0,0,448.589,68.285G
3654335,depth_matched,33,0,0,470.637,68.055G
3654335,depth_matched,35,0,0,450.023,66.783G
3654335,depth_matched,41,0,0,433.070,65.610G
3654335,depth_matched,42,0,0,426.563,65.614G
3654335,depth_matched,40,0,0,442.269,78.795G
3654335,depth_matched,43,0,0,436.962,65.609G
3654335,depth_matched,47,0,0,414.062,64.719G
3654335,depth_matched,34,0,0,537.601,66.783G
3654335,depth_matched,59,0,0,291.026,119.436G
3654335,depth_matched,37,0,0,508.081,77.158G
3654335,depth_matched,45,0,0,453.082,40.113G
3654335,depth_matched,50,0,0,425.870,38.186G
3654335,depth_matched,51,0,0,426.402,64.783G
3654335,depth_matched,52,0,0,426.630,37.800G
3654335,depth_matched,38,0,0,536.864,80.135G
3654335,depth_matched,44,0,0,500.573,65.609G
3654335,depth_matched,53,0,0,469.888,66.828G
3654335,depth_matched,55,0,0,453.238,66.909G
3654335,depth_matched,60,0,0,401.016,63.959G
3654335,depth_matched,48,0,0,508.366,39.966G
3654335,depth_matched,49,0,0,514.957,53.276G
3654335,depth_matched,56,0,0,458.829,64.510G
3654335,depth_matched,63,0,0,297.289,100.145G
3654335,depth_matched,36,0,0,660.499,78.083G
3654335,depth_matched,62,0,0,386.908,68.482G
3654335,depth_matched,57,0,0,478.901,51.250G
3654335,depth_matched,64,0,0,276.082,125.018G
3654335,depth_matched,58,0,0,515.126,63.961G
3654335,depth_matched,61,0,0,471.224,68.536G
3654335,depth_matched,54,0,0,596.658,65.575G
3654335,depth_matched,71,0,0,290.636,96.931G
3654335,depth_matched,65,0,0,385.355,68.448G
3654335,depth_matched,92,0,0,107.884,23.402G
3654335,depth_matched,66,0,0,391.485,54.843G
3654335,depth_matched,77,0,0,282.461,72.850G
3654335,depth_matched,93,0,0,141.398,12.181G
3654335,depth_matched,68,0,0,389.455,72.002G
3654335,depth_matched,70,0,0,387.002,69.636G
3654335,depth_matched,72,0,0,375.433,68.896G
3654335,depth_matched,94,0,0,191.638,60.412G
3654335,depth_matched,91,0,0,208.399,12.183G
3654335,depth_matched,73,0,0,374.534,69.339G
3654335,depth_matched,99,0,0,131.524,23.627G
3654335,depth_matched,67,0,0,479.141,69.642G
3654335,depth_matched,75,0,0,400.698,70.248G
3654335,depth_matched,74,0,0,400.799,54.097G
3654335,depth_matched,95,0,0,196.231,12.180G
3654335,depth_matched,88,0,0,272.695,96.659G
3654335,depth_matched,69,0,0,488.640,69.636G
3654335,depth_matched,100,0,0,165.226,24.626G
3654335,depth_matched,80,0,0,407.806,67.213G
3654335,depth_matched,96,0,0,231.973,61.541G
3654335,depth_matched,97,0,0,243.965,12.422G
3654335,depth_matched,98,0,0,250.473,12.406G
3654335,depth_matched,86,0,0,397.528,52.279G
3654335,depth_matched,76,0,0,518.908,53.736G
3654335,depth_matched,78,0,0,509.209,66.839G
3654335,depth_matched,79,0,0,503.008,67.181G
3654335,depth_matched,82,0,0,496.542,74.110G
3654335,depth_matched,81,0,0,523.800,74.060G
3654335,depth_matched,87,0,0,467.855,38.583G
3654335,depth_matched,101,0,0,298.787,98.924G
3654335,depth_matched,83,0,0,520.435,74.052G
3654335,depth_matched,103,0,0,292.869,98.710G
3654335,depth_matched,84,0,0,527.002,74.109G
3654335,depth_matched,90,0,0,500.392,67.192G
3654335,depth_matched,89,0,0,527.831,67.193G
3654335,depth_matched,85,0,0,552.409,74.116G
3654335,depth_matched,102,0,0,389.719,68.561G
3654335,depth_matched,104,0,0,381.608,67.645G
3654335,depth_matched,111,0,0,308.859,131.672G
3654335,depth_matched,116,0,0,288.382,100.319G
3654335,depth_matched,107,0,0,380.302,71.658G
3654335,depth_matched,105,0,0,409.287,54.658G
3654335,depth_matched,106,0,0,401.642,69.801G
3654335,depth_matched,112,0,0,413.236,60.962G
3654335,depth_matched,141,0,0,89.777,23.312G
3654335,depth_matched,142,0,0,99.697,12.113G
3654335,depth_matched,119,0,0,382.019,69.195G
3654335,depth_matched,115,0,0,431.104,76.194G
3654335,depth_matched,143,0,0,111.095,12.113G
3654335,depth_matched,133,0,0,231.421,24.338G
3654335,depth_matched,114,0,0,438.227,76.191G
3654335,depth_matched,144,0,0,109.572,12.114G
3654335,depth_matched,109,0,0,507.460,71.425G
3654335,depth_matched,130,0,0,270.937,121.647G
3654335,depth_matched,120,0,0,410.855,69.238G
3654335,depth_matched,108,0,0,537.536,69.802G
3654335,depth_matched,145,0,0,108.127,12.113G
3654335,depth_matched,118,0,0,478.357,69.208G
3654335,depth_matched,110,0,0,565.980,71.656G
3654335,depth_matched,146,0,0,112.662,93.283G
3654335,depth_matched,124,0,0,409.891,66.718G
3654335,depth_matched,121,0,0,470.999,67.979G
3654335,depth_matched,113,0,0,554.010,76.194G
3654335,depth_matched,117,0,0,533.369,69.240G
3654335,depth_matched,131,0,0,364.934,38.697G
3654335,depth_matched,149,0,0,111.787,23.544G
3654335,depth_matched,132,0,0,379.458,38.692G
3654335,depth_matched,134,0,0,358.705,64.473G
3654335,depth_matched,147,0,0,157.573,12.323G
3654335,depth_matched,148,0,0,159.090,12.331G
3654335,depth_matched,140,0,0,280.894,71.920G
3654335,depth_matched,128,0,0,452.901,65.495G
3654335,depth_matched,150,0,0,161.032,12.323G
3654335,depth_matched,129,0,0,441.824,38.613G
3654335,depth_matched,122,0,0,534.080,66.723G
3654335,depth_matched,127,0,0,481.281,65.495G
3654335,depth_matched,123,0,0,539.918,66.716G
3654335,depth_matched,125,0,0,510.584,68.220G
3654335,depth_matched,126,0,0,518.361,65.495G
3654335,depth_matched,135,0,0,432.815,64.474G
3654335,depth_matched,139,0,0,373.368,38.657G
3654335,depth_matched,137,0,0,439.198,38.765G
3654335,depth_matched,154,0,0,266.281,123.326G
3654335,depth_matched,136,0,0,483.222,38.751G
3654335,depth_matched,138,0,0,479.370,65.545G
3654335,depth_matched,160,0,0,285.002,125.539G
3654335,depth_matched,166,0,0,289.538,100.143G
3654335,depth_matched,152,0,0,418.657,69.904G
3654335,depth_matched,151,0,0,421.135,67.686G
3654335,depth_matched,153,0,0,423.549,67.673G
3654335,depth_matched,155,0,0,413.242,55.053G
3654335,depth_matched,172,0,0,287.434,120.973G
3654335,depth_matched,158,0,0,389.355,69.844G
3654335,depth_matched,156,0,0,457.959,71.045G
3654335,depth_matched,161,0,0,414.222,39.018G
3654335,depth_matched,159,0,0,460.154,69.843G
3654335,depth_matched,162,0,0,454.070,66.441G
3654335,depth_matched,173,0,0,396.964,65.502G
3654335,depth_matched,174,0,0,399.662,67.531G
3654335,depth_matched,188,0,0,270.016,72.775G
3654335,depth_matched,177,0,0,408.854,65.713G
3654335,depth_matched,165,0,0,485.208,66.438G
3654335,depth_matched,167,0,0,471.373,68.663G
3654335,depth_matched,157,0,0,555.148,72.068G
3654335,depth_matched,171,0,0,467.093,38.599G
3654335,depth_matched,164,0,0,496.599,68.049G
3654335,depth_matched,185,0,0,381.631,68.656G
3654335,depth_matched,163,0,0,520.219,53.232G
3654335,depth_matched,170,0,0,478.209,71.678G
3654335,depth_matched,176,0,0,468.936,67.268G
3654335,depth_matched,175,0,0,474.759,67.530G
3654335,depth_matched,179,0,0,462.292,65.707G
3654335,depth_matched,169,0,0,513.839,71.680G
3654335,depth_matched,178,0,0,475.605,38.890G
3654335,depth_matched,168,0,0,528.176,68.737G
3654335,depth_matched,193,0,0,273.590,123.004G
3654335,depth_matched,187,0,0,382.753,65.623G
3654335,depth_matched,180,0,0,492.045,65.708G
3654335,depth_matched,181,0,0,498.101,66.993G
3654335,depth_matched,183,0,0,499.718,66.987G
3654335,depth_matched,182,0,0,501.504,66.990G
3654335,depth_matched,194,0,0,280.193,72.059G
3654335,depth_matched,186,0,0,488.431,39.592G
3654335,depth_matched,221,0,0,72.679,46.864G
3654335,depth_matched,223,0,0,51.163,23.029G
3654335,depth_matched,197,0,0,280.465,135.309G
3654335,depth_matched,222,0,0,78.847,11.919G
3654335,depth_matched,226,0,0,51.537,11.352G
3654335,depth_matched,227,0,0,39.515,22.358G
3654335,depth_matched,184,0,0,549.068,68.504G
3654335,depth_matched,225,0,0,74.916,11.918G
3654335,depth_matched,224,0,0,79.335,11.918G
3654335,depth_matched,228,0,0,50.766,11.354G
3654335,depth_matched,229,0,0,52.734,11.352G
3654335,depth_matched,230,0,0,45.055,11.352G
3654335,depth_matched,190,0,0,485.756,65.624G
3654335,depth_matched,189,0,0,492.988,65.623G
3654335,depth_matched,191,0,0,497.024,67.530G
3654335,depth_matched,192,0,0,507.428,65.497G
3654335,depth_matched,195,0,0,408.134,65.498G
3654335,depth_matched,207,0,0,261.719,70.228G
3654335,depth_matched,196,0,0,418.048,76.468G
3654335,depth_matched,200,0,0,380.532,79.839G
3654335,depth_matched,198,0,0,415.369,77.141G
3654335,depth_matched,218,0,0,240.933,12.555G
3654335,depth_matched,199,0,0,421.318,79.504G
3654335,depth_matched,217,0,0,243.796,62.282G
3654335,depth_matched,219,0,0,249.543,12.554G
3654335,depth_matched,220,0,0,242.876,12.555G
3654335,depth_matched,216,0,0,276.501,24.922G
3654335,depth_matched,202,0,0,384.428,55.257G
3654335,depth_matched,204,0,0,362.641,56.914G
3654335,depth_matched,205,0,0,362.646,69.242G
3654335,depth_matched,201,0,0,427.564,69.243G
3654335,depth_matched,203,0,0,417.835,69.237G
3654335,depth_matched,208,0,0,396.326,63.723G
3654335,depth_matched,211,0,0,375.549,36.922G
3654335,depth_matched,206,0,0,435.955,38.015G
3654335,depth_matched,209,0,0,415.398,36.841G
3654335,depth_matched,213,0,0,417.917,62.600G
3654335,depth_matched,232,0,0,298.180,136.024G
3654335,depth_matched,212,0,0,456.385,37.007G
3654335,depth_matched,214,0,0,460.821,63.309G
3654335,depth_matched,246,0,0,272.479,96.839G
3654335,depth_matched,215,0,0,514.251,63.304G
3654335,depth_matched,210,0,0,533.744,50.991G
3654335,depth_matched,237,0,0,420.949,76.021G
3654335,depth_matched,248,0,0,341.291,65.565G
3654335,depth_matched,247,0,0,401.291,39.535G
3654335,depth_matched,245,0,0,423.562,73.263G
3654335,depth_matched,249,0,0,398.310,65.565G
3654335,depth_matched,234,0,0,520.617,83.871G
3654335,depth_matched,233,0,0,526.745,81.382G
3654335,depth_matched,238,0,0,514.547,76.019G
3654335,depth_matched,250,0,0,394.976,65.566G
3654335,depth_matched,252,0,0,382.429,72.559G
3654335,depth_matched,239,0,0,518.375,76.017G
3654335,depth_matched,231,0,0,580.787,80.556G
3654335,depth_matched,241,0,0,523.405,76.016G
3654335,depth_matched,253,0,0,410.936,70.289G
3654335,depth_matched,262,0,0,264.866,97.919G
3654335,depth_matched,258,0,0,326.722,67.094G
3654335,depth_matched,255,0,0,410.170,72.632G
3654335,depth_matched,236,0,0,592.726,76.021G
3654335,depth_matched,235,0,0,594.890,80.557G
3654335,depth_matched,244,0,0,526.569,75.837G
3654335,depth_matched,240,0,0,587.845,76.016G
3654335,depth_matched,251,0,0,470.023,70.283G
3654335,depth_matched,257,0,0,368.636,66.929G
3654335,depth_matched,256,0,0,402.773,53.207G
3654335,depth_matched,265,0,0,262.088,121.914G
3654335,depth_matched,254,0,0,546.489,72.560G
3654335,depth_matched,260,0,0,426.967,66.924G
3654335,depth_matched,261,0,0,428.749,65.477G
3654335,depth_matched,259,0,0,468.097,38.882G
3654335,depth_matched,243,0,0,679.387,76.018G
3654335,depth_matched,242,0,0,680.490,76.022G
3654335,depth_matched,264,0,0,460.846,66.920G
3654335,depth_matched,263,0,0,473.043,64.995G
3654335,depth_matched,269,0,0,347.770,63.618G
3654335,depth_matched,268,0,0,368.506,63.616G
3654335,depth_matched,279,0,0,274.951,98.443G
3654335,depth_matched,270,0,0,370.816,37.867G
3654335,depth_matched,267,0,0,524.786,50.895G
3654335,depth_matched,291,0,0,217.406,12.574G
3654335,depth_matched,273,0,0,380.938,79.366G
3654335,depth_matched,272,0,0,385.702,74.161G
3654335,depth_matched,297,0,0,104.040,59.846G
3654335,depth_matched,293,0,0,212.416,61.343G
3654335,depth_matched,298,0,0,113.896,12.067G
3654335,depth_matched,290,0,0,277.264,124.901G
3654335,depth_matched,281,0,0,360.661,76.895G
3654335,depth_matched,299,0,0,93.399,114.688G
3654335,depth_matched,294,0,0,231.264,61.340G
3654335,depth_matched,296,0,0,156.676,12.069G
3654335,depth_matched,266,0,0,581.447,63.616G
3654335,depth_matched,292,0,0,268.299,12.575G
3654335,depth_matched,300,0,0,114.348,12.069G
3654335,depth_matched,280,0,0,434.682,54.257G
3654335,depth_matched,285,0,0,393.527,76.898G
3654335,depth_matched,276,0,0,484.029,67.962G
3654335,depth_matched,295,0,0,234.172,12.575G
3654335,depth_matched,271,0,0,508.226,79.367G
3654335,depth_matched,286,0,0,430.216,69.331G
3654335,depth_matched,277,0,0,491.231,54.256G
3654335,depth_matched,274,0,0,507.759,80.767G
3654335,depth_matched,275,0,0,512.598,78.436G
3654335,depth_matched,278,0,0,498.717,67.907G
3654335,depth_matched,282,0,0,471.856,76.010G
3654335,depth_matched,287,0,0,467.046,69.335G
3654335,depth_matched,288,0,0,473.522,71.100G
3654335,depth_matched,289,0,0,491.881,69.334G
3654335,depth_matched,284,0,0,516.419,76.895G
3654335,depth_matched,283,0,0,606.137,76.896G
3654335,depth_matched,317,0,0,233.763,12.659G
3654335,depth_matched,319,0,0,208.493,62.807G
3654335,depth_matched,301,0,0,368.524,64.740G
3654335,depth_matched,318,0,0,238.308,12.659G
3654335,depth_matched,302,0,0,362.211,37.309G
3654335,depth_matched,322,0,0,218.890,12.659G
3654335,depth_matched,321,0,0,221.271,50.241G
3654335,depth_matched,312,0,0,299.329,124.095G
3654335,depth_matched,308,0,0,315.513,96.757G
3654335,depth_matched,325,0,0,211.449,12.660G
3654335,depth_matched,320,0,0,227.632,12.659G
3654335,depth_matched,324,0,0,214.045,12.659G
3654335,depth_matched,323,0,0,220.814,12.659G
3654335,depth_matched,305,0,0,351.856,37.402G
3654335,depth_matched,304,0,0,352.980,64.740G
3654335,depth_matched,316,0,0,314.177,12.659G
3654335,depth_matched,303,0,0,367.420,37.402G
3654335,depth_matched,309,0,0,359.307,66.914G
3654335,depth_matched,311,0,0,354.164,70.396G
3654335,depth_matched,306,0,0,434.874,68.487G
3654335,depth_matched,310,0,0,432.488,68.422G
3654335,depth_matched,307,0,0,490.594,67.782G
3654335,depth_matched,314,0,0,496.682,69.953G
3654335,depth_matched,313,0,0,504.132,68.623G
3654335,depth_matched,326,0,0,430.107,68.010G
3654335,depth_matched,328,0,0,427.338,68.034G
3654335,depth_matched,315,0,0,548.108,68.621G
3654335,depth_matched,338,0,0,270.694,71.740G
3654335,depth_matched,329,0,0,447.257,68.019G
3654335,depth_matched,342,0,0,274.432,71.237G
3654335,depth_matched,327,0,0,484.400,66.409G
3654335,depth_matched,334,0,0,342.798,65.987G
3654335,depth_matched,331,0,0,472.680,65.987G
3654335,depth_matched,330,0,0,488.487,66.404G
3654335,depth_matched,332,0,0,461.658,38.865G
3654335,depth_matched,336,0,0,344.557,67.098G
3654335,depth_matched,335,0,0,376.985,39.047G
3654335,depth_matched,337,0,0,392.191,65.144G
3654335,depth_matched,339,0,0,379.034,38.505G
3654335,depth_matched,343,0,0,386.344,66.051G
3654335,depth_matched,351,0,0,362.750,39.602G
3654335,depth_matched,352,0,0,351.742,39.561G
3654335,depth_matched,348,0,0,385.642,67.094G
3654335,depth_matched,347,0,0,386.276,67.092G
3654335,depth_matched,350,0,0,393.260,39.638G
3654335,depth_matched,344,0,0,431.145,39.897G
3654335,depth_matched,340,0,0,448.873,65.143G
3654335,depth_matched,341,0,0,449.083,67.219G
3654335,depth_matched,345,0,0,434.885,65.900G
3654335,depth_matched,346,0,0,435.287,67.093G
3654335,depth_matched,333,0,0,527.622,65.985G
3654335,depth_matched,363,0,0,202.787,24.424G
3654335,depth_matched,353,0,0,397.900,66.952G
3654335,depth_matched,354,0,0,377.701,39.561G
3654335,depth_matched,365,0,0,200.218,24.421G
3654335,depth_matched,361,0,0,263.592,13.199G
3654335,depth_matched,356,0,0,357.321,63.708G
3654335,depth_matched,357,0,0,359.581,37.995G
3654335,depth_matched,349,0,0,533.455,67.093G
3654335,depth_matched,364,0,0,282.028,65.510G
3654335,depth_matched,355,0,0,427.802,39.560G
3654335,depth_matched,360,0,0,399.731,37.953G
3654335,depth_matched,367,0,0,347.064,63.322G
3654335,depth_matched,362,0,0,407.468,25.622G
3654335,depth_matched,371,0,0,340.062,37.366G
3654335,depth_matched,386,0,0,198.397,24.324G
3654335,depth_matched,358,0,0,469.812,51.047G
3654335,depth_matched,359,0,0,483.995,37.551G
3654335,depth_matched,389,0,0,198.950,24.338G
3654335,depth_matched,366,0,0,416.454,37.168G
3654335,depth_matched,374,0,0,351.483,37.362G
3654335,depth_matched,375,0,0,338.413,37.584G
3654335,depth_matched,372,0,0,389.463,62.148G
3654335,depth_matched,377,0,0,343.568,66.946G
3654335,depth_matched,376,0,0,344.634,51.739G
3654335,depth_matched,390,0,0,259.418,13.242G
3654335,depth_matched,391,0,0,252.369,12.995G
3654335,depth_matched,373,0,0,388.739,37.579G
3654335,depth_matched,370,0,0,454.465,63.309G
3654335,depth_matched,387,0,0,291.385,13.236G
3654335,depth_matched,392,0,0,256.271,12.982G
3654335,depth_matched,379,0,0,399.062,68.507G
3654335,depth_matched,378,0,0,400.858,68.456G
3654335,depth_matched,397,0,0,213.429,24.201G
3654335,depth_matched,398,0,0,214.071,24.150G
3654335,depth_matched,393,0,0,269.720,63.267G
3654335,depth_matched,380,0,0,392.761,68.602G
3654335,depth_matched,369,0,0,530.131,63.346G
3654335,depth_matched,404,0,0,142.084,23.930G
3654335,depth_matched,368,0,0,536.656,63.330G
3654335,depth_matched,401,0,0,188.527,12.798G
3654335,depth_matched,402,0,0,180.635,12.794G
3654335,depth_matched,388,0,0,392.288,13.242G
3654335,depth_matched,381,0,0,439.043,65.592G
3654335,depth_matched,382,0,0,440.700,65.592G
3654335,depth_matched,383,0,0,441.880,65.591G
3654335,depth_matched,394,0,0,319.759,63.256G
3654335,depth_matched,385,0,0,430.383,39.589G
3654335,depth_matched,384,0,0,441.848,65.591G
3654335,depth_matched,396,0,0,315.571,62.133G
3654335,depth_matched,405,0,0,216.568,12.768G
3654335,depth_matched,403,0,0,251.051,12.767G
3654335,depth_matched,395,0,0,374.697,63.257G
3654335,depth_matched,400,0,0,288.908,13.158G
3654335,depth_matched,406,0,0,251.767,71.268G
3654335,depth_matched,426,0,0,153.498,12.461G
3654335,depth_matched,429,0,0,151.173,48.111G
3654335,depth_matched,430,0,0,154.546,12.371G
3654335,depth_matched,399,0,0,393.110,13.209G
3654335,depth_matched,427,0,0,201.061,12.372G
3654335,depth_matched,428,0,0,201.857,12.417G
3654335,depth_matched,431,0,0,166.859,47.358G
3654335,depth_matched,433,0,0,171.104,12.244G
3654335,depth_matched,435,0,0,171.500,12.266G
3654335,depth_matched,410,0,0,322.702,37.863G
3654335,depth_matched,432,0,0,176.311,12.227G
3654335,depth_matched,409,0,0,328.425,62.041G
3654335,depth_matched,434,0,0,179.190,12.248G
3654335,depth_matched,415,0,0,318.525,63.798G
3654335,depth_matched,414,0,0,319.614,63.794G
3654335,depth_matched,423,0,0,268.440,71.814G
3654335,depth_matched,413,0,0,344.659,63.801G
3654335,depth_matched,422,0,0,269.891,120.674G
3654335,depth_matched,411,0,0,359.128,37.844G
3654335,depth_matched,412,0,0,347.444,63.792G
3654335,depth_matched,407,0,0,393.467,38.097G
3654335,depth_matched,425,0,0,289.175,71.953G
3654335,depth_matched,416,0,0,373.162,64.681G
3654335,depth_matched,408,0,0,449.651,37.992G
3654335,depth_matched,417,0,0,377.643,38.193G
3654335,depth_matched,419,0,0,354.399,38.243G
3654335,depth_matched,424,0,0,353.701,38.680G
3654335,depth_matched,421,0,0,376.566,38.526G
3654335,depth_matched,420,0,0,377.205,64.683G
3654335,depth_matched,443,0,0,277.303,96.422G
3654335,depth_matched,418,0,0,467.897,64.691G
3654335,depth_matched,438,0,0,401.842,36.058G
3654335,depth_matched,442,0,0,365.913,37.982G
3654335,depth_matched,437,0,0,457.659,36.058G
3654335,depth_matched,445,0,0,361.301,37.973G
3654335,depth_matched,439,0,0,466.107,62.259G
3654335,depth_matched,444,0,0,387.203,38.184G
3654335,depth_matched,450,0,0,328.515,67.124G
3654335,depth_matched,449,0,0,332.430,67.124G
3654335,depth_matched,436,0,0,523.970,37.384G
3654335,depth_matched,460,0,0,272.832,72.982G
3654335,depth_matched,440,0,0,518.929,62.255G
3654335,depth_matched,456,0,0,375.370,39.702G
3654335,depth_matched,441,0,0,541.049,38.183G
3654335,depth_matched,457,0,0,372.968,53.716G
3654335,depth_matched,446,0,0,472.806,39.697G
3654335,depth_matched,458,0,0,410.979,67.133G
3654335,depth_matched,468,0,0,280.327,98.554G
3654335,depth_matched,463,0,0,369.771,39.664G
3654335,depth_matched,455,0,0,465.786,66.571G
3654335,depth_matched,459,0,0,444.029,67.131G
3654335,depth_matched,452,0,0,489.198,66.572G
3654335,depth_matched,451,0,0,489.749,66.572G
3654335,depth_matched,465,0,0,372.839,67.067G
3654335,depth_matched,453,0,0,491.389,66.575G
3654335,depth_matched,454,0,0,497.317,65.688G
3654335,depth_matched,461,0,0,427.539,53.658G
3654335,depth_matched,447,0,0,533.902,67.124G
3654335,depth_matched,464,0,0,420.387,39.664G
3654335,depth_matched,448,0,0,545.359,40.281G
3654335,depth_matched,466,0,0,414.631,67.565G
3654335,depth_matched,467,0,0,427.751,67.588G
3654335,depth_matched,477,0,0,205.121,24.207G
3654335,depth_matched,462,0,0,485.336,67.067G
3654335,depth_matched,471,0,0,343.607,53.584G
3654335,depth_matched,483,0,0,154.498,23.961G
3654335,depth_matched,473,0,0,339.103,39.735G
3654335,depth_matched,486,0,0,181.860,12.316G
3654335,depth_matched,469,0,0,484.692,67.633G
3654335,depth_matched,487,0,0,203.519,12.338G
3654335,depth_matched,470,0,0,447.005,70.513G
3654335,depth_matched,472,0,0,402.840,39.728G
3654335,depth_matched,488,0,0,211.821,12.337G
3654335,depth_matched,485,0,0,228.361,12.797G
3654335,depth_matched,479,0,0,292.166,13.167G
3654335,depth_matched,482,0,0,262.683,63.215G
3654335,depth_matched,490,0,0,217.702,60.827G
3654335,depth_matched,480,0,0,293.776,13.117G
3654335,depth_matched,489,0,0,219.341,12.312G
3654335,depth_matched,484,0,0,253.488,12.749G
3654335,depth_matched,474,0,0,391.437,39.728G
3654335,depth_matched,481,0,0,308.924,12.785G
3654335,depth_matched,476,0,0,399.438,62.186G
3654335,depth_matched,478,0,0,399.107,62.184G
3654335,depth_matched,475,0,0,465.852,66.967G
3654335,depth_matched,498,0,0,265.397,97.065G
3654335,depth_matched,502,0,0,263.992,71.173G
3654335,depth_matched,491,0,0,463.547,37.441G
3654335,depth_matched,501,0,0,351.102,65.780G
3654335,depth_matched,493,0,0,466.357,37.193G
3654335,depth_matched,492,0,0,483.983,65.036G
3654335,depth_matched,495,0,0,462.073,65.033G
3654335,depth_matched,497,0,0,450.214,65.720G
3654335,depth_matched,499,0,0,443.213,38.843G
3654335,depth_matched,503,0,0,361.189,67.101G
3654335,depth_matched,504,0,0,359.635,67.108G
3654335,depth_matched,511,0,0,349.353,69.196G
3654335,depth_matched,500,0,0,483.486,65.723G
3654335,depth_matched,510,0,0,358.477,69.974G
3654335,depth_matched,494,0,0,555.468,37.194G
3654335,depth_matched,496,0,0,541.368,67.286G
3654335,depth_matched,509,0,0,363.238,71.993G
3654335,depth_matched,522,0,0,264.039,71.928G
3654335,depth_matched,508,0,0,430.461,56.258G
3654335,depth_matched,512,0,0,437.473,69.202G
3654335,depth_matched,506,0,0,456.031,56.183G
3654335,depth_matched,507,0,0,459.540,69.979G
3654335,depth_matched,514,0,0,444.672,70.624G
3654335,depth_matched,505,0,0,474.730,67.105G
3654335,depth_matched,525,0,0,266.344,71.869G
3654335,depth_matched,515,0,0,456.040,69.210G
3654335,depth_matched,513,0,0,456.567,69.204G
3654335,depth_matched,517,0,0,448.918,63.653G
3654335,depth_matched,516,0,0,467.078,63.654G
3654335,depth_matched,518,0,0,509.188,37.898G
3654335,depth_matched,519,0,0,523.072,37.918G
3654335,depth_matched,521,0,0,478.355,39.480G
3654335,depth_matched,520,0,0,516.513,37.934G
3654335,depth_matched,547,0,0,148.902,12.252G
3654335,depth_matched,523,0,0,466.254,65.962G
3654335,depth_matched,524,0,0,479.390,65.451G
3654335,depth_matched,527,0,0,362.261,65.885G
3654335,depth_matched,531,0,0,318.271,65.069G
3654335,depth_matched,532,0,0,327.160,38.377G
3654335,depth_matched,548,0,0,182.151,12.250G
3654335,depth_matched,546,0,0,183.035,12.236G
3654335,depth_matched,550,0,0,154.053,36.547G
3654335,depth_matched,549,0,0,181.190,12.247G
3654335,depth_matched,526,0,0,415.630,66.658G
3654335,depth_matched,551,0,0,132.600,11.960G
3654335,depth_matched,543,0,0,279.759,125.060G
3654335,depth_matched,530,0,0,387.471,40.469G
3654335,depth_matched,535,0,0,351.718,67.020G
3654335,depth_matched,553,0,0,114.216,11.959G
3654335,depth_matched,536,0,0,360.771,65.666G
3654335,depth_matched,552,0,0,140.344,11.961G
3654335,depth_matched,554,0,0,96.207,11.960G
3654335,depth_matched,528,0,0,433.363,67.439G
3654335,depth_matched,537,0,0,357.316,65.666G
3654335,depth_matched,538,0,0,359.861,38.931G
3654335,depth_matched,534,0,0,427.190,67.019G
3654335,depth_matched,529,0,0,442.694,65.876G
3654335,depth_matched,562,0,0,84.253,11.926G
3654335,depth_matched,533,0,0,430.276,67.018G
3654335,depth_matched,561,0,0,85.292,59.141G
3654335,depth_matched,563,0,0,89.908,11.926G
3654335,depth_matched,564,0,0,92.091,11.926G
3654335,depth_matched,540,0,0,362.374,67.738G
3654335,depth_matched,545,0,0,290.955,99.188G
3654335,depth_matched,555,0,0,152.104,11.962G
3654335,depth_matched,565,0,0,110.467,11.926G
3654335,depth_matched,544,0,0,369.544,69.569G
3654335,depth_matched,559,0,0,185.272,12.632G
3654335,depth_matched,558,0,0,185.655,12.625G
3654335,depth_matched,539,0,0,470.226,67.738G
3654335,depth_matched,560,0,0,211.007,12.713G
3654335,depth_matched,557,0,0,242.171,50.102G
3654335,depth_matched,556,0,0,243.018,12.626G
3654335,depth_matched,569,0,0,215.041,24.011G
3654335,depth_matched,542,0,0,541.379,70.093G
3654335,depth_matched,541,0,0,543.279,71.597G
3654335,depth_matched,566,0,0,256.464,12.918G
3654335,depth_matched,570,0,0,250.883,13.005G
3654335,depth_matched,574,0,0,222.964,63.220G
3654335,depth_matched,571,0,0,239.376,25.143G
3654335,depth_matched,567,0,0,274.212,12.917G
3654335,depth_matched,573,0,0,236.914,12.740G
3654335,depth_matched,580,0,0,216.054,62.742G
3654335,depth_matched,579,0,0,217.609,12.723G
3654335,depth_matched,572,0,0,278.252,63.210G
3654335,depth_matched,576,0,0,259.957,62.742G
3654335,depth_matched,577,0,0,261.727,37.806G
3654335,depth_matched,578,0,0,281.702,50.202G
3654335,depth_matched,575,0,0,306.271,12.740G
3654335,depth_matched,568,0,0,368.923,61.765G
3654335,depth_matched,584,0,0,302.240,100.286G
3654335,depth_matched,586,0,0,352.178,38.237G
3654335,depth_matched,585,0,0,395.969,69.931G
3654335,depth_matched,581,0,0,422.093,69.931G
3654335,depth_matched,583,0,0,424.291,71.419G
3654335,depth_matched,582,0,0,425.812,69.928G
3654335,depth_matched,590,0,0,367.052,66.522G
3654335,depth_matched,587,0,0,427.247,66.522G
3654335,depth_matched,591,0,0,372.489,66.153G
3654335,depth_matched,597,0,0,296.868,72.034G
3654335,depth_matched,592,0,0,379.065,38.896G
3654335,depth_matched,588,0,0,475.705,66.056G
3654335,depth_matched,594,0,0,406.198,66.140G
3654335,depth_matched,589,0,0,532.141,51.826G
3654335,depth_matched,601,0,0,374.195,51.743G
3654335,depth_matched,599,0,0,376.374,65.757G
3654335,depth_matched,600,0,0,380.639,67.842G
3654335,depth_matched,598,0,0,403.200,65.757G
3654335,depth_matched,614,0,0,269.403,123.416G
3654335,depth_matched,606,0,0,376.023,74.594G
3654335,depth_matched,607,0,0,375.804,74.601G
3654335,depth_matched,596,0,0,468.383,65.753G
3654335,depth_matched,593,0,0,499.662,66.149G
3654335,depth_matched,604,0,0,395.276,66.400G
3654335,depth_matched,595,0,0,480.680,66.167G
3654335,depth_matched,605,0,0,412.672,38.147G
3654335,depth_matched,611,0,0,397.725,53.173G
3654335,depth_matched,610,0,0,424.773,74.597G
3654335,depth_matched,609,0,0,434.137,74.600G
3654335,depth_matched,602,0,0,517.216,64.561G
3654335,depth_matched,603,0,0,520.920,64.559G
3654335,depth_matched,615,0,0,385.547,38.938G
3654335,depth_matched,616,0,0,388.562,71.856G
3654335,depth_matched,625,0,0,252.664,74.529G
3654335,depth_matched,617,0,0,382.506,72.262G
3654335,depth_matched,608,0,0,534.276,74.596G
3654335,depth_matched,618,0,0,378.349,72.408G
3654335,depth_matched,624,0,0,339.592,41.346G
3654335,depth_matched,612,0,0,524.756,53.175G
3654335,depth_matched,613,0,0,519.649,66.374G
3654335,depth_matched,619,0,0,387.219,70.152G
3654335,depth_matched,626,0,0,349.390,38.105G
3654335,depth_matched,622,0,0,397.719,66.833G
3654335,depth_matched,621,0,0,400.210,66.832G
3654335,depth_matched,623,0,0,395.224,66.841G
3654335,depth_matched,620,0,0,418.053,70.724G
3654335,depth_matched,633,0,0,251.177,124.646G
3654335,depth_matched,628,0,0,385.969,66.549G
3654335,depth_matched,629,0,0,401.255,66.082G
3654335,depth_matched,635,0,0,358.234,69.178G
3654335,depth_matched,636,0,0,360.393,57.702G
3654335,depth_matched,632,0,0,391.872,55.075G
3654335,depth_matched,631,0,0,393.296,69.176G
3654335,depth_matched,634,0,0,384.944,68.933G
3654335,depth_matched,627,0,0,490.158,38.241G
3654335,depth_matched,651,0,0,246.580,118.938G
3654335,depth_matched,637,0,0,390.265,57.621G
3654335,depth_matched,644,0,0,373.720,67.451G
3654335,depth_matched,643,0,0,374.033,53.964G
3654335,depth_matched,640,0,0,433.980,74.563G
3654335,depth_matched,630,0,0,520.730,38.347G
3654335,depth_matched,642,0,0,419.137,65.432G
3654335,depth_matched,641,0,0,475.640,67.456G
3654335,depth_matched,639,0,0,501.445,74.567G
3654335,depth_matched,647,0,0,400.111,67.642G
3654335,depth_matched,664,0,0,245.076,72.815G
3654335,depth_matched,648,0,0,401.206,52.949G
3654335,depth_matched,638,0,0,508.476,74.568G
3654335,depth_matched,652,0,0,389.272,63.421G
3654335,depth_matched,654,0,0,345.632,37.153G
3654335,depth_matched,655,0,0,347.373,37.262G
3654335,depth_matched,659,0,0,368.669,63.108G
3654335,depth_matched,661,0,0,371.540,39.594G
3654335,depth_matched,645,0,0,509.620,65.433G
3654335,depth_matched,657,0,0,396.840,37.086G
3654335,depth_matched,662,0,0,371.657,39.638G
3654335,depth_matched,663,0,0,372.299,39.595G
3654335,depth_matched,646,0,0,526.981,66.876G
3654335,depth_matched,660,0,0,396.563,63.087G
3654335,depth_matched,653,0,0,466.459,62.462G
3654335,depth_matched,650,0,0,533.919,67.661G
3654335,depth_matched,649,0,0,537.430,66.082G
3654335,depth_matched,665,0,0,332.392,66.547G
3654335,depth_matched,672,0,0,266.453,121.845G
3654335,depth_matched,656,0,0,519.562,63.073G
3654335,depth_matched,669,0,0,344.218,64.868G
3654335,depth_matched,658,0,0,514.506,62.158G
3654335,depth_matched,666,0,0,372.134,38.378G
3654335,depth_matched,667,0,0,378.544,38.266G
3654335,depth_matched,674,0,0,338.737,52.209G
3654335,depth_matched,668,0,0,368.249,38.473G
3654335,depth_matched,671,0,0,374.758,65.188G
3654335,depth_matched,670,0,0,379.455,38.368G
3654335,depth_matched,679,0,0,275.492,71.785G
3654335,depth_matched,673,0,0,457.316,38.621G
3654335,depth_matched,675,0,0,385.063,38.618G
3654335,depth_matched,677,0,0,386.649,67.080G
3654335,depth_matched,683,0,0,338.323,67.092G
3654335,depth_matched,682,0,0,380.499,66.081G
3654335,depth_matched,695,0,0,278.688,132.498G
3654335,depth_matched,684,0,0,392.818,38.207G
3654335,depth_matched,680,0,0,450.889,38.505G
3654335,depth_matched,685,0,0,379.200,65.201G
3654335,depth_matched,686,0,0,400.366,38.257G
3654335,depth_matched,689,0,0,399.281,38.264G
3654335,depth_matched,688,0,0,399.716,64.709G
3654335,depth_matched,687,0,0,401.842,66.579G
3654335,depth_matched,676,0,0,550.767,65.125G
3654335,depth_matched,678,0,0,537.028,65.125G
3654335,depth_matched,681,0,0,518.010,65.494G
3654335,depth_matched,691,0,0,432.445,81.389G
3654335,depth_matched,701,0,0,340.236,38.783G
3654335,depth_matched,707,0,0,308.549,129.149G
3654335,depth_matched,703,0,0,379.699,64.999G
3654335,depth_matched,702,0,0,383.461,38.670G
3654335,depth_matched,693,0,0,510.283,77.024G
3654335,depth_matched,704,0,0,409.659,38.673G
3654335,depth_matched,705,0,0,403.585,63.932G
3654335,depth_matched,690,0,0,556.385,66.267G
3654335,depth_matched,706,0,0,450.758,80.691G
3654335,depth_matched,692,0,0,587.118,79.147G
3654335,depth_matched,696,0,0,567.565,85.971G
3654335,depth_matched,694,0,0,631.577,80.238G
3654335,depth_matched,699,0,0,579.165,85.973G
3654335,depth_matched,708,0,0,471.131,79.295G
3654335,depth_matched,710,0,0,456.144,79.993G
3654335,depth_matched,709,0,0,531.839,80.687G
3654335,depth_matched,718,0,0,435.363,76.061G
3654335,depth_matched,712,0,0,546.242,152.345G
3654335,depth_matched,722,0,0,470.810,71.130G
3654335,depth_matched,721,0,0,483.777,69.650G
3654335,depth_matched,723,0,0,495.279,71.128G
3654335,depth_matched,725,0,0,487.035,69.655G
3654335,depth_matched,719,0,0,537.849,76.054G
3654335,depth_matched,728,0,0,430.259,142.659G
3654335,depth_matched,720,0,0,533.081,76.053G
3654335,depth_matched,716,0,0,619.881,76.051G
3654335,depth_matched,717,0,0,606.879,76.058G
3654335,depth_matched,711,0,0,707.519,96.866G
3654335,depth_matched,727,0,0,551.381,87.183G
3654335,depth_matched,697,0,0,997.354,85.967G
3654335,depth_matched,700,0,0,940.052,85.971G
3654335,depth_matched,724,0,0,654.034,69.653G
3654335,depth_matched,698,0,0,997.639,85.967G
3654335,depth_matched,746,0,0,257.449,70.221G
3654335,depth_matched,726,0,0,713.818,87.182G
3654335,depth_matched,713,0,0,841.086,96.871G
3654335,depth_matched,714,0,0,881.976,96.862G
3654335,depth_matched,729,0,0,713.011,87.184G
3654335,depth_matched,730,0,0,727.468,87.184G
3654335,depth_matched,715,0,0,940.550,96.869G
3654335,depth_matched,735,0,0,696.181,95.589G
3654335,depth_matched,762,0,0,158.151,23.877G
3654335,depth_matched,750,0,0,391.856,63.297G
3654335,depth_matched,752,0,0,385.444,142.357G
3654335,depth_matched,749,0,0,404.037,63.349G
3654335,depth_matched,747,0,0,477.666,49.924G
3654335,depth_matched,748,0,0,501.751,49.926G
3654335,depth_matched,756,0,0,412.565,77.628G
3654335,depth_matched,739,0,0,727.414,98.474G
3654335,depth_matched,757,0,0,419.983,77.632G
3654335,depth_matched,732,0,0,902.618,95.586G
3654335,depth_matched,731,0,0,905.330,95.587G
3654335,depth_matched,764,0,0,277.037,12.697G
3654335,depth_matched,761,0,0,363.074,12.700G
3654335,depth_matched,763,0,0,308.839,62.793G
3654335,depth_matched,765,0,0,252.041,12.698G
3654335,depth_matched,736,0,0,938.803,98.481G
3654335,depth_matched,733,0,0,1003.118,95.585G
3654335,depth_matched,769,0,0,270.933,99.864G
3654335,depth_matched,771,0,0,281.698,100.605G
3654335,depth_matched,741,0,0,947.013,95.874G
3654335,depth_matched,742,0,0,939.319,96.773G
3654335,depth_matched,740,0,0,956.888,100.984G
3654335,depth_matched,751,0,0,755.770,86.873G
3654335,depth_matched,770,0,0,370.217,69.606G
3654335,depth_matched,743,0,0,958.171,95.874G
3654335,depth_matched,753,0,0,756.181,86.877G
3654335,depth_matched,758,0,0,662.506,77.630G
3654335,depth_matched,754,0,0,741.024,86.872G
3654335,depth_matched,755,0,0,741.560,86.876G
3654335,depth_matched,766,0,0,475.038,55.716G
3654335,depth_matched,759,0,0,656.076,80.503G
3654335,depth_matched,767,0,0,475.302,69.580G
3654335,depth_matched,734,0,0,1170.570,95.588G
3654335,depth_matched,745,0,0,924.579,96.772G
3654335,depth_matched,773,0,0,417.788,68.937G
3654335,depth_matched,772,0,0,425.417,68.913G
3654335,depth_matched,760,0,0,684.277,80.502G
3654335,depth_matched,737,0,0,1155.331,100.308G
3654335,depth_matched,744,0,0,1002.857,95.874G
3654335,depth_matched,768,0,0,523.764,69.602G
3654335,depth_matched,738,0,0,1158.789,100.985G
3654335,depth_matched,774,0,0,498.326,68.931G
3654335,depth_matched,775,0,0,502.074,68.903G
3654335,depth_matched,776,0,0,546.696,86.400G
3654335,depth_matched,777,0,0,546.093,85.143G
3654335,depth_matched,781,0,0,557.006,86.099G
3654335,depth_matched,778,0,0,560.942,86.403G
3654335,depth_matched,796,0,0,324.868,12.971G
3654335,depth_matched,798,0,0,349.158,38.357G
3654335,depth_matched,797,0,0,350.270,63.926G
3654335,depth_matched,800,0,0,391.612,12.969G
3654335,depth_matched,799,0,0,396.998,12.970G
3654335,depth_matched,782,0,0,654.273,86.090G
3654335,depth_matched,783,0,0,669.790,86.088G
3654335,depth_matched,780,0,0,703.803,86.400G
3654335,depth_matched,779,0,0,707.461,86.398G
3654335,depth_matched,784,0,0,702.544,86.104G
3654335,depth_matched,787,0,0,600.907,152.053G
3654335,depth_matched,785,0,0,653.556,86.081G
3654335,depth_matched,788,0,0,581.706,152.046G
3654335,depth_matched,792,0,0,583.664,84.727G
3654335,depth_matched,791,0,0,695.523,84.725G
3654335,depth_matched,790,0,0,803.279,96.581G
3654335,depth_matched,793,0,0,774.770,84.725G
3654335,depth_matched,786,0,0,929.639,96.582G
3654335,depth_matched,794,0,0,793.962,84.723G
3654335,depth_matched,801,0,0,764.601,88.617G
3654335,depth_matched,803,0,0,756.323,88.610G
3654335,depth_matched,795,0,0,802.056,84.724G
3654335,depth_matched,802,0,0,760.277,88.616G
3654335,depth_matched,813,0,0,572.444,86.684G
3654335,depth_matched,814,0,0,559.535,86.686G
3654335,depth_matched,805,0,0,790.479,88.614G
3654335,depth_matched,815,0,0,534.606,86.678G
3654335,depth_matched,789,0,0,913.367,96.582G
3654335,depth_matched,811,0,0,726.628,86.680G
3654335,depth_matched,812,0,0,740.715,86.677G
3654335,depth_matched,816,0,0,694.393,85.716G
3654335,depth_matched,817,0,0,682.363,85.714G
3654335,depth_matched,804,0,0,1065.926,88.616G
3654335,depth_matched,818,0,0,893.368,85.720G
3654335,depth_matched,819,0,0,895.450,85.715G
3654335,depth_matched,822,0,0,871.669,98.883G
3654335,depth_matched,823,0,0,866.888,98.899G
3654335,depth_matched,824,0,0,871.940,98.897G
3654335,depth_matched,825,0,0,870.807,98.897G
3654335,depth_matched,820,0,0,1002.485,85.714G
3654335,depth_matched,821,0,0,1149.050,98.893G
3654335,depth_matched,809,0,0,1533.033,109.136G
3654335,depth_matched,807,0,0,1569.961,109.082G
3654335,depth_matched,806,0,0,1902.040,109.843G
3654335,depth_matched,808,0,0,1892.373,108.370G
3654335,depth_matched,810,0,0,1911.839,109.620G
3654338,invariance,undefined,0,0,3260.333,125.125G
3654340,selection_only,2,0,0,123.653,24.390G
3654340,selection_only,1,0,0,147.634,121.711G
3654340,selection_only,6,0,0,89.352,24.152G
3654340,selection_only,5,0,0,115.540,23.973G
3654340,selection_only,3,0,0,309.737,77.465G
3654340,selection_only,4,0,0,256.144,58.126G
3654340,selection_only,7,0,0,228.541,68.543G
3654340,selection_only,9,0,0,147.871,72.342G
3654340,selection_only,19,0,0,86.455,12.372G
3654340,selection_only,8,0,0,163.829,130.962G
3654340,selection_only,20,0,0,104.011,12.333G
3654340,selection_only,10,0,0,201.673,65.229G
3654340,selection_only,29,0,0,54.468,23.322G
3654340,selection_only,15,0,0,201.599,68.275G
3654340,selection_only,11,0,0,247.529,36.975G
3654340,selection_only,14,0,0,231.548,70.927G
3654340,selection_only,12,0,0,252.264,36.773G
3654340,selection_only,30,0,0,98.882,12.410G
3654340,selection_only,21,0,0,205.113,68.087G
3654340,selection_only,17,0,0,262.840,77.009G
3654340,selection_only,13,0,0,297.877,68.779G
3654340,selection_only,28,0,0,149.931,71.273G
3654340,selection_only,16,0,0,278.837,67.312G
3654340,selection_only,23,0,0,223.138,73.700G
3654340,selection_only,18,0,0,273.756,39.424G
3654340,selection_only,25,0,0,213.403,39.890G
3654340,selection_only,24,0,0,261.934,69.568G
3654340,selection_only,27,0,0,203.172,13.142G
3654340,selection_only,22,0,0,281.526,53.179G
3654340,selection_only,33,0,0,152.178,72.731G
3654340,selection_only,46,0,0,39.276,11.258G
3654340,selection_only,45,0,0,69.484,11.757G
3654340,selection_only,26,0,0,276.954,67.709G
3654340,selection_only,32,0,0,216.892,74.725G
3654340,selection_only,44,0,0,93.607,23.859G
3654340,selection_only,34,0,0,183.493,70.645G
3654340,selection_only,37,0,0,181.753,51.828G
3654340,selection_only,31,0,0,262.263,68.684G
3654340,selection_only,36,0,0,199.240,38.625G
3654340,selection_only,38,0,0,200.119,38.994G
3654340,selection_only,41,0,0,202.307,68.312G
3654340,selection_only,35,0,0,256.920,65.654G
3654340,selection_only,40,0,0,216.830,68.436G
3654340,selection_only,39,0,0,256.724,66.297G
3654340,selection_only,60,0,0,67.099,12.182G
3654340,selection_only,53,0,0,157.896,120.625G
3654340,selection_only,59,0,0,106.192,12.236G
3654340,selection_only,42,0,0,241.647,36.350G
3654340,selection_only,43,0,0,254.109,40.180G
3654340,selection_only,48,0,0,219.781,61.584G
3654340,selection_only,50,0,0,207.377,38.985G
3654340,selection_only,54,0,0,202.913,63.855G
3654340,selection_only,52,0,0,235.843,65.798G
3654340,selection_only,57,0,0,178.884,130.710G
3654340,selection_only,47,0,0,271.570,78.756G
3654340,selection_only,64,0,0,132.932,12.808G
3654340,selection_only,58,0,0,210.361,56.019G
3654340,selection_only,56,0,0,234.280,68.241G
3654340,selection_only,65,0,0,148.543,12.632G
3654340,selection_only,63,0,0,185.244,54.294G
3654340,selection_only,81,0,0,83.351,23.784G
3654340,selection_only,62,0,0,204.152,51.451G
3654340,selection_only,51,0,0,309.446,71.627G
3654340,selection_only,61,0,0,224.194,36.754G
3654340,selection_only,55,0,0,295.684,75.815G
3654340,selection_only,71,0,0,161.301,72.625G
3654340,selection_only,86,0,0,93.366,12.034G
3654340,selection_only,73,0,0,171.971,13.344G
3654340,selection_only,69,0,0,190.233,38.490G
3654340,selection_only,87,0,0,87.609,12.217G
3654340,selection_only,67,0,0,210.928,38.267G
3654340,selection_only,80,0,0,136.074,24.766G
3654340,selection_only,78,0,0,155.540,64.868G
3654340,selection_only,68,0,0,222.678,38.335G
3654340,selection_only,79,0,0,163.552,64.386G
3654340,selection_only,74,0,0,186.207,63.421G
3654340,selection_only,49,0,0,400.538,75.622G
3654340,selection_only,72,0,0,207.430,36.759G
3654340,selection_only,70,0,0,229.482,39.348G
3654340,selection_only,84,0,0,162.328,71.477G
3654340,selection_only,66,0,0,276.529,68.094G
3654340,selection_only,77,0,0,204.941,39.088G
3654340,selection_only,82,0,0,203.825,36.236G
3654340,selection_only,76,0,0,238.336,68.890G
3654340,selection_only,83,0,0,209.827,66.349G
3654340,selection_only,98,0,0,91.816,23.529G
3654340,selection_only,111,0,0,54.384,22.737G
3654340,selection_only,88,0,0,177.595,35.875G
3654340,selection_only,75,0,0,273.642,64.110G
3654340,selection_only,85,0,0,228.783,37.878G
3654340,selection_only,113,0,0,65.999,11.929G
3654340,selection_only,93,0,0,172.071,122.677G
3654340,selection_only,92,0,0,193.690,67.549G
3654340,selection_only,89,0,0,212.780,37.448G
3654340,selection_only,97,0,0,169.417,12.647G
3654340,selection_only,94,0,0,197.833,52.588G
3654340,selection_only,100,0,0,172.179,121.730G
3654340,selection_only,112,0,0,128.796,61.693G
3654340,selection_only,110,0,0,145.239,12.257G
3654340,selection_only,96,0,0,221.565,64.171G
3654340,selection_only,95,0,0,227.832,64.084G
3654340,selection_only,90,0,0,263.559,67.013G
3654340,selection_only,99,0,0,197.723,36.764G
3654340,selection_only,103,0,0,210.508,54.222G
3654340,selection_only,101,0,0,210.682,37.461G
3654340,selection_only,105,0,0,198.206,65.848G
3654340,selection_only,104,0,0,220.545,63.556G
3654340,selection_only,116,0,0,150.414,12.858G
3654340,selection_only,115,0,0,152.911,12.975G
3654340,selection_only,102,0,0,229.843,72.828G
3654340,selection_only,108,0,0,204.769,68.011G
3654340,selection_only,107,0,0,223.327,38.944G
3654340,selection_only,91,0,0,319.853,51.114G
3654340,selection_only,106,0,0,227.298,67.448G
3654340,selection_only,114,0,0,191.697,12.931G
3654340,selection_only,109,0,0,237.615,73.905G
3654340,selection_only,119,0,0,175.505,72.261G
3654340,selection_only,121,0,0,169.658,71.096G
3654340,selection_only,117,0,0,228.521,70.345G
3654340,selection_only,125,0,0,176.408,72.510G
3654340,selection_only,120,0,0,222.654,38.638G
3654340,selection_only,134,0,0,161.681,71.529G
3654340,selection_only,127,0,0,219.339,52.151G
3654340,selection_only,126,0,0,220.244,65.571G
3654340,selection_only,124,0,0,227.371,56.088G
3654340,selection_only,133,0,0,210.199,37.662G
3654340,selection_only,123,0,0,268.576,69.664G
3654340,selection_only,118,0,0,316.805,40.681G
3654340,selection_only,131,0,0,245.665,63.512G
3654340,selection_only,122,0,0,279.394,77.918G
3654340,selection_only,132,0,0,249.042,36.596G
3654340,selection_only,130,0,0,252.873,69.289G
3654340,selection_only,129,0,0,255.470,64.937G
3654340,selection_only,153,0,0,141.140,12.630G
3654340,selection_only,141,0,0,205.047,66.606G
3654340,selection_only,135,0,0,254.585,65.487G
3654340,selection_only,128,0,0,299.130,74.996G
3654340,selection_only,145,0,0,206.075,68.848G
3654340,selection_only,136,0,0,266.239,52.351G
3654340,selection_only,138,0,0,255.847,65.360G
3654340,selection_only,154,0,0,172.776,97.440G
3654340,selection_only,155,0,0,173.659,98.110G
3654340,selection_only,142,0,0,245.112,72.542G
3654340,selection_only,150,0,0,218.254,63.497G
3654340,selection_only,139,0,0,302.847,81.499G
3654340,selection_only,144,0,0,278.603,76.554G
3654340,selection_only,137,0,0,334.939,37.588G
3654340,selection_only,160,0,0,199.343,50.356G
3654340,selection_only,140,0,0,352.777,86.782G
3654340,selection_only,146,0,0,340.440,84.415G
3654340,selection_only,159,0,0,260.124,139.893G
3654340,selection_only,152,0,0,351.758,78.423G
3654340,selection_only,157,0,0,280.338,82.638G
3654340,selection_only,151,0,0,404.602,84.058G
3654340,selection_only,143,0,0,434.170,97.791G
3654340,selection_only,147,0,0,428.296,95.674G
3654340,selection_only,158,0,0,346.773,155.357G
3654340,selection_only,156,0,0,367.973,83.444G
3654340,selection_only,148,0,0,441.952,101.056G
3654340,selection_only,163,0,0,318.246,83.918G
3654340,selection_only,149,0,0,478.322,100.204G
3654340,selection_only,161,0,0,433.659,94.731G
3654340,selection_only,164,0,0,476.321,85.817G
3654340,selection_only,165,0,0,523.447,99.035G
3654340,selection_only,162,0,0,725.919,99.446G
3654341,patient_pooled,8,0,0,231.779,78.488G
3654341,patient_pooled,14,0,0,233.160,52.696G
3654341,patient_pooled,3,0,0,385.087,82.534G
3654341,patient_pooled,16,0,0,303.525,78.139G
3654341,patient_pooled,6,0,0,392.310,100.123G
3654341,patient_pooled,17,0,0,313.459,75.233G
3654341,patient_pooled,18,0,0,218.191,134.835G
3654341,patient_pooled,22,0,0,203.590,39.067G
3654341,patient_pooled,23,0,0,204.643,37.880G
3654341,patient_pooled,21,0,0,212.097,130.988G
3654341,patient_pooled,20,0,0,253.830,70.447G
3654341,patient_pooled,24,0,0,254.044,75.884G
3654341,patient_pooled,26,0,0,232.128,77.646G
3654341,patient_pooled,15,0,0,459.936,90.282G
3654341,patient_pooled,19,0,0,310.337,53.979G
3654341,patient_pooled,4,0,0,593.599,116.776G
3654341,patient_pooled,28,0,0,202.690,77.718G
3654341,patient_pooled,2,0,0,653.792,106.128G
3654341,patient_pooled,5,0,0,658.862,111.945G
3654341,patient_pooled,30,0,0,227.146,137.879G
3654341,patient_pooled,25,0,0,386.188,88.570G
3654341,patient_pooled,11,0,0,649.358,156.745G
3654341,patient_pooled,32,0,0,238.071,79.164G
3654341,patient_pooled,29,0,0,309.411,72.030G
3654341,patient_pooled,37,0,0,204.561,53.788G
3654341,patient_pooled,36,0,0,222.996,38.096G
3654341,patient_pooled,35,0,0,264.483,37.808G
3654341,patient_pooled,12,0,0,740.743,186.073G
3654341,patient_pooled,1,0,0,812.117,95.862G
3654341,patient_pooled,7,0,0,811.331,96.426G
3654341,patient_pooled,33,0,0,365.944,90.260G
3654341,patient_pooled,34,0,0,358.998,151.645G
3654341,patient_pooled,38,0,0,379.486,96.629G
3654341,patient_pooled,27,0,0,614.456,103.282G
3654341,patient_pooled,9,0,0,990.445,104.956G
3654341,patient_pooled,31,0,0,559.749,102.181G
3654341,patient_pooled,39,0,0,498.053,86.877G
3654341,patient_pooled,13,0,0,1037.673,111.823G
3654341,patient_pooled,10,0,0,1216.329,126.770G
3654342,seed_repeat,163,0,0,907.035,98.377G
3654343,seed_repeat,163,0,0,710.704,102.492G
3654344,seed_repeat,163,0,0,1060.072,102.494G
