study_id,broad,whole_potency,share
Joanito_2022_Nat_Genet,Epithelial,Differentiated,0.8090639834462612
Joanito_2022_Nat_Genet,Epithelial,Unipotent,0.12776402807643933
Joanito_2022_Nat_Genet,Epithelial,Oligopotent,0.04552278167728324
Joanito_2022_Nat_Genet,Epithelial,Multipotent,0.01760863391082079
Joanito_2022_Nat_Genet,Epithelial,Pluripotent,4.057288919543961e-05
Joanito_2022_Nat_Genet,Immune,Differentiated,0.9960015448576687
Joanito_2022_Nat_Genet,Immune,Unipotent,0.00390000833011488
Joanito_2022_Nat_Genet,Immune,Oligopotent,6.815548538064838e-05
Joanito_2022_Nat_Genet,Immune,Multipotent,3.0291326835843727e-05
Joanito_2022_Nat_Genet,Stromal,Multipotent,0.5217248778161878
Joanito_2022_Nat_Genet,Stromal,Differentiated,0.20747407319108357
Joanito_2022_Nat_Genet,Stromal,Oligopotent,0.14793181547264275
Joanito_2022_Nat_Genet,Stromal,Unipotent,0.12286923352008583
Lee_2020_Nat_Genet,Epithelial,Differentiated,0.8261212740273006
Lee_2020_Nat_Genet,Epithelial,Unipotent,0.13608505896554926
Lee_2020_Nat_Genet,Epithelial,Oligopotent,0.02836846503853654
Lee_2020_Nat_Genet,Epithelial,Multipotent,0.009193054136874362
Lee_2020_Nat_Genet,Epithelial,Pluripotent,0.00023214783173925157
Lee_2020_Nat_Genet,Immune,Differentiated,0.9906570778781733
Lee_2020_Nat_Genet,Immune,Unipotent,0.00901510029299076
Lee_2020_Nat_Genet,Immune,Oligopotent,0.0003278218288360276
Lee_2020_Nat_Genet,Stromal,Differentiated,0.38204165244110616
Lee_2020_Nat_Genet,Stromal,Multipotent,0.26721292818937065
Lee_2020_Nat_Genet,Stromal,Unipotent,0.18140434733128485
Lee_2020_Nat_Genet,Stromal,Oligopotent,0.1693410720382383
Qin_2023_Cell_Rep_Med,Epithelial,Differentiated,0.7096062133805695
Qin_2023_Cell_Rep_Med,Epithelial,Unipotent,0.17664531952582097
Qin_2023_Cell_Rep_Med,Epithelial,Oligopotent,0.0860880228914021
Qin_2023_Cell_Rep_Med,Epithelial,Multipotent,0.027660444202207386
Qin_2023_Cell_Rep_Med,Immune,Differentiated,0.9543649997994947
Qin_2023_Cell_Rep_Med,Immune,Unipotent,0.03909852829129406
Qin_2023_Cell_Rep_Med,Immune,Oligopotent,0.006516421381882343
Qin_2023_Cell_Rep_Med,Immune,Multipotent,2.005052732886875e-05
Qin_2023_Cell_Rep_Med,Stromal,Differentiated,0.3729065083739665
Qin_2023_Cell_Rep_Med,Stromal,Unipotent,0.26450427531623205
Qin_2023_Cell_Rep_Med,Stromal,Oligopotent,0.19913787011518622
Qin_2023_Cell_Rep_Med,Stromal,Multipotent,0.1634513461946152
