study,compartment,cells,rho_whole_intrinsic,rho_whole_split,potency_agreement_whole_intrinsic
Joanito_2022_Nat_Genet,Epithelial,24647,0.6461330179330232,0.6350552894000197,0.8512597882095184
Joanito_2022_Nat_Genet,Immune,132051,0.41138588898758494,0.6132443754602538,0.9917986232591953
Joanito_2022_Nat_Genet,Stromal,33556,0.8458605879160073,0.9014546234562568,0.7156991298128501
Lee_2020_Nat_Genet,Epithelial,21538,0.7055007953422973,0.64674033562644,0.851750394651314
Lee_2020_Nat_Genet,Immune,48807,0.30424640924176366,0.36553143864268856,0.9904317003708485
Lee_2020_Nat_Genet,Stromal,8787,0.8388980501002339,0.9091449560742922,0.6564242631159668
Qin_2023_Cell_Rep_Med,Epithelial,36695,0.6817956518265739,0.7330813919946935,0.7644365717400191
Qin_2023_Cell_Rep_Med,Immune,99748,0.5578434131907141,0.48257499891415445,0.9548161366643942
Qin_2023_Cell_Rep_Med,Stromal,14151,0.7982811281675207,0.859682458667902,0.5481591406967705
