study,patient_id,cells,cell_rho,cell_median_abs_diff,Epithelial_patient_median_diff,Immune_patient_median_diff,Stromal_patient_median_diff
Joanito_2022_Nat_Genet,Joanito_2022_Nat_Genet.CRC2783,10188,0.9393683092297801,0.012210400285395646,-0.0014362335169725293,0.006122016951682199,-0.003113508321664016
Joanito_2022_Nat_Genet,Joanito_2022_Nat_Genet.CRC2786,8163,0.9332110017716114,0.015685850528775996,-0.01982653592468403,0.0032156174695135015,0.0015227060849299923
Joanito_2022_Nat_Genet,Joanito_2022_Nat_Genet.CRC2787,4276,0.9312711616185785,0.010121450351808753,-0.007609894729004002,-0.0045403330800578845,0.004293614860918005
Joanito_2022_Nat_Genet,Joanito_2022_Nat_Genet.CRC2794,8597,0.9441798240565874,0.011231238984311998,-0.0016209874593560158,0.0051388634979046,-0.00012276390482557353
Joanito_2022_Nat_Genet,Joanito_2022_Nat_Genet.CRC2795,9206,0.9430076338417223,0.011340442806880058,0.001170390826242984,-0.0028776589703059033,0.003674496828806495
Joanito_2022_Nat_Genet,Joanito_2022_Nat_Genet.CRC2801,6125,0.9225542135528736,0.011235058405384968,0.0006172698497060036,-0.00041238419214819494,0.004769727824360026
Joanito_2022_Nat_Genet,Joanito_2022_Nat_Genet.CRC2803,10317,0.8642891426184091,0.015669012120357095,-0.00017865134297498364,-4.563436097719531e-05,0.001021184997716973
Joanito_2022_Nat_Genet,Joanito_2022_Nat_Genet.CRC2810,3818,0.9396184689007441,0.010220506728146951,0.0057527704778715105,0.00032546392052354434,-0.017648278519994953
Joanito_2022_Nat_Genet,Joanito_2022_Nat_Genet.CRC2811,10769,0.9069269968469392,0.014797747072773995,-0.0025270789250494974,0.005748732612315857,0.005322110592319018
Joanito_2022_Nat_Genet,Joanito_2022_Nat_Genet.CRC2816,16298,0.8884872310019497,0.012231319191314191,0.001357494806088988,0.0006049376025788061,-0.010738673028221069
Joanito_2022_Nat_Genet,Joanito_2022_Nat_Genet.CRC2817,11729,0.8702131570553356,0.013947919433023412,-0.013551455642366997,-0.0035922519830629968,0.011771994139883002
Joanito_2022_Nat_Genet,Joanito_2022_Nat_Genet.CRC2841,16098,0.9419575915599289,0.011578946032392656,0.00023746888349249207,-0.0035624099883010962,-0.005752269543823463
Joanito_2022_Nat_Genet,Joanito_2022_Nat_Genet.CRC2899,12947,0.958600782693687,0.014080785115531014,-0.003249333516604974,0.007079483187560298,0.0016441388419879965
Joanito_2022_Nat_Genet,Joanito_2022_Nat_Genet.CRC_JSC_S02,2016,0.9144234350101414,0.010187473711629254,0.003593149199255005,-0.0021360661277165516,-0.013687238625778031
Joanito_2022_Nat_Genet,Joanito_2022_Nat_Genet.CRC_JSC_S03,5123,0.8963261744063395,0.017359813325051987,-0.044609397594179395,-0.005367077367092701,-0.0004823165983424138
Joanito_2022_Nat_Genet,Joanito_2022_Nat_Genet.CRC_JSC_S04,3770,0.9780830629464052,0.006108897940217749,-0.00012358506530998903,0.0025707709481762042,0.0022407623782669805
Joanito_2022_Nat_Genet,Joanito_2022_Nat_Genet.CRC_JSC_S05,3032,0.9554897197208133,0.007470073601258204,0.0009651968601502997,-0.002102934269100999,-0.041398457344021033
Joanito_2022_Nat_Genet,Joanito_2022_Nat_Genet.CRC_JSC_S06,4041,0.9456896050349514,0.009773869916112302,-0.000608588966778012,0.0017564349444160465,0.006450571902297919
Joanito_2022_Nat_Genet,Joanito_2022_Nat_Genet.CRC_JSC_S07,2234,0.9696915213059744,0.005590604639540852,9.799544796199045e-05,-0.0001601237183204013,-0.040180216542895
Joanito_2022_Nat_Genet,Joanito_2022_Nat_Genet.CRC_JSC_S08,2415,0.9785024845640637,0.006097996847245699,-0.0008074461306560032,-0.00030439725752350044,-0.01307344629768803
Joanito_2022_Nat_Genet,Joanito_2022_Nat_Genet.CRC_JSC_S10,3803,0.9632036743483339,0.007006256643626987,-0.0011765896060695058,-0.0007591762627857032,0.007304995911569523
Joanito_2022_Nat_Genet,Joanito_2022_Nat_Genet.CRC_JSC_S12,1805,0.9778266428854149,0.0052455158198986,-0.00022047115822648733,-0.0010946827569282558,-0.029301661297048975
Joanito_2022_Nat_Genet,Joanito_2022_Nat_Genet.CRC_JSC_S13,1523,0.9583672753600246,0.0080305161408805,0.0008207244052539919,0.00885187821849949,0.05188657535767899
Joanito_2022_Nat_Genet,Joanito_2022_Nat_Genet.CRC_JSC_S14,2751,0.9364632597563984,0.0084050418134024,-0.0022584189761225004,-0.002648707744599507,0.0389560038222605
Joanito_2022_Nat_Genet,Joanito_2022_Nat_Genet.CRC_JSC_S15,5114,0.7311787428800569,0.033895454718199054,-0.0661455729771073,0.0024567296219207974,0.0021942251620165054
Joanito_2022_Nat_Genet,Joanito_2022_Nat_Genet.SC035,3671,0.8238599635712982,0.016620497848347904,0.0028372722418615326,-0.004644696110014349,-0.048023837568370004
Joanito_2022_Nat_Genet,Joanito_2022_Nat_Genet.SC040,7716,0.6612396469191743,0.021669636323577594,0.01561843971306251,0.0033654822387361033,-0.0060092823912200055
Joanito_2022_Nat_Genet,Joanito_2022_Nat_Genet.SC043,2926,0.9585243909944968,0.012437885961068797,-0.00020286197797800276,0.003643603482602703,0.0025794423759230023
Joanito_2022_Nat_Genet,Joanito_2022_Nat_Genet.SC044,2749,0.7758638763007545,0.022746114397320896,0.021505395952769985,-0.008555235411504242,0.044222325182248
Lee_2020_Nat_Genet,Lee_2020_Nat_Genet.SC001,4234,0.9305365483772012,0.009997263821653302,0.0007623852773550044,-0.007470788952504304,-0.005684733828884514
Lee_2020_Nat_Genet,Lee_2020_Nat_Genet.SC019,6918,0.9320929943292807,0.010176806525410656,-0.0025404488534079978,0.0011554305181100469,-0.0004422282378875042
Lee_2020_Nat_Genet,Lee_2020_Nat_Genet.SC021,3982,0.9685832287772796,0.0083281814739644,-0.004019732804835946,0.0013289824512041984,0.0018413116336640223
Lee_2020_Nat_Genet,Lee_2020_Nat_Genet.SC024,5219,0.8730867911294715,0.010855774224455994,0.0009809494704169919,-0.0017673071350551434,0.02538805010721057
Lee_2020_Nat_Genet,Lee_2020_Nat_Genet.SC027,6506,0.9016469264838446,0.012625274032082402,-0.005147209841729977,0.0011359989787598015,0.024346957778444006
Lee_2020_Nat_Genet,Lee_2020_Nat_Genet.SC028,1353,0.8690941798106726,0.0169413433469333,0.00013233348073520002,-0.00017023096393129628,6.668619851202262e-05
Lee_2020_Nat_Genet,Lee_2020_Nat_Genet.SC029,1643,0.9318045497376346,0.0128099335493984,-0.0018343233722525054,0.009580508387984799,-0.005670647300354492
Lee_2020_Nat_Genet,Lee_2020_Nat_Genet.SC030,2205,0.9266567510290583,0.015430020898223193,-0.004154856617604993,0.0031904647825539006,0.018934535518314505
Lee_2020_Nat_Genet,Lee_2020_Nat_Genet.SMC13,5640,0.9046273864182626,0.008609036376139956,8.554387288550735e-05,0.0002569185921438011,0.017678277837200995
Lee_2020_Nat_Genet,Lee_2020_Nat_Genet.SMC171,5080,0.9185290013370252,0.01174024157488725,-0.006091911948099521,0.0005873845089056987,-0.01869477900481198
