celltype,marker_group,gene,n_cells,pct_expr,mean_log1p_cp10k
CD14_M,Macrophage,CD68,7261,7.037598126979755,0.08617932349443436
CD14_M,Macrophage,CD163,7261,63.724004957994765,1.1682637929916382
CD14_M,Macrophage,C1QA,7261,24.555846302162237,0.364889532327652
CD14_M,Macrophage,C1QB,7261,28.962952761327642,0.4285859167575836
CD14_M,Macrophage,CSF1R,7261,53.684065555708585,0.828616738319397
CD14_M,Monocyte,FCN1,7261,0.28921636138272966,0.0036011156626045704
CD14_M,Monocyte,S100A8,7261,0.371849607492081,0.0042789401486516
CD14_M,Monocyte,S100A9,7261,9.447734471835835,0.13361407816410065
CD14_M,Monocyte,LYZ,7261,3.732268282605702,0.048925645649433136
CD14_M,T cell,CD3D,7261,0.13772207684891888,0.001577193383127451
CD14_M,T cell,CD3E,7261,0.8401046687784053,0.007897159084677696
CD14_M,T cell,TRAC,7261,0.11017766147913512,0.0011963817523792386
CD14_M,NK cell,NKG7,7261,4.8891337281366205,0.057716742157936096
CD14_M,NK cell,GNLY,7261,30.76711196804848,0.5080703496932983
CD14_M,NK cell,KLRD1,7261,21.966671257402563,0.3323991596698761
CD14_M,B cell,MS4A1,7261,0.09640545379424321,0.0011903828708454967
CD14_M,B cell,CD79A,7261,0.0,0.0
CD14_M,Dendritic cell,FCER1A,7261,0.0,0.0
CD14_M,Dendritic cell,CD1C,7261,0.0,0.0
CD14_M,Dendritic cell,CLEC9A,7261,0.17903869990359456,0.002073731506243348
CD14_M,Mast cell,TPSAB1,7261,0.0,0.0
CD14_M,Mast cell,KIT,7261,0.853876876463297,0.009364210069179535
CD16_M,Macrophage,CD68,2015,15.682382133995038,0.2268839180469513
CD16_M,Macrophage,CD163,2015,35.43424317617866,0.5864049196243286
CD16_M,Macrophage,C1QA,2015,20.595533498759306,0.335513710975647
CD16_M,Macrophage,C1QB,2015,21.736972704714642,0.3553615212440491
CD16_M,Macrophage,CSF1R,2015,40.099255583126556,0.6215863823890686
CD16_M,Monocyte,FCN1,2015,10.32258064516129,0.16339042782783508
CD16_M,Monocyte,S100A8,2015,3.722084367245657,0.05505441501736641
CD16_M,Monocyte,S100A9,2015,18.064516129032256,0.29378682374954224
CD16_M,Monocyte,LYZ,2015,27.29528535980149,0.5379582047462463
CD16_M,T cell,CD3D,2015,0.1488833746898263,0.0015580101171508431
CD16_M,T cell,CD3E,2015,1.0918114143920596,0.010071266442537308
CD16_M,T cell,TRAC,2015,0.19851116625310172,0.0022354081738740206
CD16_M,NK cell,NKG7,2015,3.9205955334987594,0.04638901352882385
CD16_M,NK cell,GNLY,2015,25.607940446650122,0.4703497588634491
CD16_M,NK cell,KLRD1,2015,23.573200992555833,0.36503010988235474
CD16_M,B cell,MS4A1,2015,0.1488833746898263,0.0020800370257347822
CD16_M,B cell,CD79A,2015,0.0,0.0
CD16_M,Dendritic cell,FCER1A,2015,0.09925558312655086,0.0009616862516850233
CD16_M,Dendritic cell,CD1C,2015,0.0,0.0
CD16_M,Dendritic cell,CLEC9A,2015,0.24813895781637718,0.0032130929175764322
CD16_M,Mast cell,TPSAB1,2015,0.0,0.0
CD16_M,Mast cell,KIT,2015,1.488833746898263,0.017978016287088394
HB,Macrophage,CD68,3172,10.34047919293821,0.1345357596874237
HB,Macrophage,CD163,3172,75.78814627994956,1.5335601568222046
HB,Macrophage,C1QA,3172,33.73266078184111,0.4952140152454376
HB,Macrophage,C1QB,3172,31.242118537200504,0.45001327991485596
HB,Macrophage,CSF1R,3172,64.37578814627994,1.081663966178894
HB,Monocyte,FCN1,3172,0.06305170239596469,0.0006515458808280528
HB,Monocyte,S100A8,3172,0.25220680958385877,0.0031357191037386656
HB,Monocyte,S100A9,3172,27.71122320302648,0.404629111289978
HB,Monocyte,LYZ,3172,4.03530895334174,0.04843359440565109
HB,T cell,CD3D,3172,0.22068095838587645,0.002512059872969985
HB,T cell,CD3E,3172,0.2837326607818411,0.0031079589389264584
HB,T cell,TRAC,3172,0.37831021437578816,0.004179686773568392
HB,NK cell,NKG7,3172,2.1752837326607817,0.02637064829468727
HB,NK cell,GNLY,3172,8.89029003783102,0.12705503404140472
HB,NK cell,KLRD1,3172,18.82093316519546,0.32399439811706543
HB,B cell,MS4A1,3172,0.031525851197982346,0.00048349471762776375
HB,B cell,CD79A,3172,0.0,0.0
HB,Dendritic cell,FCER1A,3172,0.0,0.0
HB,Dendritic cell,CD1C,3172,0.0,0.0
HB,Dendritic cell,CLEC9A,3172,0.06305170239596469,0.0010200695833191276
HB,Mast cell,TPSAB1,3172,0.0,0.0
HB,Mast cell,KIT,3172,0.3467843631778058,0.004207051359117031
dNK,Macrophage,CD68,9563,2.258705427167207,0.026761209592223167
dNK,Macrophage,CD163,9563,5.082087211126216,0.07458814233541489
dNK,Macrophage,C1QA,9563,6.77611628150162,0.09034448862075806
dNK,Macrophage,C1QB,9563,6.49377810310572,0.0860069990158081
dNK,Macrophage,CSF1R,9563,7.058454459897521,0.092057965695858
dNK,Monocyte,FCN1,9563,0.17776848269371537,0.002126825973391533
dNK,Monocyte,S100A8,9563,0.13594060441284114,0.0016307129990309477
dNK,Monocyte,S100A9,9563,5.77224720276064,0.08398035913705826
dNK,Monocyte,LYZ,9563,1.7149430095158422,0.021227233111858368
dNK,T cell,CD3D,9563,1.003869078740981,0.01204215083271265
dNK,T cell,CD3E,9563,8.700198682421833,0.10030075162649155
dNK,T cell,TRAC,9563,1.139809683153822,0.01367995236068964
dNK,NK cell,NKG7,9563,23.07853184147234,0.34918078780174255
dNK,NK cell,GNLY,9563,83.3734183833525,2.5096867084503174
dNK,NK cell,KLRD1,9563,66.48541252744955,1.3189915418624878
dNK,B cell,MS4A1,9563,0.10456969570218551,0.0012403845321387053
dNK,B cell,CD79A,9563,0.0,0.0
dNK,Dendritic cell,FCER1A,9563,0.0,0.0
dNK,Dendritic cell,CD1C,9563,0.0,0.0
dNK,Dendritic cell,CLEC9A,9563,0.07319878699152986,0.0007715113461017609
dNK,Mast cell,TPSAB1,9563,0.0,0.0
dNK,Mast cell,KIT,9563,6.49377810310572,0.08517444133758545
T,Macrophage,CD68,1130,1.5044247787610618,0.02060856856405735
T,Macrophage,CD163,1130,1.8584070796460177,0.026632510125637054
T,Macrophage,C1QA,1130,3.7168141592920354,0.05557773634791374
T,Macrophage,C1QB,1130,4.070796460176991,0.06105722859501839
T,Macrophage,CSF1R,1130,3.8053097345132745,0.05967830494046211
T,Monocyte,FCN1,1130,0.2654867256637168,0.003566246945410967
T,Monocyte,S100A8,1130,0.2654867256637168,0.0036518764682114124
T,Monocyte,S100A9,1130,7.345132743362832,0.1215181052684784
T,Monocyte,LYZ,1130,1.9469026548672566,0.02786158211529255
T,T cell,CD3D,1130,5.575221238938053,0.07595852017402649
T,T cell,CD3E,1130,13.893805309734514,0.18507708609104156
T,T cell,TRAC,1130,7.345132743362832,0.10067027807235718
T,NK cell,NKG7,1130,10.0,0.1577434539794922
T,NK cell,GNLY,1130,23.805309734513276,0.45292457938194275
T,NK cell,KLRD1,1130,18.141592920353983,0.30461981892585754
T,B cell,MS4A1,1130,0.5309734513274336,0.006814100779592991
T,B cell,CD79A,1130,0.0,0.0
T,Dendritic cell,FCER1A,1130,0.0,0.0
T,Dendritic cell,CD1C,1130,0.0,0.0
T,Dendritic cell,CLEC9A,1130,0.0,0.0
T,Mast cell,TPSAB1,1130,0.0,0.0
T,Mast cell,KIT,1130,1.1504424778761062,0.019613519310951233
B,Macrophage,CD68,362,3.0386740331491713,0.03314455226063728
B,Macrophage,CD163,362,7.734806629834254,0.10435846447944641
B,Macrophage,C1QA,362,6.906077348066299,0.09989570826292038
B,Macrophage,C1QB,362,6.077348066298343,0.09074778854846954
B,Macrophage,CSF1R,362,10.220994475138122,0.1524180769920349
B,Monocyte,FCN1,362,0.5524861878453038,0.011628327891230583
B,Monocyte,S100A8,362,0.8287292817679558,0.010381931439042091
B,Monocyte,S100A9,362,6.353591160220995,0.10271913558244705
B,Monocyte,LYZ,362,1.6574585635359116,0.02852935716509819
B,T cell,CD3D,362,0.5524861878453038,0.006175214424729347
B,T cell,CD3E,362,0.5524861878453038,0.005257024429738522
B,T cell,TRAC,362,0.5524861878453038,0.005907060112804174
B,NK cell,NKG7,362,5.524861878453039,0.07075126469135284
B,NK cell,GNLY,362,33.70165745856354,0.6501286029815674
B,NK cell,KLRD1,362,17.12707182320442,0.27194851636886597
B,B cell,MS4A1,362,29.55801104972376,0.44414836168289185
B,B cell,CD79A,362,0.5524861878453038,0.005954406689852476
B,Dendritic cell,FCER1A,362,0.0,0.0
B,Dendritic cell,CD1C,362,0.0,0.0
B,Dendritic cell,CLEC9A,362,0.2762430939226519,0.002064612926915288
B,Mast cell,TPSAB1,362,0.0,0.0
B,Mast cell,KIT,362,3.0386740331491713,0.04279952496290207
cDC,Macrophage,CD68,435,7.816091954022989,0.08492913097143173
cDC,Macrophage,CD163,435,15.402298850574713,0.197328582406044
cDC,Macrophage,C1QA,435,14.482758620689657,0.1932392716407776
cDC,Macrophage,C1QB,435,15.172413793103448,0.1892797350883484
cDC,Macrophage,CSF1R,435,20.45977011494253,0.25125107169151306
cDC,Monocyte,FCN1,435,4.137931034482759,0.05607184022665024
cDC,Monocyte,S100A8,435,1.1494252873563218,0.012529316358268261
cDC,Monocyte,S100A9,435,9.195402298850574,0.12746095657348633
cDC,Monocyte,LYZ,435,25.97701149425287,0.42523446679115295
cDC,T cell,CD3D,435,0.0,0.0
cDC,T cell,CD3E,435,3.218390804597701,0.02559337019920349
cDC,T cell,TRAC,435,0.0,0.0
cDC,NK cell,NKG7,435,8.735632183908045,0.09220833331346512
cDC,NK cell,GNLY,435,42.98850574712644,0.7197215557098389
cDC,NK cell,KLRD1,435,27.35632183908046,0.37868785858154297
cDC,B cell,MS4A1,435,0.45977011494252873,0.0065032984130084515
cDC,B cell,CD79A,435,0.22988505747126436,0.0033952626399695873
cDC,Dendritic cell,FCER1A,435,0.22988505747126436,0.002763149095699191
cDC,Dendritic cell,CD1C,435,0.45977011494252873,0.005486364476382732
cDC,Dendritic cell,CLEC9A,435,21.60919540229885,0.2813715934753418
cDC,Mast cell,TPSAB1,435,0.0,0.0
cDC,Mast cell,KIT,435,5.977011494252873,0.071262426674366
