population,module,adjusted_for,analysis,module_or_per_sd,module_lo,module_hi,module_p,adj_or_per_sd,adj_lo,adj_hi,adj_p
maternal_macrophage (CD14_M+CD16_M),CORE,LYSO_CONTROL,pre-specified,1.2475898312856,1.0611972030627141,1.4667211547816787,0.0073752569780955275,1.0816197789143278,0.9225378879270616,1.2681336576511155,0.3337278259273636
maternal_macrophage (CD14_M+CD16_M),CORE,COMPLEMENT_CONTROL,post hoc,1.2135189938721158,1.042002304716781,1.4132678419446072,0.012804049310990395,1.3831276180875265,1.2166008489432032,1.5724483585378335,7.21876160372729e-07
maternal_macrophage (CD14_M+CD16_M),EXTENDED,LYSO_CONTROL,pre-specified,1.8560320678027142,1.4528902376745503,2.3710359856404186,7.431342604829249e-07,0.7255442366901776,0.5681940234554984,0.9264695115814815,0.01010259545399693
maternal_macrophage (CD14_M+CD16_M),EXTENDED,COMPLEMENT_CONTROL,post hoc,1.2192719037203386,1.0208415339739183,1.456273011752087,0.02870096715116917,1.2916558183765454,1.1069722574211505,1.5071513689355687,0.001150360577408605
sensitivity: CD14_M only,CORE,LYSO_CONTROL,pre-specified,1.2170158980298764,1.0227651961741824,1.4481600484626018,0.02685100036186092,1.0459055363702736,0.8813118090100613,1.2412387759092212,0.6074211707725031
sensitivity: CD14_M only,CORE,COMPLEMENT_CONTROL,post hoc,1.1762861397431168,0.9889392626620712,1.3991244303792678,0.06660834184699563,1.3578058758448708,1.1766464461581005,1.5668570644126483,2.8345869569585968e-05
sensitivity: CD14_M only,EXTENDED,LYSO_CONTROL,pre-specified,1.658108254116294,1.28304937575208,2.142803725505127,0.00011112935607701222,0.7606800220255407,0.5939223832539737,0.9742587789646262,0.03027228588534824
sensitivity: CD14_M only,EXTENDED,COMPLEMENT_CONTROL,post hoc,1.1137859456586041,0.8965394000752072,1.3836749758488796,0.33033377062895686,1.3117654489698696,1.0990810700673705,1.5656066144471468,0.002641028985940958
fetal_macrophage (HB),CORE,LYSO_CONTROL,pre-specified,1.0610268437193942,0.7767983952093915,1.4492537189004855,0.7096330997899092,0.7980538068469131,0.5954038821835463,1.069677067417096,0.13122315208967722
fetal_macrophage (HB),CORE,COMPLEMENT_CONTROL,post hoc,1.0258062320386112,0.755516101946641,1.3927941747078356,0.870294765756648,1.0244426831134414,0.7794098203903914,1.3465096070498588,0.8625416849954719
fetal_macrophage (HB),EXTENDED,LYSO_CONTROL,pre-specified,1.1401289568569641,0.7714424649217836,1.6850174800729245,0.5105466316126517,0.7363261931318841,0.4975871445227791,1.0896106715379024,0.12582800741787115
fetal_macrophage (HB),EXTENDED,COMPLEMENT_CONTROL,post hoc,0.8907976706343631,0.6382978727511113,1.243182100212045,0.49651605559554335,1.081290494955719,0.789625490798399,1.4806881845967301,0.626050628209505
