study_id,patient_id,samples,cells,Epithelial_cells,T/NK_cells,B/Plasma_cells,Myeloid_cells,Fibroblast_cells,Endothelial_cells,Pericyte_cells,Immune_cells,Stromal_cells,in_permissive_20_5,in_stringent_50_10,in_unsorted_30_5,in_fibroblast_30
Chen_2024_Cancer_Cell,Chen_2024_Cancer_Cell.P02,1,4062,1103,1575,393,703,160,108,20,2671,288,True,True,True,True
Chen_2024_Cancer_Cell,Chen_2024_Cancer_Cell.P03,1,7658,3350,2669,1298,242,48,26,19,4209,93,True,True,True,True
Chen_2024_Cancer_Cell,Chen_2024_Cancer_Cell.P04,1,6246,1026,4547,80,171,72,239,111,4798,422,True,True,True,True
Chen_2024_Cancer_Cell,Chen_2024_Cancer_Cell.P05,1,7037,1620,3121,2039,196,36,4,20,5356,60,True,True,True,True
Chen_2024_Cancer_Cell,Chen_2024_Cancer_Cell.P08,1,7352,1190,3781,2111,131,80,32,25,6023,137,True,True,True,True
Chen_2024_Cancer_Cell,Chen_2024_Cancer_Cell.P09,1,4452,852,2596,325,411,70,102,95,3332,267,True,True,True,True
Chen_2024_Cancer_Cell,Chen_2024_Cancer_Cell.P12,1,1759,116,1079,211,101,77,120,55,1391,252,True,True,True,True
Chen_2024_Cancer_Cell,Chen_2024_Cancer_Cell.P14,1,3818,1786,1154,655,26,133,8,43,1835,184,True,True,True,True
Chen_2024_Cancer_Cell,Chen_2024_Cancer_Cell.P15,1,7492,2168,4197,867,125,52,55,24,5189,131,True,True,True,True
Chen_2024_Cancer_Cell,Chen_2024_Cancer_Cell.P16,1,5763,1331,1962,1584,288,471,25,75,3834,571,True,True,True,True
Chen_2024_Cancer_Cell,Chen_2024_Cancer_Cell.P17,1,2628,1876,506,27,124,9,80,6,657,95,True,True,True,False
Chen_2024_Cancer_Cell,Chen_2024_Cancer_Cell.P18,1,2928,2266,346,6,211,7,77,14,563,98,True,True,True,False
Chen_2024_Cancer_Cell,Chen_2024_Cancer_Cell.P19,1,2176,1067,713,107,93,38,128,30,913,196,True,True,True,True
Chen_2024_Cancer_Cell,Chen_2024_Cancer_Cell.P20,1,5211,1463,2804,751,129,12,41,7,3684,60,True,True,True,False
Chen_2024_Cancer_Cell,Chen_2024_Cancer_Cell.P21,1,3905,1311,2003,43,177,42,265,64,2223,371,True,True,True,True
Chen_2024_Cancer_Cell,Chen_2024_Cancer_Cell.P22,1,5087,1325,1957,1518,194,29,32,25,3669,86,True,True,True,False
Chen_2024_Cancer_Cell,Chen_2024_Cancer_Cell.P23,1,4266,2411,991,702,72,12,45,24,1765,81,True,True,True,False
Chen_2024_Cancer_Cell,Chen_2024_Cancer_Cell.P25,1,2901,838,1272,668,76,24,9,7,2016,40,True,False,True,False
Chen_2024_Cancer_Cell,Chen_2024_Cancer_Cell.P26,1,4365,1011,2472,760,55,17,43,7,3287,67,True,True,True,False
Guo_2022_JCI_Insight,Guo_2022_JCI_Insight.Left_CRC1,1,3475,522,1408,746,633,100,31,34,2787,165,True,False,True,True
Guo_2022_JCI_Insight,Guo_2022_JCI_Insight.Left_CRC2,1,3463,917,1035,705,600,122,43,36,2340,201,True,False,True,True
Guo_2022_JCI_Insight,Guo_2022_JCI_Insight.Left_CRC3,1,5433,212,2132,880,1377,399,222,210,4389,831,True,False,True,True
Guo_2022_JCI_Insight,Guo_2022_JCI_Insight.Right_CRC1,1,4487,224,2341,743,946,116,79,37,4030,232,True,False,True,True
Guo_2022_JCI_Insight,Guo_2022_JCI_Insight.Right_CRC2,1,4141,281,1391,1917,402,37,80,33,3710,150,True,False,True,True
Guo_2022_JCI_Insight,Guo_2022_JCI_Insight.Right_CRC3,1,4408,1085,1393,736,736,222,113,121,2865,456,True,False,True,True
Joanito_2022_Nat_Genet,Joanito_2022_Nat_Genet.CRC2783,4,10195,782,2820,2649,2114,1318,178,327,7583,1823,True,True,True,True
Joanito_2022_Nat_Genet,Joanito_2022_Nat_Genet.CRC2786,4,8188,882,2270,1361,1185,1936,196,333,4816,2465,True,True,True,True
Joanito_2022_Nat_Genet,Joanito_2022_Nat_Genet.CRC2787,2,4284,589,825,2116,439,117,105,85,3380,307,True,True,True,True
Joanito_2022_Nat_Genet,Joanito_2022_Nat_Genet.CRC2794,4,8650,447,3297,1737,1370,822,543,381,6404,1746,True,True,True,True
Joanito_2022_Nat_Genet,Joanito_2022_Nat_Genet.CRC2795,4,9302,845,3476,1721,1458,959,337,410,6655,1706,True,True,True,True
Joanito_2022_Nat_Genet,Joanito_2022_Nat_Genet.CRC2801,4,6138,199,3010,1003,788,520,221,384,4801,1125,True,True,True,True
Joanito_2022_Nat_Genet,Joanito_2022_Nat_Genet.CRC2803,4,10339,1307,3560,966,2101,1668,377,338,6627,2383,True,True,True,True
Joanito_2022_Nat_Genet,Joanito_2022_Nat_Genet.CRC2810,4,3844,218,1856,639,327,301,284,193,2822,778,True,True,True,True
Joanito_2022_Nat_Genet,Joanito_2022_Nat_Genet.CRC2811,4,10823,1268,4038,2344,1422,951,479,267,7804,1697,True,True,True,True
Joanito_2022_Nat_Genet,Joanito_2022_Nat_Genet.CRC2816,4,16320,1069,8869,3472,1452,830,377,229,13793,1436,True,True,True,True
Joanito_2022_Nat_Genet,Joanito_2022_Nat_Genet.CRC2817,8,11745,1123,5206,1341,3076,447,247,289,9623,983,True,True,True,True
Joanito_2022_Nat_Genet,Joanito_2022_Nat_Genet.CRC2821,1,7043,1061,2569,1450,1068,555,176,155,5087,886,True,True,True,True
Joanito_2022_Nat_Genet,Joanito_2022_Nat_Genet.CRC2841,7,16520,1694,6146,1631,2525,1576,1237,1289,10302,4102,True,True,True,True
Joanito_2022_Nat_Genet,Joanito_2022_Nat_Genet.CRC2899,4,13064,1503,3323,2054,2241,2394,767,665,7618,3826,True,True,True,True
Joanito_2022_Nat_Genet,Joanito_2022_Nat_Genet.CRC_JSC_S02,3,2024,817,375,556,107,87,57,17,1038,161,True,True,True,True
Joanito_2022_Nat_Genet,Joanito_2022_Nat_Genet.CRC_JSC_S03,4,5452,173,1184,1891,459,939,245,232,3534,1416,True,True,True,True
Joanito_2022_Nat_Genet,Joanito_2022_Nat_Genet.CRC_JSC_S04,2,3773,247,1099,957,381,465,524,97,2437,1086,True,True,True,True
Joanito_2022_Nat_Genet,Joanito_2022_Nat_Genet.CRC_JSC_S05,2,3034,2194,290,129,292,50,53,24,711,127,True,True,True,True
Joanito_2022_Nat_Genet,Joanito_2022_Nat_Genet.CRC_JSC_S06,2,4055,812,1392,218,1070,375,118,56,2680,549,True,True,True,True
Joanito_2022_Nat_Genet,Joanito_2022_Nat_Genet.CRC_JSC_S07,2,2239,766,590,355,212,151,138,22,1157,311,True,True,True,True
Joanito_2022_Nat_Genet,Joanito_2022_Nat_Genet.CRC_JSC_S08,2,2416,583,660,655,192,162,125,38,1507,325,True,True,True,True
Joanito_2022_Nat_Genet,Joanito_2022_Nat_Genet.CRC_JSC_S10,2,3811,1806,263,806,340,345,174,69,1409,588,True,True,True,True
Joanito_2022_Nat_Genet,Joanito_2022_Nat_Genet.CRC_JSC_S12,2,1830,350,225,452,247,183,257,91,924,531,True,True,True,True
Joanito_2022_Nat_Genet,Joanito_2022_Nat_Genet.CRC_JSC_S13,2,1527,432,296,331,221,122,79,42,848,243,True,True,True,True
Joanito_2022_Nat_Genet,Joanito_2022_Nat_Genet.CRC_JSC_S14,2,2769,414,1086,184,949,35,45,38,2219,118,True,True,True,True
Joanito_2022_Nat_Genet,Joanito_2022_Nat_Genet.CRC_JSC_S15,5,5165,155,517,2587,919,714,96,126,4023,936,True,True,True,True
Joanito_2022_Nat_Genet,Joanito_2022_Nat_Genet.SC035,2,3671,1070,1643,239,630,32,48,9,2512,89,True,True,True,True
Joanito_2022_Nat_Genet,Joanito_2022_Nat_Genet.SC040,4,7720,742,4194,867,1362,228,155,168,6423,551,True,True,True,True
Joanito_2022_Nat_Genet,Joanito_2022_Nat_Genet.SC043,2,2939,717,519,169,428,815,169,109,1116,1093,True,True,True,True
Joanito_2022_Nat_Genet,Joanito_2022_Nat_Genet.SC044,3,2751,382,1277,483,438,95,48,26,2198,169,True,True,True,True
Khaliq_2022_Genome_Biol,Khaliq_2022_Genome_Biol.CAC1,1,1696,1277,89,117,81,87,30,15,287,132,True,False,True,True
Khaliq_2022_Genome_Biol,Khaliq_2022_Genome_Biol.CAC14,1,4077,1038,2238,708,42,18,18,15,2988,51,True,False,True,False
Khaliq_2022_Genome_Biol,Khaliq_2022_Genome_Biol.CAC2,1,1677,1051,27,176,56,144,143,76,259,363,True,False,True,True
Khaliq_2022_Genome_Biol,Khaliq_2022_Genome_Biol.CAC3,1,1187,695,53,65,72,83,167,47,190,297,True,False,True,True
Khaliq_2022_Genome_Biol,Khaliq_2022_Genome_Biol.CAC6,1,1693,52,1088,324,186,21,13,9,1598,43,True,False,True,False
Khaliq_2022_Genome_Biol,Khaliq_2022_Genome_Biol.CAC8,1,999,301,262,302,90,19,8,16,654,43,True,False,True,False
Khaliq_2022_Genome_Biol,Khaliq_2022_Genome_Biol.CAC9,1,1649,193,1198,77,145,11,19,4,1420,34,True,False,True,False
Lee_2020_Nat_Genet,Lee_2020_Nat_Genet.SC001,2,4243,1857,823,16,712,442,211,173,1551,826,True,True,True,True
Lee_2020_Nat_Genet,Lee_2020_Nat_Genet.SC019,2,6960,1426,2794,1450,462,356,260,170,4706,786,True,True,True,True
Lee_2020_Nat_Genet,Lee_2020_Nat_Genet.SC021,2,3986,1542,549,62,652,889,165,123,1263,1177,True,True,True,True
Lee_2020_Nat_Genet,Lee_2020_Nat_Genet.SC024,2,5254,945,1851,1164,641,455,80,83,3656,618,True,True,True,True
Lee_2020_Nat_Genet,Lee_2020_Nat_Genet.SC027,2,6515,1509,2886,787,425,328,371,200,4098,899,True,True,True,True
Lee_2020_Nat_Genet,Lee_2020_Nat_Genet.SC028,2,1379,218,255,69,281,152,248,130,605,530,True,True,True,True
Lee_2020_Nat_Genet,Lee_2020_Nat_Genet.SC029,2,1643,328,323,318,260,153,189,72,901,414,True,True,True,True
Lee_2020_Nat_Genet,Lee_2020_Nat_Genet.SC030,2,2215,676,229,475,225,278,220,102,929,600,True,True,True,True
Lee_2020_Nat_Genet,Lee_2020_Nat_Genet.SC031,1,1012,494,281,33,98,56,33,12,412,101,True,True,True,True
Lee_2020_Nat_Genet,Lee_2020_Nat_Genet.SMC01,1,2791,1093,1244,129,171,88,51,15,1544,154,True,True,True,True
Lee_2020_Nat_Genet,Lee_2020_Nat_Genet.SMC02,1,1688,349,527,90,617,59,38,8,1234,105,True,True,True,True
Lee_2020_Nat_Genet,Lee_2020_Nat_Genet.SMC03,1,2123,796,491,301,317,165,37,14,1109,216,True,True,True,True
Lee_2020_Nat_Genet,Lee_2020_Nat_Genet.SMC04,1,1841,307,458,103,823,38,82,22,1384,142,True,True,True,True
Lee_2020_Nat_Genet,Lee_2020_Nat_Genet.SMC06,1,1541,187,949,106,217,63,6,13,1272,82,True,True,True,True
Lee_2020_Nat_Genet,Lee_2020_Nat_Genet.SMC07,1,4070,542,2164,820,336,57,93,57,3320,207,True,True,True,True
Lee_2020_Nat_Genet,Lee_2020_Nat_Genet.SMC08,1,2089,320,994,305,312,123,27,8,1611,158,True,True,True,True
Lee_2020_Nat_Genet,Lee_2020_Nat_Genet.SMC09,1,3789,1887,1435,21,401,13,20,12,1857,45,True,False,True,False
Lee_2020_Nat_Genet,Lee_2020_Nat_Genet.SMC10,1,2200,509,746,114,673,84,43,29,1533,156,True,True,True,True
Lee_2020_Nat_Genet,Lee_2020_Nat_Genet.SMC11,1,1698,325,988,257,76,21,21,10,1321,52,True,True,True,False
Lee_2020_Nat_Genet,Lee_2020_Nat_Genet.SMC13,2,5640,1888,2544,528,611,38,21,10,3683,69,True,True,True,True
Lee_2020_Nat_Genet,Lee_2020_Nat_Genet.SMC14,1,1749,166,634,58,594,128,112,49,1286,289,True,True,True,True
Lee_2020_Nat_Genet,Lee_2020_Nat_Genet.SMC15,1,2027,318,874,381,148,97,114,82,1403,293,True,True,True,True
Lee_2020_Nat_Genet,Lee_2020_Nat_Genet.SMC17,1,1343,503,229,44,364,61,73,68,637,202,True,True,True,True
Lee_2020_Nat_Genet,Lee_2020_Nat_Genet.SMC171,3,5083,1488,2134,794,487,69,57,51,3415,177,True,True,True,True
Lee_2020_Nat_Genet,Lee_2020_Nat_Genet.SMC19,1,1540,383,760,330,30,21,6,10,1120,37,True,False,True,False
Lee_2020_Nat_Genet,Lee_2020_Nat_Genet.SMC20,1,1681,524,346,89,348,287,32,48,783,367,True,True,True,True
Lee_2020_Nat_Genet,Lee_2020_Nat_Genet.SMC23,1,1639,641,604,118,243,14,13,6,965,33,True,False,True,False
Lee_2020_Nat_Genet,Lee_2020_Nat_Genet.SMC24,1,1580,317,668,162,379,24,20,8,1209,52,True,True,True,False
Li_2023_Cancer_Cell,Li_2023_Cancer_Cell.P21,1,2060,1127,625,153,88,15,44,8,866,67,True,False,True,False
Li_2023_Cancer_Cell,Li_2023_Cancer_Cell.P23,1,6275,3646,2199,54,107,17,175,77,2360,269,True,False,True,False
Li_2023_Cancer_Cell,Li_2023_Cancer_Cell.P25,1,5921,2459,1119,1557,613,70,67,36,3289,173,True,False,True,True
Li_2023_Cancer_Cell,Li_2023_Cancer_Cell.P27,1,4582,3112,409,254,367,96,268,76,1030,440,True,False,True,True
Li_2023_Cancer_Cell,Li_2023_Cancer_Cell.P28,1,3037,1664,431,358,323,63,181,17,1112,261,True,False,True,True
Li_2023_Cancer_Cell,Li_2023_Cancer_Cell.P30,1,3532,1242,1031,573,99,119,408,56,1703,583,True,False,True,True
Li_2023_Cancer_Cell,Li_2023_Cancer_Cell.P31,1,2329,1937,147,80,62,6,91,6,289,103,True,False,True,False
Li_2023_Cancer_Cell,Li_2023_Cancer_Cell.P32,1,9416,543,3416,3231,694,333,883,297,7341,1513,True,False,True,True
Li_2023_Cancer_Cell,Li_2023_Cancer_Cell.P33,1,3629,2086,441,541,195,104,215,46,1177,365,True,False,True,True
Liu_2024_Cancer_Res,Liu_2024_Cancer_Res.Pt01,1,4525,1506,1261,1122,520,78,25,10,2903,113,True,False,False,True
Liu_2024_Cancer_Res,Liu_2024_Cancer_Res.Pt02,1,3694,1009,519,704,733,372,227,130,1956,729,True,False,False,True
Liu_2024_Cancer_Res,Liu_2024_Cancer_Res.Pt03,1,2497,1598,375,204,276,25,12,7,855,44,True,False,False,False
Liu_2024_Cancer_Res,Liu_2024_Cancer_Res.Pt04,1,2762,367,543,812,915,83,28,14,2270,125,True,False,False,True
Liu_2024_Cancer_Res,Liu_2024_Cancer_Res.Pt06,1,808,471,149,84,25,61,11,7,258,79,True,False,False,True
Liu_2024_Cancer_Res,Liu_2024_Cancer_Res.Pt07,1,4457,474,1408,1851,409,70,87,156,3668,313,True,False,False,True
Liu_2024_Cancer_Res,Liu_2024_Cancer_Res.Pt08,2,11505,1027,5763,2490,1410,393,240,179,9663,812,True,False,False,True
Liu_2024_Cancer_Res,Liu_2024_Cancer_Res.Pt09,1,5406,180,2207,2194,299,371,46,87,4700,504,True,False,False,True
Liu_2024_Cancer_Res,Liu_2024_Cancer_Res.Pt11,1,7135,2735,1127,1538,1454,124,120,37,4119,281,True,False,False,True
Liu_2024_Cancer_Res,Liu_2024_Cancer_Res.Pt13,1,4402,947,2244,996,180,13,7,15,3420,35,True,False,False,False
Liu_2024_Cancer_Res,Liu_2024_Cancer_Res.Pt15,1,10803,682,4608,1478,724,1574,851,868,6810,3293,True,False,False,True
Liu_2024_Cancer_Res,Liu_2024_Cancer_Res.Pt18,1,4100,2217,539,201,1101,31,3,8,1841,42,True,False,False,True
MUI_Innsbruck,MUI_Innsbruck.P11,1,1533,1077,195,125,58,24,39,6,378,69,True,True,True,False
MUI_Innsbruck,MUI_Innsbruck.P12,1,2279,1814,64,30,329,23,8,11,423,42,True,False,True,False
MUI_Innsbruck,MUI_Innsbruck.P13,1,3081,1890,191,138,464,36,304,57,793,397,True,True,True,True
MUI_Innsbruck,MUI_Innsbruck.P14,1,5544,1079,2151,947,1099,55,158,49,4197,262,True,True,True,True
MUI_Innsbruck,MUI_Innsbruck.P15,1,6315,531,1685,850,2828,188,175,58,5363,421,True,True,True,True
MUI_Innsbruck,MUI_Innsbruck.P16,1,2734,1593,318,78,680,10,47,8,1076,65,True,True,True,False
MUI_Innsbruck,MUI_Innsbruck.P3,1,3101,1253,190,172,1443,15,24,4,1805,43,True,False,True,False
MUI_Innsbruck,MUI_Innsbruck.P4,1,3212,563,783,1090,655,47,35,39,2528,121,True,True,True,True
MUI_Innsbruck,MUI_Innsbruck.P5,1,7543,320,2247,137,4725,18,71,25,7109,114,True,True,True,False
MUI_Innsbruck,MUI_Innsbruck.P7,1,4741,2278,855,966,556,11,54,19,2377,84,True,True,True,False
MUI_Innsbruck,MUI_Innsbruck.P8,1,2668,1915,200,129,337,13,55,18,666,86,True,True,True,False
MUI_Innsbruck,MUI_Innsbruck.P9,1,5296,1749,898,177,2293,64,100,15,3368,179,True,True,True,True
Pelka_2021_Cell,Pelka_2021_Cell.C103,2,5894,4415,871,123,345,43,81,16,1339,140,True,True,True,True
Pelka_2021_Cell,Pelka_2021_Cell.C104,2,2480,1502,386,403,157,7,18,7,946,32,True,False,False,False
Pelka_2021_Cell,Pelka_2021_Cell.C107,3,5206,2084,2052,134,847,15,68,6,3033,89,True,True,True,False
Pelka_2021_Cell,Pelka_2021_Cell.C109,2,1992,1383,108,60,362,47,23,9,530,79,True,True,True,True
Pelka_2021_Cell,Pelka_2021_Cell.C111,3,1988,600,352,148,788,70,19,11,1288,100,True,True,True,True
Pelka_2021_Cell,Pelka_2021_Cell.C112,2,4002,1696,674,161,1312,47,89,23,2147,159,True,True,True,True
Pelka_2021_Cell,Pelka_2021_Cell.C113,2,4036,2518,741,518,227,9,11,10,1486,30,True,False,False,False
Pelka_2021_Cell,Pelka_2021_Cell.C114,2,2609,1287,429,621,226,17,17,12,1276,46,True,False,False,False
Pelka_2021_Cell,Pelka_2021_Cell.C122,2,3019,1855,385,408,278,28,41,22,1071,91,True,True,True,False
Pelka_2021_Cell,Pelka_2021_Cell.C123,2,8776,3724,2976,617,1338,29,77,15,4931,121,True,True,True,False
Pelka_2021_Cell,Pelka_2021_Cell.C124,2,6725,959,1334,1616,2362,102,217,131,5312,450,True,True,True,True
Pelka_2021_Cell,Pelka_2021_Cell.C125,3,5965,1964,1190,1150,1384,107,127,42,3724,276,True,True,True,True
Pelka_2021_Cell,Pelka_2021_Cell.C126,3,2602,932,407,102,1054,14,48,45,1563,107,True,True,True,False
Pelka_2021_Cell,Pelka_2021_Cell.C129,2,7196,2983,1217,2154,643,46,109,43,4014,198,True,True,True,True
Pelka_2021_Cell,Pelka_2021_Cell.C130,4,6512,2974,2405,307,766,14,38,7,3478,59,True,True,True,False
Pelka_2021_Cell,Pelka_2021_Cell.C133,2,3018,963,1046,351,584,45,17,12,1981,74,True,True,True,True
Pelka_2021_Cell,Pelka_2021_Cell.C135,3,4585,1001,1543,829,1100,14,85,13,3472,112,True,True,True,False
Pelka_2021_Cell,Pelka_2021_Cell.C136,3,3268,1411,1101,338,384,7,20,7,1823,34,True,False,False,False
Pelka_2021_Cell,Pelka_2021_Cell.C139,3,5935,2751,1449,849,643,45,160,36,2941,241,True,True,True,True
Pelka_2021_Cell,Pelka_2021_Cell.C140,3,4384,2308,772,384,636,73,171,40,1792,284,True,True,True,True
Pelka_2021_Cell,Pelka_2021_Cell.C142,2,2806,1105,746,597,305,6,35,11,1648,52,True,True,False,False
Pelka_2021_Cell,Pelka_2021_Cell.C143,2,3276,1186,1152,284,569,22,55,8,2005,85,True,True,True,False
Pelka_2021_Cell,Pelka_2021_Cell.C144,2,3772,827,2100,351,457,7,26,4,2908,37,True,False,True,False
Pelka_2021_Cell,Pelka_2021_Cell.C145,2,3032,2097,217,10,461,21,156,69,688,246,True,True,True,False
Pelka_2021_Cell,Pelka_2021_Cell.C146,2,4649,1828,1559,572,582,12,78,18,2713,108,True,True,True,False
Pelka_2021_Cell,Pelka_2021_Cell.C147,2,3658,1990,653,143,744,28,80,20,1540,128,True,True,True,False
Pelka_2021_Cell,Pelka_2021_Cell.C149,2,3757,1107,810,1203,450,21,145,21,2463,187,True,True,True,False
Pelka_2021_Cell,Pelka_2021_Cell.C150,2,2322,1697,257,102,195,5,51,15,554,71,True,True,True,False
Pelka_2021_Cell,Pelka_2021_Cell.C152,1,1698,946,292,226,147,21,33,31,665,85,True,True,True,False
Pelka_2021_Cell,Pelka_2021_Cell.C153,2,4818,2581,811,328,888,59,129,22,2027,210,True,True,True,True
Pelka_2021_Cell,Pelka_2021_Cell.C154,1,2782,1699,682,163,178,4,49,7,1023,60,True,True,True,False
Pelka_2021_Cell,Pelka_2021_Cell.C155,1,3429,1103,990,759,357,91,69,47,2106,207,True,True,True,True
Pelka_2021_Cell,Pelka_2021_Cell.C156,2,3558,491,1541,1130,347,7,36,4,3018,47,True,False,True,False
Pelka_2021_Cell,Pelka_2021_Cell.C157,1,3978,1817,233,257,786,449,232,182,1276,863,True,True,True,True
Pelka_2021_Cell,Pelka_2021_Cell.C158,2,2130,737,228,21,1040,13,84,7,1289,104,True,True,True,False
Pelka_2021_Cell,Pelka_2021_Cell.C159,2,2084,823,687,93,418,8,45,10,1198,63,True,True,True,False
Pelka_2021_Cell,Pelka_2021_Cell.C160,1,3368,1977,534,192,480,35,110,36,1206,181,True,True,True,True
Pelka_2021_Cell,Pelka_2021_Cell.C161,1,3200,2132,280,259,308,75,108,36,847,219,True,True,True,True
Pelka_2021_Cell,Pelka_2021_Cell.C162,4,14278,7285,1271,1722,2473,457,639,406,5466,1502,True,True,True,True
Pelka_2021_Cell,Pelka_2021_Cell.C163,1,4210,1811,1625,433,212,25,82,22,2270,129,True,True,True,False
Pelka_2021_Cell,Pelka_2021_Cell.C164,1,3578,1423,1846,20,225,15,45,4,2091,64,True,True,True,False
Pelka_2021_Cell,Pelka_2021_Cell.C165,2,2697,1027,84,22,1362,11,153,35,1468,199,True,True,True,False
Pelka_2021_Cell,Pelka_2021_Cell.C166,1,5246,4458,327,90,280,5,80,5,697,90,True,True,True,False
Pelka_2021_Cell,Pelka_2021_Cell.C167,1,1373,238,782,15,287,31,15,3,1084,49,True,False,True,True
Pelka_2021_Cell,Pelka_2021_Cell.C168,1,2414,686,924,6,669,65,46,18,1599,129,True,True,True,True
Pelka_2021_Cell,Pelka_2021_Cell.C169,1,2056,546,920,63,416,25,78,6,1399,109,True,True,True,False
Pelka_2021_Cell,Pelka_2021_Cell.C170,2,9067,3178,1849,422,2992,154,319,150,5263,623,True,True,True,True
Pelka_2021_Cell,Pelka_2021_Cell.C171,4,14480,3685,2844,7064,654,41,164,28,10562,233,True,True,True,True
Pelka_2021_Cell,Pelka_2021_Cell.C172,1,1399,332,442,89,497,11,19,9,1028,39,True,False,True,False
Pelka_2021_Cell,Pelka_2021_Cell.C173,1,2335,750,860,24,416,160,62,62,1300,284,True,True,True,True
Qi_2022_Nat_Commun,Qi_2022_Nat_Commun.P1,1,3369,432,877,230,916,553,232,125,2023,910,True,False,True,True
Qi_2022_Nat_Commun,Qi_2022_Nat_Commun.P2,1,4994,1047,1545,498,1068,366,339,111,3111,816,True,False,True,True
Qi_2022_Nat_Commun,Qi_2022_Nat_Commun.P3,1,5230,2910,999,255,627,245,136,58,1881,439,True,False,True,True
Qi_2022_Nat_Commun,Qi_2022_Nat_Commun.P4,1,7088,1543,2588,806,974,415,426,230,4368,1071,True,False,True,True
Qi_2022_Nat_Commun,Qi_2022_Nat_Commun.P5,1,3544,645,1485,654,470,112,154,23,2609,289,True,False,True,True
Qian_2020_Cell_Res,Qian_2020_Cell_Res.P31,2,5612,2749,852,48,926,538,284,199,1826,1021,True,False,True,True
Qian_2020_Cell_Res,Qian_2020_Cell_Res.P32,2,9395,2365,3101,1990,765,540,367,200,5856,1107,True,False,True,True
Qian_2020_Cell_Res,Qian_2020_Cell_Res.P33,2,5194,2199,547,143,742,1151,227,168,1432,1546,True,False,True,True
Qian_2020_Cell_Res,Qian_2020_Cell_Res.P35,2,6041,1609,2107,903,435,302,408,262,3445,972,True,False,True,True
Qian_2020_Cell_Res,Qian_2020_Cell_Res.P36,2,1330,151,172,171,248,153,264,144,591,561,True,False,True,True
Qian_2020_Cell_Res,Qian_2020_Cell_Res.P37,2,1250,188,204,354,167,104,154,79,725,337,True,False,True,True
Qian_2020_Cell_Res,Qian_2020_Cell_Res.P38,2,1799,499,92,419,196,266,219,100,707,585,True,False,True,True
Qin_2023_Cell_Rep_Med,Qin_2023_Cell_Rep_Med.XFZ02,1,6472,859,1044,3414,802,145,154,50,5260,349,True,True,True,True
Qin_2023_Cell_Rep_Med,Qin_2023_Cell_Rep_Med.XFZ03,1,9137,1807,4017,1685,1096,289,103,132,6798,524,True,True,True,True
Qin_2023_Cell_Rep_Med,Qin_2023_Cell_Rep_Med.XFZ05,1,2373,826,128,832,33,101,241,211,993,553,True,True,True,True
Qin_2023_Cell_Rep_Med,Qin_2023_Cell_Rep_Med.XFZ07,1,5766,700,1390,2737,40,300,348,225,4167,873,True,True,True,True
Qin_2023_Cell_Rep_Med,Qin_2023_Cell_Rep_Med.XFZ08,1,6425,480,1415,4204,70,62,90,100,5689,252,True,True,True,True
Qin_2023_Cell_Rep_Med,Qin_2023_Cell_Rep_Med.XFZ09,1,5754,2107,1946,1208,125,80,187,96,3279,363,True,True,True,True
Qin_2023_Cell_Rep_Med,Qin_2023_Cell_Rep_Med.XFZ17,1,3784,888,389,1743,135,40,276,313,2267,629,True,True,True,True
Qin_2023_Cell_Rep_Med,Qin_2023_Cell_Rep_Med.XFZ19,1,8763,2974,1964,2282,356,466,357,361,4602,1184,True,True,True,True
Qin_2023_Cell_Rep_Med,Qin_2023_Cell_Rep_Med.XFZ21,1,5997,722,1227,3581,283,69,97,18,5091,184,True,True,True,True
Qin_2023_Cell_Rep_Med,Qin_2023_Cell_Rep_Med.XFZ22,1,7007,224,1984,4051,497,73,108,70,6532,251,True,True,True,True
Qin_2023_Cell_Rep_Med,Qin_2023_Cell_Rep_Med.XFZ23,1,6683,843,889,4481,152,79,165,56,5522,300,True,True,True,True
Qin_2023_Cell_Rep_Med,Qin_2023_Cell_Rep_Med.XFZ24,1,2783,300,224,1544,213,153,233,116,1981,502,True,True,True,True
Qin_2023_Cell_Rep_Med,Qin_2023_Cell_Rep_Med.XFZ25,1,6234,4586,141,609,168,123,393,213,918,729,True,True,True,True
Qin_2023_Cell_Rep_Med,Qin_2023_Cell_Rep_Med.XFZ26,1,3821,1492,744,1162,131,39,155,97,2037,291,True,True,True,True
Qin_2023_Cell_Rep_Med,Qin_2023_Cell_Rep_Med.XFZ27,1,1091,172,508,192,34,42,70,73,734,185,True,True,True,True
Qin_2023_Cell_Rep_Med,Qin_2023_Cell_Rep_Med.XFZ28,1,5554,131,3318,1674,221,22,100,88,5213,210,True,True,True,False
Qin_2023_Cell_Rep_Med,Qin_2023_Cell_Rep_Med.XFZ31,1,4034,867,1486,1303,172,58,81,67,2961,206,True,True,True,True
Qin_2023_Cell_Rep_Med,Qin_2023_Cell_Rep_Med.XFZ32,1,5258,1717,1519,1440,137,142,170,129,3096,441,True,True,True,True
Qin_2023_Cell_Rep_Med,Qin_2023_Cell_Rep_Med.XFZ34,1,4342,2060,462,864,353,221,254,125,1679,600,True,True,True,True
Qin_2023_Cell_Rep_Med,Qin_2023_Cell_Rep_Med.XFZ35,1,6644,1696,932,2319,566,393,427,309,3817,1129,True,True,True,True
Qin_2023_Cell_Rep_Med,Qin_2023_Cell_Rep_Med.XFZ36,1,6511,1479,1474,2509,186,363,243,250,4169,856,True,True,True,True
Qin_2023_Cell_Rep_Med,Qin_2023_Cell_Rep_Med.XFZ38,1,2176,630,659,681,41,42,41,81,1381,164,True,True,True,True
Qin_2023_Cell_Rep_Med,Qin_2023_Cell_Rep_Med.XFZ39,1,5376,2238,1371,651,79,591,204,242,2101,1037,True,True,True,True
Qin_2023_Cell_Rep_Med,Qin_2023_Cell_Rep_Med.XFZ44,1,11345,4554,3667,2093,344,330,197,156,6104,683,True,True,True,True
Qin_2023_Cell_Rep_Med,Qin_2023_Cell_Rep_Med.XFZ46,1,5375,1259,1965,1259,338,262,197,86,3562,545,True,True,True,True
Qin_2023_Cell_Rep_Med,Qin_2023_Cell_Rep_Med.XFZ48,1,5524,734,2822,1048,193,329,268,128,4063,725,True,True,True,True
Qin_2023_Cell_Rep_Med,Qin_2023_Cell_Rep_Med.XFZ49,1,6470,350,2972,2495,265,176,123,87,5732,386,True,True,True,True
Uhlitz_2021_EMBO_Mol_Med,Uhlitz_2021_EMBO_Mol_Med.P007,1,2044,1002,503,302,175,23,20,17,980,60,True,True,True,False
Uhlitz_2021_EMBO_Mol_Med,Uhlitz_2021_EMBO_Mol_Med.P008,1,3336,539,1378,409,597,213,115,73,2384,401,True,True,True,True
Uhlitz_2021_EMBO_Mol_Med,Uhlitz_2021_EMBO_Mol_Med.P009,2,7001,3969,1218,1118,553,22,95,26,2889,143,True,True,True,False
Uhlitz_2021_EMBO_Mol_Med,Uhlitz_2021_EMBO_Mol_Med.P012,1,4122,895,1267,1467,426,34,11,16,3160,61,True,True,True,True
Uhlitz_2021_EMBO_Mol_Med,Uhlitz_2021_EMBO_Mol_Med.P013,1,3424,1117,993,834,383,37,22,27,2210,86,True,True,True,True
Uhlitz_2021_EMBO_Mol_Med,Uhlitz_2021_EMBO_Mol_Med.P014,1,3501,1329,933,672,330,92,81,56,1935,229,True,True,True,True
Uhlitz_2021_EMBO_Mol_Med,Uhlitz_2021_EMBO_Mol_Med.P016,1,2919,959,1095,195,293,262,45,69,1583,376,True,True,True,True
Uhlitz_2021_EMBO_Mol_Med,Uhlitz_2021_EMBO_Mol_Med.P017,1,5532,1792,1036,1900,244,320,110,97,3180,527,True,True,True,True
Uhlitz_2021_EMBO_Mol_Med,Uhlitz_2021_EMBO_Mol_Med.P021,1,1255,111,515,484,78,38,15,13,1077,66,True,True,True,True
Uhlitz_2021_EMBO_Mol_Med,Uhlitz_2021_EMBO_Mol_Med.P026,1,3565,852,1333,974,259,78,41,21,2566,140,True,True,True,True
