query_sample,patient,cells,fraction_matched,best_ref_sample,fraction_matched_to_best,reference
HTAPP_HTAN.HTA1_272_4831101,Pelka_2021_syn24181445.HTA1_272,2215,0.0587,Pelka_2021_10Xv2.C132_T_1_1_0_c1_v2,0.0023,Pelka_2021_Cell
HTAPP_HTAN.HTA1_273_4861101,Pelka_2021_syn24181445.HTA1_273,2392,0.107,Pelka_2021_10Xv2.C129_T_1_1_0_c1_v2,0.0033,Pelka_2021_Cell
HTAPP_HTAN.HTA1_326_5131101,Pelka_2021_syn24181445.HTA1_326,2017,0.0352,Pelka_2021_10Xv2.C123_T_1_1_0_c1_v2,0.003,Pelka_2021_Cell
HTAPP_HTAN.HTA1_335_5191101,Pelka_2021_syn24181445.HTA1_335,2777,0.0925,Pelka_2021_10Xv2_CD45Pos.C153_T_1_1_1_c1_v2,0.0029,Pelka_2021_Cell
HTAPP_HTAN.HTA1_357_5311101,Pelka_2021_syn24181445.HTA1_357,1667,0.0594,Pelka_2021_10Xv3.C169_T_1_1_0_c1_v3,0.0024,Pelka_2021_Cell
HTAPP_HTAN.HTA1_366_5341101,Pelka_2021_syn24181445.HTA1_366,2129,0.0822,Pelka_2021_10Xv2.C144_T_1_1_0_c1_v2,0.0028,Pelka_2021_Cell
HTAPP_HTAN.HTA1_381_5371101,Pelka_2021_syn24181445.HTA1_381,1278,0.0548,Pelka_2021_10Xv2.C123_T_1_1_0_c1_v2,0.0047,Pelka_2021_Cell
HTAPP_HTAN.HTA1_416_5431101,Pelka_2021_syn24181445.HTA1_416,1693,0.0851,Pelka_2021_10Xv2.C132_N_1_1_0_c1_v2,0.0035,Pelka_2021_Cell
HTAPP_HTAN.HTA1_435_5461101,Pelka_2021_syn24181445.HTA1_435,2190,0.0598,Pelka_2021_10Xv3_CD45Pos.C170_T_0_0_1_c1_v3,0.0023,Pelka_2021_Cell
HTAPP_HTAN.HTA1_446_5521101,Pelka_2021_syn24181445.HTA1_446,938,0.0416,Pelka_2021_10Xv2_CD45Pos.C122_T_1_1_1_c1_v2,0.0021,Pelka_2021_Cell
HTAPP_HTAN.HTA1_446_5521102,Pelka_2021_syn24181445.HTA1_446,2199,0.0387,Pelka_2021_10Xv2.C123_T_1_1_0_c1_v2,0.0023,Pelka_2021_Cell
HTAPP_HTAN.HTA1_482_5551101,Pelka_2021_syn24181445.HTA1_482,890,0.018,Pelka_2021_10Xv2.C146_T_1_1_0_c1_v2,0.0022,Pelka_2021_Cell
HTAPP_HTAN.HTA1_489_5581101,Pelka_2021_syn24181445.HTA1_489,1319,0.0371,Pelka_2021_10Xv2.C124_T_0_3_0_c1_v2,0.003,Pelka_2021_Cell
HTAPP_HTAN.HTA1_490_5611101,Pelka_2021_syn24181445.HTA1_490,2905,0.0375,Pelka_2021_10Xv2.C123_T_1_1_0_c1_v2,0.0014,Pelka_2021_Cell
HTAPP_HTAN.HTA1_491_5641101,Pelka_2021_syn24181445.HTA1_491,3209,0.0542,Pelka_2021_10Xv2.C146_T_1_1_0_c1_v2,0.0025,Pelka_2021_Cell
HTAPP_HTAN.HTA1_510_5701101,Pelka_2021_syn24181445.HTA1_510,4012,0.0449,Pelka_2021_10Xv2.C123_T_1_1_0_c1_v2,0.0015,Pelka_2021_Cell
HTAPP_HTAN.HTA1_556_5761101,Pelka_2021_syn24181445.HTA1_556,3443,0.0264,Pelka_2021_10Xv2.C123_T_1_1_0_c1_v2,0.0017,Pelka_2021_Cell
HTAPP_HTAN.HTA1_574_5821101,Pelka_2021_syn24181445.HTA1_574,1367,0.0395,Pelka_2021_10Xv2.C123_T_1_1_0_c1_v2,0.0022,Pelka_2021_Cell
HTAPP_HTAN.HTA1_626_5851101,Pelka_2021_syn24181445.HTA1_626,2539,0.0315,Pelka_2021_10Xv3.C163_T_1_1_0_c1_v3,0.0012,Pelka_2021_Cell
HTAPP_HTAN.HTA1_650_5941101,Pelka_2021_syn24181445.HTA1_650,1949,0.0313,Pelka_2021_10Xv3.C162_N_0_0_0_c1_v3,0.0021,Pelka_2021_Cell
HTAPP_HTAN.HTA1_710_6061101,Pelka_2021_syn24181445.HTA1_710,3319,0.0919,Pelka_2021_10Xv2.C146_T_1_1_0_c1_v2,0.0027,Pelka_2021_Cell
HTAPP_HTAN.HTA1_710_6062101,Pelka_2021_syn24181445.HTA1_710,2194,0.052,Pelka_2021_10Xv2.C123_T_1_1_0_c1_v2,0.0032,Pelka_2021_Cell
HTAPP_HTAN.HTA1_272_4831101,Pelka_2021_syn24181445.HTA1_272,2215,0.0248,Lee_2020_SMC.SMC06_N,0.0018,Lee_2020_Nat_Genet
HTAPP_HTAN.HTA1_273_4861101,Pelka_2021_syn24181445.HTA1_273,2392,0.0259,Lee_2020_SMC.SMC09_T,0.0017,Lee_2020_Nat_Genet
HTAPP_HTAN.HTA1_326_5131101,Pelka_2021_syn24181445.HTA1_326,2017,0.0248,Lee_2020_KUL3.KUL19_B,0.003,Lee_2020_Nat_Genet
HTAPP_HTAN.HTA1_335_5191101,Pelka_2021_syn24181445.HTA1_335,2777,0.0306,Lee_2020_KUL3.KUL19_T,0.0032,Lee_2020_Nat_Genet
HTAPP_HTAN.HTA1_357_5311101,Pelka_2021_syn24181445.HTA1_357,1667,0.024,Lee_2020_KUL3.KUL19_T,0.0024,Lee_2020_Nat_Genet
HTAPP_HTAN.HTA1_366_5341101,Pelka_2021_syn24181445.HTA1_366,2129,0.0268,Lee_2020_KUL3.KUL19_T,0.0023,Lee_2020_Nat_Genet
HTAPP_HTAN.HTA1_381_5371101,Pelka_2021_syn24181445.HTA1_381,1278,0.0329,Lee_2020_KUL3.KUL19_T,0.0039,Lee_2020_Nat_Genet
HTAPP_HTAN.HTA1_416_5431101,Pelka_2021_syn24181445.HTA1_416,1693,0.0437,Lee_2020_KUL3.KUL19_T,0.0035,Lee_2020_Nat_Genet
HTAPP_HTAN.HTA1_435_5461101,Pelka_2021_syn24181445.HTA1_435,2190,0.0379,Lee_2020_KUL3.SC027_T,0.0032,Lee_2020_Nat_Genet
HTAPP_HTAN.HTA1_446_5521101,Pelka_2021_syn24181445.HTA1_446,938,0.0362,Lee_2020_KUL3.KUL19_B,0.0043,Lee_2020_Nat_Genet
HTAPP_HTAN.HTA1_446_5521102,Pelka_2021_syn24181445.HTA1_446,2199,0.0277,Lee_2020_KUL3.KUL19_T,0.0032,Lee_2020_Nat_Genet
HTAPP_HTAN.HTA1_482_5551101,Pelka_2021_syn24181445.HTA1_482,890,0.0213,Lee_2020_KUL3.KUL21_T,0.0034,Lee_2020_Nat_Genet
HTAPP_HTAN.HTA1_489_5581101,Pelka_2021_syn24181445.HTA1_489,1319,0.0288,Lee_2020_KUL3.KUL19_N,0.0038,Lee_2020_Nat_Genet
HTAPP_HTAN.HTA1_490_5611101,Pelka_2021_syn24181445.HTA1_490,2905,0.0248,Lee_2020_KUL3.KUL01_B,0.0024,Lee_2020_Nat_Genet
HTAPP_HTAN.HTA1_491_5641101,Pelka_2021_syn24181445.HTA1_491,3209,0.019,Lee_2020_KUL3.KUL19_B,0.0019,Lee_2020_Nat_Genet
HTAPP_HTAN.HTA1_510_5701101,Pelka_2021_syn24181445.HTA1_510,4012,0.0371,Lee_2020_KUL3.KUL01_T,0.0027,Lee_2020_Nat_Genet
HTAPP_HTAN.HTA1_556_5761101,Pelka_2021_syn24181445.HTA1_556,3443,0.0273,Lee_2020_KUL3.SC027_T,0.002,Lee_2020_Nat_Genet
HTAPP_HTAN.HTA1_574_5821101,Pelka_2021_syn24181445.HTA1_574,1367,0.0183,Lee_2020_KUL3.SC024_T,0.0015,Lee_2020_Nat_Genet
HTAPP_HTAN.HTA1_626_5851101,Pelka_2021_syn24181445.HTA1_626,2539,0.0268,Lee_2020_KUL3.SC024_T,0.0024,Lee_2020_Nat_Genet
HTAPP_HTAN.HTA1_650_5941101,Pelka_2021_syn24181445.HTA1_650,1949,0.0282,Lee_2020_KUL3.KUL19_T,0.0026,Lee_2020_Nat_Genet
HTAPP_HTAN.HTA1_710_6061101,Pelka_2021_syn24181445.HTA1_710,3319,0.0271,Lee_2020_SMC.SMC09_T,0.0018,Lee_2020_Nat_Genet
HTAPP_HTAN.HTA1_710_6062101,Pelka_2021_syn24181445.HTA1_710,2194,0.0314,Lee_2020_KUL3.SC027_T,0.0027,Lee_2020_Nat_Genet
