gene,trimester,author_cell_type_origin,celltype_shortname,n_cells,n_donors,n_expr,mean_log1p_cp10k,mean_cp10k_per_nucleus,mean_counts,mean_log1p_cp10k_positive,pct_expr,pseudobulk_cp10k
TNFSF12,All,fetal,SCT,65742,23,155,0.002953225579108881,0.005939976940565133,0.0023577013172705425,1.2525868130437163,0.23577013172705424,0.007217759054941833
TNFSF12,All,fetal,iEVT,2073,16,1,0.0005488809859526537,0.0010226683647052194,0.000482392667631452,1.137830283879851,0.0482392667631452,0.0014059303265919912
TNFSF12,All,fetal,SCT_a,3803,16,17,0.0050495568344817,0.009386136811561651,0.004470155140678412,1.1296155671490533,0.4470155140678412,0.012260952889524343
TNFSF12,All,mixed,pvSMC,2861,23,36,0.015359275338669867,0.030917932268415563,0.0129325410695561,1.220635742887069,1.258301293254107,0.03393438465725584
TNFSF12,All,mixed,FB,3420,17,35,0.01171438018979636,0.022136314572009624,0.01023391812865497,1.14466229283153,1.023391812865497,0.02804938037315934
TNFSF12,All,ambiguous,GC,1978,23,32,0.01913998048246101,0.038005400652427225,0.016177957532861477,1.1830900435721212,1.6177957532861476,0.043221550697393224
TNFSF12,All,fetal,fEC,3002,23,21,0.008209057092156595,0.016104631655886947,0.0069953364423717525,1.1735042566978142,0.6995336442371752,0.020258662604129524
TNFSF12,All,fetal,SCT_b,3412,18,8,0.003089726121398735,0.006465510776045205,0.0023446658851113715,1.3177681907765604,0.23446658851113716,0.007815374287066903
TNFSF12,All,maternal,CD14_M,7261,23,181,0.029738718487385393,0.05942393068517018,0.025065417986503236,1.1929990880492007,2.4927695909654317,0.058261990405658715
TNFSF12,All,fetal,EVT,3381,21,5,0.0015563734022962543,0.002884407404018249,0.0014788524105294291,1.052419694632727,0.14788524105294293,0.003698846980623812
TNFSF12,All,maternal,dNK,9563,23,133,0.016903941439660675,0.034626885049201174,0.014012339224092858,1.2154315187028197,1.3907769528390672,0.03314430771867854
TNFSF12,All,fetal,VCT,8793,17,32,0.004053346235299229,0.007479532016647444,0.003639258501080405,1.1137835452183162,0.36392585010804046,0.00911477867651078
TNFSF12,All,maternal,vEC,2937,23,59,0.022805787306375225,0.04380673450744529,0.020088525706503234,1.1352643613360007,2.0088525706503235,0.03865117361668269
TNFSF12,All,fetal,avVCT,2098,22,10,0.0058934929945395655,0.011699846019515655,0.004766444232602479,1.236454830254401,0.47664442326024786,0.012841058514135438
TNFSF12,All,fetal,SCT_pro,760,15,1,0.0014775312944344575,0.0027287214302866244,0.0013157894736842105,1.1229237837701878,0.13157894736842105,0.0035791083152707666
TNFSF12,All,maternal,CD16_M,2015,23,31,0.018735399952557304,0.03772729958893069,0.015384615384615385,1.2178009969162247,1.5384615384615385,0.03767785314023636
TNFSF12,All,fetal,VCT_dividing,3333,23,22,0.007629555204779049,0.014450876866555986,0.006600660066006601,1.155877613524026,0.6600660066006601,0.015811653878871807
TNFSF12,All,maternal,DSC3,3405,23,86,0.02718391752407948,0.05061715435657782,0.02555066079295154,1.0762934787150074,2.525697503671072,0.05459133865115721
TNFSF12,All,fetal,HB,3172,18,55,0.020514482152207077,0.03983102779773592,0.01733921815889029,1.18312613430547,1.733921815889029,0.04619706981225595
TNFSF12,All,fetal,pEVT,170,13,1,0.006976114211262011,0.013375063531551774,0.0058823529411764705,1.1859394159145418,0.5882352941176471,0.017806204393858997
TNFSF12,All,fetal,EVTpro,542,19,0,0.0,0.0,0.0,0.0,0.0,0.0
TNFSF12,All,maternal,aEC,472,22,20,0.042190944827079,0.07521070158076193,0.0423728813559322,0.9957062979190644,4.237288135593221,0.08843152106195645
TNFSF12,All,maternal,DSC1,3695,22,137,0.03997667926011635,0.07297793309064043,0.03734776725304465,1.0782031377089776,3.7077131258457374,0.0726487737650327
TNFSF12,All,fetal,fvVCT,1350,16,0,0.0,0.0,0.0,0.0,0.0,0.0
TNFSF12,All,maternal,LEC,1788,20,77,0.04512316549879608,0.08155665454819959,0.0436241610738255,1.0477950637902258,4.306487695749441,0.08364298215541316
TNFSF12,All,maternal,T,1130,23,31,0.036360964596142555,0.07724622383432728,0.02743362831858407,1.3254158062464867,2.743362831858407,0.07756777484326931
TNFSF12,All,maternal,DSC0,7666,21,127,0.019103862517940405,0.03680720997758917,0.016827550221758414,1.1531512603348908,1.6566657970258283,0.0361084213291829
TNFSF12,All,maternal,eS,4089,23,69,0.021467866414146983,0.0454780079952413,0.018341892883345562,1.2722044314122756,1.6874541452677916,0.04608490880226674
TNFSF12,All,maternal,DSC2,3559,21,29,0.009480604098329987,0.018257369849831256,0.00814835627985389,1.1634989650329801,0.8148356279853891,0.016657964316342783
TNFSF12,All,maternal,DSC4,1953,21,22,0.011570735813650332,0.021717697107421288,0.011264720942140297,1.027165774729959,1.1264720942140296,0.020093129830114412
TNFSF12,All,maternal,B,362,22,2,0.004094901754424774,0.0062679022465287944,0.0055248618784530384,0.7411772175508842,0.5524861878453039,0.014332232617868281
TNFSF12,All,maternal,cDC,435,20,12,0.030779096763310032,0.05900593724302414,0.027586206896551724,1.1157422576699887,2.7586206896551726,0.051581754501797625
TNFSF12,All,maternal,Epi,32218,21,372,0.013368650970225434,0.025819571084280363,0.01173257185424297,1.157825798276137,1.1546340554969272,0.024935855973820677
TNFSF12,All,maternal,ciliated,224,15,6,0.024414421279972842,0.041342240888961206,0.026785714285714284,0.9114717277856528,2.6785714285714284,0.04783967966550496
TNFSF12,All,ambiguous,Ery,69,9,0,0.0,0.0,0.0,0.0,0.0,0.0
TNFSF12,All,fetal,eEVT,471,11,0,0.0,0.0,0.0,0.0,0.0,0.0
TNFSF12,T3 (GW28-40),fetal,SCT,32235,5,55,0.0021473685925755825,0.004319977939416155,0.0017062199472622926,1.2585532105758892,0.17062199472622924,0.00540409774652956
TNFSF12,T3 (GW28-40),fetal,iEVT,568,5,0,0.0,0.0,0.0,0.0,0.0,0.0
TNFSF12,T3 (GW28-40),fetal,SCT_a,1953,5,3,0.001835798783899973,0.003544860076023248,0.0015360983102918587,1.1951050083188823,0.15360983102918588,0.004379978941061251
TNFSF12,T3 (GW28-40),mixed,pvSMC,1507,5,18,0.015784011168460347,0.033543163573820166,0.012607830126078301,1.3214724906038746,1.19442601194426,0.03768617964486131
TNFSF12,T3 (GW28-40),mixed,FB,1283,5,12,0.011503216990520888,0.022809963261771486,0.009353078721745909,1.2298856165698582,0.9353078721745908,0.027410233199411504
TNFSF12,T3 (GW28-40),ambiguous,GC,834,5,4,0.00581065250801858,0.011351717689886846,0.004796163069544364,1.2115210479218739,0.47961630695443647,0.015493222876983036
TNFSF12,T3 (GW28-40),fetal,fEC,2083,5,12,0.0073484678167443414,0.014950139337182025,0.005760921747479597,1.2755715385232052,0.5760921747479597,0.017697397509209283
TNFSF12,T3 (GW28-40),fetal,SCT_b,2287,5,2,0.001154222590156906,0.002403485242885269,0.0008745080891998251,1.319853531844422,0.08745080891998251,0.002996637622755387
TNFSF12,T3 (GW28-40),maternal,CD14_M,517,5,3,0.007512471965823061,0.015469463824499428,0.005802707930367505,1.2946493354435076,0.5802707930367504,0.017165329010722038
TNFSF12,T3 (GW28-40),fetal,EVT,553,5,0,0.0,0.0,0.0,0.0,0.0,0.0
TNFSF12,T3 (GW28-40),maternal,dNK,292,5,1,0.005061586175191822,0.011589365598127158,0.003424657534246575,1.4779831631560119,0.3424657534246575,0.010622939813609898
TNFSF12,T3 (GW28-40),fetal,VCT,2675,5,7,0.0030675208846970012,0.005847629526698322,0.002616822429906542,1.1722311952234967,0.2616822429906542,0.006811032003677179
TNFSF12,T3 (GW28-40),maternal,vEC,162,5,4,0.032410626274344455,0.06741970325728004,0.024691358024691357,1.3126303641109505,2.4691358024691357,0.07223098022857494
TNFSF12,T3 (GW28-40),fetal,avVCT,534,5,2,0.005078141670992033,0.01080325654494962,0.003745318352059925,1.3558638261548728,0.37453183520599254,0.011090212222301086
TNFSF12,T3 (GW28-40),fetal,SCT_pro,308,5,0,0.0,0.0,0.0,0.0,0.0,0.0
TNFSF12,T3 (GW28-40),maternal,CD16_M,450,5,2,0.005534205505845446,0.011002620409188226,0.0044444444444444444,1.2451962388152253,0.4444444444444444,0.012786039690424408
TNFSF12,T3 (GW28-40),fetal,VCT_dividing,1043,5,2,0.0024224411784420515,0.004896542665499066,0.0019175455417066154,1.2633030745575298,0.19175455417066156,0.004993002307266366
TNFSF12,T3 (GW28-40),maternal,DSC3,178,5,0,0.0,0.0,0.0,0.0,0.0,0.0
TNFSF12,T3 (GW28-40),fetal,HB,1138,5,9,0.010148218525036718,0.020779783745808036,0.007908611599297012,1.2831858534990872,0.7908611599297012,0.0243776983064813
TNFSF12,T3 (GW28-40),fetal,pEVT,37,5,0,0.0,0.0,0.0,0.0,0.0,0.0
TNFSF12,T3 (GW28-40),fetal,EVTpro,123,5,0,0.0,0.0,0.0,0.0,0.0,0.0
TNFSF12,T3 (GW28-40),maternal,aEC,75,5,1,0.015652222289763203,0.0297951582867784,0.013333333333333334,1.1739166717322402,1.3333333333333333,0.032176067441037355
TNFSF12,T3 (GW28-40),maternal,DSC1,76,5,0,0.0,0.0,0.0,0.0,0.0,0.0
TNFSF12,T3 (GW28-40),fetal,fvVCT,418,5,0,0.0,0.0,0.0,0.0,0.0,0.0
TNFSF12,T3 (GW28-40),maternal,LEC,12,3,0,0.0,0.0,0.0,0.0,0.0,0.0
TNFSF12,T3 (GW28-40),maternal,T,194,5,0,0.0,0.0,0.0,0.0,0.0,0.0
TNFSF12,T3 (GW28-40),maternal,DSC0,39,4,0,0.0,0.0,0.0,0.0,0.0,0.0
TNFSF12,T3 (GW28-40),maternal,eS,96,5,0,0.0,0.0,0.0,0.0,0.0,0.0
TNFSF12,T3 (GW28-40),maternal,DSC2,14,3,0,0.0,0.0,0.0,0.0,0.0,0.0
TNFSF12,T3 (GW28-40),maternal,DSC4,24,3,0,0.0,0.0,0.0,0.0,0.0,0.0
TNFSF12,T3 (GW28-40),maternal,B,62,5,0,0.0,0.0,0.0,0.0,0.0,0.0
TNFSF12,T3 (GW28-40),maternal,cDC,20,4,0,0.0,0.0,0.0,0.0,0.0,0.0
TNFSF12,T3 (GW28-40),maternal,Epi,77,3,0,0.0,0.0,0.0,0.0,0.0,0.0
TNFSF12,T3 (GW28-40),maternal,ciliated,2,2,0,0.0,0.0,0.0,0.0,0.0,0.0
TNFSF12,T2 (GW14-27),fetal,SCT,32049,9,91,0.0035520493660221677,0.007139056677968787,0.002839402165434179,1.2509849465015874,0.2839402165434179,0.008542008740089474
TNFSF12,T2 (GW14-27),maternal,dNK,2860,9,46,0.017976846448639557,0.035602088213749904,0.016083916083916083,1.1176908878936769,1.6083916083916083,0.03730464530418857
TNFSF12,T2 (GW14-27),maternal,Epi,2325,9,29,0.013366765813983734,0.024994390978192064,0.012473118279569893,1.071645879914213,1.2473118279569892,0.02494862089615618
TNFSF12,T2 (GW14-27),maternal,DSC3,1736,9,29,0.016034538543731904,0.028592801340267572,0.016705069124423964,0.9598606521351237,1.6705069124423964,0.0340383257463079
TNFSF12,T2 (GW14-27),ambiguous,GC,631,9,6,0.009951951872870067,0.018264718593166987,0.009508716323296355,1.0466136052968353,0.9508716323296355,0.02397194323763467
TNFSF12,T2 (GW14-27),maternal,CD14_M,3010,9,74,0.027160085871213532,0.052033792341337044,0.02458471760797342,1.104754844220983,2.4584717607973423,0.05648273750151511
TNFSF12,T2 (GW14-27),fetal,VCT,6035,8,25,0.004546057179854456,0.008305735880441254,0.004142502071251036,1.0974182032168658,0.4142502071251036,0.010249946167282729
TNFSF12,T2 (GW14-27),fetal,HB,2018,8,46,0.026522926018488137,0.050890300431956775,0.022794846382556987,1.16354923272411,2.2794846382556986,0.05652722301906491
TNFSF12,T2 (GW14-27),fetal,avVCT,1426,8,7,0.00588280133761211,0.01138708125713971,0.004908835904628331,1.1984106724906955,0.4908835904628331,0.013017266660381187
TNFSF12,T2 (GW14-27),mixed,pvSMC,700,9,7,0.010542666846719098,0.019308312256553856,0.01,1.0542666846719098,1.0,0.02639931452294176
TNFSF12,T2 (GW14-27),maternal,T,349,9,9,0.035120230108228616,0.07544296781128822,0.025787965616045846,1.3618844786413096,2.5787965616045847,0.07227069712314445
TNFSF12,T2 (GW14-27),fetal,VCT_dividing,1369,9,2,0.0015699533673931996,0.0028204610036618866,0.0014609203798392988,1.0746330799806452,0.14609203798392986,0.0035679434552321216
TNFSF12,T2 (GW14-27),fetal,fEC,743,9,5,0.006247670055927646,0.011026755908515743,0.006729475100942127,0.9284037703108481,0.6729475100942126,0.018625608871153998
TNFSF12,T2 (GW14-27),maternal,DSC4,674,9,10,0.011985790829232387,0.020003446650015567,0.01483679525222552,0.807842301890263,1.4836795252225519,0.022645655725342616
TNFSF12,T2 (GW14-27),maternal,DSC1,393,8,5,0.010126042461743472,0.016413011844772767,0.01272264631043257,0.7959069374930369,1.272264631043257,0.021495557728039922
TNFSF12,T2 (GW14-27),mixed,FB,2110,8,23,0.011992679075955096,0.02200995875422753,0.010900473933649289,1.1001979500115326,1.0900473933649288,0.02887795460711982
TNFSF12,T2 (GW14-27),fetal,fvVCT,906,8,0,0.0,0.0,0.0,0.0,0.0,0.0
TNFSF12,T2 (GW14-27),maternal,DSC0,387,8,7,0.013603840980102179,0.02183606650037021,0.01808785529715762,0.7520980656142205,1.8087855297157622,0.03466539230081637
TNFSF12,T2 (GW14-27),fetal,SCT_b,1109,8,5,0.006168337823046037,0.013230045269165483,0.004508566275924256,1.368137329151611,0.4508566275924256,0.014286477591802762
TNFSF12,T2 (GW14-27),maternal,aEC,282,9,9,0.028698962150267664,0.04963649789498417,0.031914893617021274,0.8992341473750535,3.1914893617021276,0.06729102771343592
TNFSF12,T2 (GW14-27),maternal,CD16_M,604,9,15,0.027904385887678757,0.05292294979539107,0.024834437086092714,1.123616605077198,2.4834437086092715,0.0640141479802256
TNFSF12,T2 (GW14-27),fetal,SCT_a,1781,8,14,0.008769314776292678,0.016155174938739785,0.007860752386299831,1.1155821154698042,0.7860752386299832,0.020921139855428945
TNFSF12,T2 (GW14-27),maternal,DSC2,383,9,2,0.004758450412135393,0.008539355216064254,0.005221932114882507,0.9112432539239277,0.5221932114882507,0.00773944687721058
TNFSF12,T2 (GW14-27),fetal,SCT_pro,427,8,1,0.002629798088454772,0.004856740719011322,0.00234192037470726,1.1229237837701878,0.234192037470726,0.006396728968674579
TNFSF12,T2 (GW14-27),maternal,cDC,105,8,3,0.02603019648338917,0.04467340883262817,0.02857142857142857,0.911056876918621,2.857142857142857,0.04833899168085953
TNFSF12,T2 (GW14-27),fetal,EVTpro,200,8,0,0.0,0.0,0.0,0.0,0.0,0.0
TNFSF12,T2 (GW14-27),maternal,B,69,8,1,0.008057775682563271,0.010777685448939098,0.014492753623188406,0.5559865220968657,1.4492753623188406,0.032612275912899134
TNFSF12,T2 (GW14-27),fetal,EVT,1536,9,4,0.002731931250445922,0.0051099411917441455,0.0026041666666666665,1.049061600171234,0.2604166666666667,0.007554489113509032
TNFSF12,T2 (GW14-27),maternal,vEC,672,9,11,0.015746594583942324,0.02894048258031206,0.01636904761904762,0.9619737782190221,1.6369047619047619,0.02503535675155777
TNFSF12,T2 (GW14-27),maternal,ciliated,31,5,3,0.07450325116232365,0.1162302404836122,0.0967741935483871,0.7698669286773443,9.67741935483871,0.1339602673846937
TNFSF12,T2 (GW14-27),maternal,eS,124,9,3,0.01915881074670275,0.03193832875181153,0.024193548387096774,0.7918975108637136,2.4193548387096775,0.05272296542076441
TNFSF12,T2 (GW14-27),maternal,LEC,152,8,8,0.03871042083390828,0.059918523397888605,0.05263157894736842,0.7354979958442572,5.2631578947368425,0.0880040569870271
TNFSF12,T2 (GW14-27),ambiguous,Ery,11,3,0,0.0,0.0,0.0,0.0,0.0,0.0
TNFSF12,T2 (GW14-27),fetal,pEVT,133,8,1,0.008916837713643171,0.017095945867397006,0.007518796992481203,1.1859394159145418,0.7518796992481203,0.022938199901824503
TNFSF12,T2 (GW14-27),fetal,iEVT,1275,9,1,0.0008924159089253734,0.0016627384470854272,0.000784313725490196,1.137830283879851,0.0784313725490196,0.002559727399270887
TNFSF12,T2 (GW14-27),fetal,eEVT,52,7,0,0.0,0.0,0.0,0.0,0.0,0.0
TNFSF12,T3 (GW28-40),ambiguous,Ery,9,2,0,0.0,0.0,0.0,0.0,0.0,0.0
TNFSF12,T3 (GW28-40),fetal,eEVT,10,2,0,0.0,0.0,0.0,0.0,0.0,0.0
TNFSF12,T1 (GW5-13),maternal,Epi,29816,9,343,0.01340332259327914,0.02595059639686907,0.011705124765226723,1.1651121470589236,1.1503890528575262,0.024984373491385006
TNFSF12,T1 (GW5-13),maternal,CD16_M,961,9,14,0.019154203278475068,0.04069080937684123,0.014568158168574402,1.31479923932961,1.45681581685744,0.032405854626873204
TNFSF12,T1 (GW5-13),maternal,CD14_M,3734,9,104,0.03489475855870972,0.07146698793795661,0.028119978575254417,1.2528560428675204,2.785216925549009,0.06406678370346036
TNFSF12,T1 (GW5-13),maternal,vEC,2103,9,44,0.02432161878362862,0.046738175476327984,0.020922491678554447,1.162462825044795,2.0922491678554445,0.04264734560982409
TNFSF12,T1 (GW5-13),maternal,DSC1,3226,9,132,0.04455495820789359,0.08158808094076898,0.04122752634841909,1.088896175595945,4.091754494730316,0.08115775627727785
TNFSF12,T1 (GW5-13),maternal,DSC2,3162,9,27,0.010094555179667479,0.019515308743768764,0.008538899430740038,1.1821845732632803,0.8538899430740038,0.01827238522844136
TNFSF12,T1 (GW5-13),maternal,dNK,6411,9,86,0.01696469006102166,0.03524112223982732,0.01357042583060365,1.2646584648977892,1.3414443924504758,0.03203593680922511
TNFSF12,T1 (GW5-13),maternal,DSC4,1255,9,12,0.011569102808889615,0.023053656899349236,0.009561752988047808,1.2099353354297055,0.9561752988047809,0.018619922385956854
TNFSF12,T1 (GW5-13),fetal,VCT_dividing,921,9,18,0.022533588695387862,0.042558596614660646,0.019543973941368076,1.152968621580679,1.9543973941368078,0.04183408045902212
TNFSF12,T1 (GW5-13),fetal,fEC,176,9,4,0.026674500436485202,0.05120502472497306,0.022727272727272728,1.1736780192053489,2.272727272727273,0.044404874767151936
TNFSF12,T1 (GW5-13),maternal,DSC0,7240,9,120,0.019500762928623152,0.03780573397134742,0.01685082872928177,1.1765460300269301,1.6574585635359116,0.03634783074507482
TNFSF12,T1 (GW5-13),maternal,B,231,9,1,0.004010250705648929,0.00660311825656548,0.004329004329004329,0.9263679130049026,0.4329004329004329,0.011092967945759823
TNFSF12,T1 (GW5-13),maternal,ciliated,191,8,3,0.016540469008805677,0.0296205471420698,0.015706806282722512,1.0530765268939615,1.5706806282722514,0.02933795960358549
TNFSF12,T1 (GW5-13),mixed,pvSMC,654,9,11,0.019535955841531158,0.03729485953303095,0.016819571865443424,1.1615013745783072,1.6819571865443426,0.03426604468603737
TNFSF12,T1 (GW5-13),ambiguous,GC,513,9,22,0.05211133639539839,0.10561854289443871,0.042884990253411304,1.2151416168563351,4.288499025341131,0.09486790506654984
TNFSF12,T1 (GW5-13),maternal,DSC3,1491,9,57,0.04341065074283839,0.08230335845569617,0.038900067069081154,1.135531232588983,3.8229376257545273,0.08465505909579932
TNFSF12,T1 (GW5-13),maternal,T,587,9,22,0.049115723485296935,0.10384776348662732,0.03747870528109029,1.31049680390315,3.7478705281090288,0.10155841386069232
TNFSF12,T1 (GW5-13),maternal,aEC,115,8,10,0.09258349530672666,0.16754192928891926,0.08695652173913043,1.0647101960273566,8.695652173913043,0.16303293428305451
TNFSF12,T1 (GW5-13),fetal,SCT,1458,9,9,0.007606926823359178,0.015399072481022994,0.006172839506172839,1.2323221453841868,0.6172839506172839,0.013972651484501069
TNFSF12,T1 (GW5-13),maternal,LEC,1624,9,69,0.046056795532692936,0.08418453372888042,0.04310344827586207,1.0840034194941062,4.248768472906404,0.08359094270640963
TNFSF12,T1 (GW5-13),maternal,cDC,310,8,9,0.03437334342349677,0.06766733797835336,0.02903225806451613,1.1839707179204444,2.903225806451613,0.05513655179680833
TNFSF12,T1 (GW5-13),maternal,eS,3869,9,66,0.02207454464586608,0.04704037785663403,0.018609459808736108,1.2940365641644826,1.7058671491341433,0.046872650264277116
TNFSF12,T1 (GW5-13),fetal,avVCT,138,9,1,0.009159028571010096,0.018401160009126973,0.007246376811594203,1.2639459427993933,0.7246376811594203,0.01648383348031418
TNFSF12,T1 (GW5-13),fetal,HB,16,5,0,0.0,0.0,0.0,0.0,0.0,0.0
TNFSF12,T1 (GW5-13),fetal,fvVCT,26,3,0,0.0,0.0,0.0,0.0,0.0,0.0
TNFSF12,T1 (GW5-13),ambiguous,Ery,49,4,0,0.0,0.0,0.0,0.0,0.0,0.0
TNFSF12,T1 (GW5-13),fetal,SCT_a,69,3,0,0.0,0.0,0.0,0.0,0.0,0.0
TNFSF12,T1 (GW5-13),fetal,VCT,83,4,0,0.0,0.0,0.0,0.0,0.0,0.0
TNFSF12,T1 (GW5-13),fetal,SCT_pro,25,2,0,0.0,0.0,0.0,0.0,0.0,0.0
TNFSF12,T1 (GW5-13),mixed,FB,27,4,0,0.0,0.0,0.0,0.0,0.0,0.0
TNFSF12,T1 (GW5-13),fetal,EVT,1292,7,1,0.0008249629043952778,0.0014731515189370682,0.0007739938080495357,1.0658520724786988,0.07739938080495357,0.001602221062926271
TNFSF12,T1 (GW5-13),fetal,EVTpro,219,6,0,0.0,0.0,0.0,0.0,0.0,0.0
TNFSF12,T1 (GW5-13),fetal,eEVT,409,2,0,0.0,0.0,0.0,0.0,0.0,0.0
TNFSF12,T1 (GW5-13),fetal,iEVT,230,2,0,0.0,0.0,0.0,0.0,0.0,0.0
TNFSF12,T1 (GW5-13),fetal,SCT_b,16,5,1,0.066359488547849,0.11821448836769435,0.0625,1.061751816765584,6.25,0.1605806596653499
TNFRSF12A,All,fetal,SCT,65742,23,8512,0.19488399382690672,0.48619919442963944,0.15790514435216452,1.505176635593104,12.947582975875392,0.4834035919312979
TNFRSF12A,All,fetal,iEVT,2073,16,337,0.24120429635220753,0.5894608252923619,0.17655571635311143,1.4837285054543803,16.256632899179934,0.5145704995326688
TNFRSF12A,All,fetal,SCT_a,3803,16,443,0.1579936720935436,0.3479855253786529,0.12805679726531685,1.356320394970082,11.648698396003155,0.3512402386587268
TNFRSF12A,All,mixed,pvSMC,2861,23,416,0.20477630018867396,0.47485872685307384,0.1635791681230339,1.4083293145187408,14.540370499825237,0.4292241086377225
TNFRSF12A,All,mixed,FB,3420,17,489,0.19846707763268284,0.4496179817483613,0.1564327485380117,1.3880519539954506,14.298245614035087,0.4287548142754356
TNFRSF12A,All,ambiguous,GC,1978,23,406,0.3124099748280227,0.8066756310177098,0.2730030333670374,1.5220367739158347,20.525783619817997,0.7293636680185107
TNFRSF12A,All,fetal,fEC,3002,23,387,0.18490237026452708,0.43288389421539386,0.1485676215856096,1.4343072752819388,12.891405729513657,0.43025540578294136
TNFRSF12A,All,fetal,SCT_b,3412,18,500,0.2541212333927854,0.7497789746022715,0.22713950762016413,1.7341232966723676,14.654161781946073,0.7571143840596063
TNFRSF12A,All,maternal,CD14_M,7261,23,211,0.03775373986484726,0.08151472359767037,0.030298856906762154,1.2991938633111657,2.9059358215121884,0.070426581809038
TNFRSF12A,All,fetal,EVT,3381,21,242,0.1024661630238001,0.24563841782439869,0.0771960958296362,1.4315623850556534,7.157645666962437,0.19307981238856298
TNFRSF12A,All,maternal,dNK,9563,23,240,0.03261971528638519,0.07316770058552749,0.028024678448185715,1.2997597386820898,2.5096726968524523,0.06628861543735708
TNFRSF12A,All,fetal,VCT,8793,17,761,0.10946602828909102,0.22663710010085464,0.09041282838621631,1.2648288919132422,8.654611622881838,0.22644528274456469
TNFRSF12A,All,maternal,vEC,2937,23,113,0.04826592866212425,0.1047427478316948,0.042560435818862784,1.2544870131031762,3.8474633980251958,0.08188807969636162
TNFRSF12A,All,fetal,avVCT,2098,22,201,0.13128210457957587,0.29657879604194215,0.10724499523355577,1.3702977880992546,9.580552907530983,0.28892381656804733
TNFRSF12A,All,fetal,SCT_pro,760,15,77,0.14114689229910782,0.32952685218487693,0.11578947368421053,1.393138157757428,10.131578947368421,0.31496153174382746
TNFRSF12A,All,maternal,CD16_M,2015,23,94,0.061778202663455295,0.13482476893558817,0.04962779156327544,1.3242880677325788,4.66501240694789,0.12154146174269793
TNFRSF12A,All,fetal,VCT_dividing,3333,23,242,0.09087583563150974,0.18564490644412204,0.07560756075607561,1.251608099833975,7.260726072607261,0.18111530806707707
TNFRSF12A,All,maternal,DSC3,3405,23,432,0.1550967977395559,0.3201404657653246,0.1397944199706314,1.2224643432944162,12.687224669603523,0.2986836459534578
TNFRSF12A,All,fetal,HB,3172,18,245,0.1032335317867806,0.2248990373834327,0.08165195460277427,1.336558215623135,7.723833543505675,0.21754620147953255
TNFRSF12A,All,fetal,pEVT,170,13,23,0.196033155019732,0.45739303167806744,0.13529411764705881,1.4489407110154104,13.529411764705882,0.4095427010587569
TNFRSF12A,All,fetal,EVTpro,542,19,64,0.17084065928337228,0.4240575735209194,0.14206642066420663,1.4468068333060589,11.808118081180812,0.36894481304320537
TNFRSF12A,All,maternal,aEC,472,22,76,0.20187550855406966,0.4270683854854392,0.19915254237288135,1.2537531583884327,16.10169491525424,0.4156281489911953
TNFRSF12A,All,maternal,DSC1,3695,22,187,0.05869453633651432,0.11646164889707611,0.052232746955345064,1.1597663730664194,5.060893098782138,0.10160299519312545
TNFRSF12A,All,fetal,fvVCT,1350,16,96,0.09217479520442157,0.1922972340495117,0.07481481481481482,1.2962080575621784,7.111111111111111,0.1924898466370499
TNFRSF12A,All,maternal,LEC,1788,20,68,0.0430328999755946,0.08402395823836044,0.040268456375838924,1.131512134652399,3.8031319910514543,0.07720890660499677
TNFRSF12A,All,maternal,T,1130,23,33,0.03938689592937075,0.08885720820145994,0.033628318584070796,1.3487028000057257,2.920353982300885,0.09508307884013657
TNFRSF12A,All,maternal,DSC0,7666,21,128,0.020710494488233845,0.04268134484568678,0.017088442473258546,1.24036445895938,1.6697104096008348,0.03666824181490667
TNFRSF12A,All,maternal,eS,4089,23,114,0.03616403551148383,0.07643740519528767,0.029347028613352897,1.2971468526882228,2.787967718268525,0.07373585408362678
TNFRSF12A,All,maternal,DSC2,3559,21,48,0.016339475031404562,0.03282210883587034,0.013486934532171958,1.211503992432684,1.348693453217196,0.02757180300636047
TNFRSF12A,All,maternal,DSC4,1953,21,68,0.04168546113629551,0.08412154326594164,0.03635432667690732,1.197230964693899,3.4818228366615465,0.06484600990627834
TNFRSF12A,All,maternal,B,362,22,9,0.03650350511452176,0.0944573243292886,0.03314917127071823,1.4682520946063198,2.4861878453038675,0.08599339570720968
TNFRSF12A,All,maternal,cDC,435,20,12,0.030065993319765384,0.05877222412332093,0.029885057471264367,1.0898922578414951,2.7586206896551726,0.05588023404361409
TNFRSF12A,All,maternal,Epi,32218,21,870,0.031642783797046735,0.06216936177528694,0.02802781054069154,1.171801388934772,2.70035383946862,0.059568989270793835
TNFRSF12A,All,maternal,ciliated,224,15,7,0.031814959466617596,0.06306390596048664,0.03125,1.018078702931763,3.125,0.05581295960975579
TNFRSF12A,All,ambiguous,Ery,69,9,3,0.05738425812725381,0.12333593906533434,0.043478260869565216,1.3198379369268378,4.3478260869565215,0.12875315445228408
TNFRSF12A,All,fetal,eEVT,471,11,7,0.017505264392819766,0.034867611389458916,0.014861995753715499,1.1778542184311587,1.4861995753715498,0.0308287471901799
TNFRSF12A,T3 (GW28-40),fetal,SCT,32235,5,5597,0.2648983351007647,0.6697293656135934,0.21712424383434156,1.5256383476814634,17.363114626958275,0.6876960023265525
TNFRSF12A,T3 (GW28-40),fetal,iEVT,568,5,83,0.2002208411681825,0.45233943357780815,0.1602112676056338,1.3701859973918995,14.612676056338028,0.43487008136849314
TNFRSF12A,T3 (GW28-40),fetal,SCT_a,1953,5,287,0.20433953529415186,0.4587901113461517,0.16538658474142345,1.3905056182211797,14.695340501792115,0.4715777326542614
TNFRSF12A,T3 (GW28-40),mixed,pvSMC,1507,5,329,0.31315726566633106,0.733748389066775,0.24950232249502322,1.43443160899441,21.831453218314532,0.7457896603404133
TNFRSF12A,T3 (GW28-40),mixed,FB,1283,5,314,0.34677422378318645,0.7988665123948585,0.2751363990646921,1.4169150608720644,24.473889321901794,0.8063176932826883
TNFRSF12A,T3 (GW28-40),ambiguous,GC,834,5,251,0.4902034109256009,1.3474762275272076,0.4292565947242206,1.6288033653862595,30.095923261390887,1.3866434474899816
TNFRSF12A,T3 (GW28-40),fetal,fEC,2083,5,331,0.2300518986837361,0.5417900316947465,0.18386941910705712,1.4477284137710644,15.890542486797887,0.5648419371689296
TNFRSF12A,T3 (GW28-40),fetal,SCT_b,2287,5,393,0.2984103674469361,0.8814747950329962,0.26628771316134675,1.7365509169240276,17.184083952776565,0.9124761561290154
TNFRSF12A,T3 (GW28-40),maternal,CD14_M,517,5,67,0.18326064376499324,0.4187005355970066,0.14119922630560927,1.4141157138283806,12.959381044487428,0.4176896725942362
TNFRSF12A,T3 (GW28-40),fetal,EVT,553,5,42,0.10875868448911466,0.2547963504750579,0.08318264014466546,1.431989345773343,7.594936708860759,0.23214443421102435
TNFRSF12A,T3 (GW28-40),maternal,dNK,292,5,30,0.14968815125521737,0.3625738568563135,0.1267123287671233,1.456964672217449,10.273972602739725,0.39304877310356623
TNFRSF12A,T3 (GW28-40),fetal,VCT,2675,5,385,0.18623053612510077,0.38963252622138916,0.15214953271028037,1.293939439310765,14.392523364485982,0.39601286078523024
TNFRSF12A,T3 (GW28-40),maternal,vEC,162,5,30,0.279657334040124,0.7012009455193149,0.24074074074074073,1.5101496038166695,18.51851851851852,0.7042520572286056
TNFRSF12A,T3 (GW28-40),fetal,avVCT,534,5,105,0.285402064742726,0.6789073168545662,0.2303370786516854,1.4514733578344352,19.662921348314608,0.6820480516715168
TNFRSF12A,T3 (GW28-40),fetal,SCT_pro,308,5,49,0.22209484809903154,0.5119074029939589,0.18181818181818182,1.396024759479627,15.909090909090908,0.5053941803860128
TNFRSF12A,T3 (GW28-40),maternal,CD16_M,450,5,41,0.12487670162891651,0.2772074921857324,0.09777777777777778,1.3705979447076202,9.11111111111111,0.28129287318933693
TNFRSF12A,T3 (GW28-40),fetal,VCT_dividing,1043,5,120,0.1493271096694439,0.312016088697292,0.11888782358581017,1.297901461543583,11.505273250239693,0.3095661430505147
TNFRSF12A,T3 (GW28-40),maternal,DSC3,178,5,56,0.4710171351862573,1.1583985095495946,0.3539325842696629,1.4971616082706036,31.46067415730337,1.1141509550749575
TNFRSF12A,T3 (GW28-40),fetal,HB,1138,5,150,0.18502057492690793,0.415544837444246,0.140597539543058,1.4036894284454748,13.181019332161688,0.4333813032263342
TNFRSF12A,T3 (GW28-40),fetal,pEVT,37,5,4,0.14228418120429315,0.29523642156027763,0.10810810810810811,1.3161286761397115,10.81081081081081,0.3183496752833312
TNFRSF12A,T3 (GW28-40),fetal,EVTpro,123,5,34,0.45826269477063414,1.2863255707282955,0.37398373983739835,1.6578326899055293,27.642276422764226,1.2631879568758615
TNFRSF12A,T3 (GW28-40),maternal,aEC,75,5,14,0.24148296363833638,0.5150970847510341,0.21333333333333335,1.293658733776802,18.666666666666668,0.5148170790565977
TNFRSF12A,T3 (GW28-40),maternal,DSC1,76,5,25,0.43596684161197624,0.9338771364011883,0.3684210526315789,1.3253391985004077,32.89473684210526,0.9943005273343868
TNFRSF12A,T3 (GW28-40),fetal,fvVCT,418,5,55,0.16843606710598877,0.3463583367090202,0.13875598086124402,1.2801141100055147,13.157894736842104,0.35631416342656275
TNFRSF12A,T3 (GW28-40),maternal,LEC,12,3,2,0.24895113801436297,0.5819681326772785,0.16666666666666666,1.4937068280861778,16.666666666666668,0.4740796927963591
TNFRSF12A,T3 (GW28-40),maternal,T,194,5,15,0.11293769415851627,0.2686168866944255,0.09278350515463918,1.4606608444501437,7.731958762886598,0.30772071268117057
TNFRSF12A,T3 (GW28-40),maternal,DSC0,39,4,5,0.17683745869517514,0.39946049347500784,0.15384615384615385,1.3793321778223662,12.820512820512821,0.4229999154000169
TNFRSF12A,T3 (GW28-40),maternal,eS,96,5,11,0.16859849832766993,0.4192367834502979,0.13541666666666666,1.4714050763142104,11.458333333333334,0.37733001282922046
TNFRSF12A,T3 (GW28-40),maternal,DSC2,14,3,1,0.08964923274271064,0.17915367802500984,0.07142857142857142,1.255089258397949,7.142857142857143,0.20605810838656502
TNFRSF12A,T3 (GW28-40),maternal,DSC4,24,3,6,0.36389754175026895,0.8584900791697466,0.2916666666666667,1.4555901670010758,25.0,0.7914254703328509
TNFRSF12A,T3 (GW28-40),maternal,B,62,5,6,0.15377328122704514,0.4039615514960063,0.12903225806451613,1.5889905726794664,9.67741935483871,0.42700599409664214
TNFRSF12A,T3 (GW28-40),maternal,cDC,20,4,2,0.15720334725153728,0.38960702200210034,0.15,1.5720334725153728,10.0,0.4082965866405357
TNFRSF12A,T3 (GW28-40),maternal,Epi,77,3,10,0.18354769968622384,0.43533450925745815,0.14285714285714285,1.4133172875839235,12.987012987012987,0.39605528931838885
TNFRSF12A,T3 (GW28-40),maternal,ciliated,2,2,1,0.5860336842828342,1.1143302874972143,0.5,1.1720673685656684,50.0,1.3027618551328817
TNFRSF12A,T2 (GW14-27),fetal,SCT,32049,9,2866,0.1315098620755853,0.3201661173517715,0.10393460014353022,1.4706069677810303,8.942556710037755,0.31267506717844
TNFRSF12A,T2 (GW14-27),maternal,dNK,2860,9,128,0.05704660335901251,0.1303436600555325,0.0513986013986014,1.2746350438029357,4.475524475524476,0.1192126708633852
TNFRSF12A,T2 (GW14-27),maternal,Epi,2325,9,175,0.08860277756755641,0.18112240933326432,0.08,1.1771511876832494,7.526881720430108,0.16001529264431208
TNFRSF12A,T2 (GW14-27),maternal,DSC3,1736,9,307,0.20951648408120133,0.4194501825166194,0.19642857142857142,1.1847577080292035,17.68433179723502,0.4002437613617584
TNFRSF12A,T2 (GW14-27),ambiguous,GC,631,9,129,0.2817467053421398,0.6483415712255592,0.24722662440570523,1.3781563648906219,20.443740095087165,0.6232705241785015
TNFRSF12A,T2 (GW14-27),maternal,CD14_M,3010,9,111,0.04588657330251681,0.09683273407016603,0.03787375415282392,1.244311582347528,3.6877076411960132,0.08701394696179356
TNFRSF12A,T2 (GW14-27),fetal,VCT,6035,8,368,0.07536893944965614,0.154345214932336,0.0628003314001657,1.236009645594225,6.097763048881524,0.15538918389600617
TNFRSF12A,T2 (GW14-27),fetal,HB,2018,8,95,0.05793030156632649,0.11917230999439869,0.04905847373637265,1.230561563798388,4.7076313181367695,0.12165641475842232
TNFRSF12A,T2 (GW14-27),fetal,avVCT,1426,8,84,0.07675742735701001,0.16430777737242822,0.06311360448807854,1.3030487072749555,5.890603085553997,0.16736485706204382
TNFRSF12A,T2 (GW14-27),mixed,pvSMC,700,9,67,0.1289323048764135,0.29520397931164155,0.10285714285714286,1.3470539315446186,9.571428571428571,0.2715358065216867
TNFRSF12A,T2 (GW14-27),maternal,T,349,9,12,0.041948920631717276,0.08917923552418681,0.04011461318051576,1.2200144417057774,3.438395415472779,0.11242108441378025
TNFRSF12A,T2 (GW14-27),fetal,VCT_dividing,1369,9,55,0.050004958954726036,0.10179765793661348,0.04017531044558072,1.2446688874367262,4.017531044558072,0.09811844501888334
TNFRSF12A,T2 (GW14-27),fetal,fEC,743,9,51,0.09436947403638127,0.2155202130804495,0.07806191117092867,1.3748337099810055,6.864064602960969,0.21605706290538637
TNFRSF12A,T2 (GW14-27),maternal,DSC4,674,9,38,0.06651938937886497,0.13336831158147144,0.057863501483679525,1.179843906351447,5.637982195845697,0.08831805732883621
TNFRSF12A,T2 (GW14-27),maternal,DSC1,393,8,24,0.0790352614000271,0.19350012268249933,0.06615776081424936,1.294202405425444,6.106870229007634,0.1117769001858076
TNFRSF12A,T2 (GW14-27),mixed,FB,2110,8,174,0.11033637431106556,0.242146407090558,0.08578199052132701,1.3379870677951053,8.246445497630331,0.22725694712559513
TNFRSF12A,T2 (GW14-27),fetal,fvVCT,906,8,41,0.059635427677335325,0.12673673424113727,0.04746136865342163,1.3177974994064832,4.525386313465783,0.12307463331630324
TNFRSF12A,T2 (GW14-27),maternal,DSC0,387,8,32,0.11563693927582244,0.2686420182211529,0.082687338501292,1.3984842343669777,8.268733850129198,0.15847036480373197
TNFRSF12A,T2 (GW14-27),fetal,SCT_b,1109,8,105,0.16431144359098687,0.4848512613244902,0.1478809738503156,1.7354418184990898,9.467989179440938,0.4685964650111306
TNFRSF12A,T2 (GW14-27),maternal,aEC,282,9,46,0.20492765378260616,0.44120234458291036,0.20567375886524822,1.2562956166672812,16.31205673758865,0.4336532897088093
TNFRSF12A,T2 (GW14-27),maternal,CD16_M,604,9,40,0.08742348760052057,0.1918998835727252,0.0695364238410596,1.3200946627678607,6.622516556291391,0.17923961434463168
TNFRSF12A,T2 (GW14-27),fetal,SCT_a,1781,8,156,0.11329299412816826,0.2399617437147572,0.09208309938236946,1.293428349629921,8.75912408759124,0.2450762097350248
TNFRSF12A,T2 (GW14-27),maternal,DSC2,383,9,13,0.045948879552662206,0.10336980527996495,0.033942558746736295,1.3537246822053557,3.3942558746736293,0.050306404701868764
TNFRSF12A,T2 (GW14-27),fetal,SCT_pro,427,8,27,0.0881621568593557,0.2116668083273421,0.07259953161592506,1.3942681844053662,6.323185011709602,0.19829859802891195
TNFRSF12A,T2 (GW14-27),maternal,cDC,105,8,6,0.05049690717059749,0.08460636941310748,0.05714285714285714,0.883695875485456,5.714285714285714,0.09667798336171907
TNFRSF12A,T2 (GW14-27),fetal,EVTpro,200,8,17,0.10671208223101056,0.21623543445049045,0.085,1.2554362615413006,8.5,0.23680178297813065
TNFRSF12A,T2 (GW14-27),maternal,B,69,8,3,0.05333804949826201,0.1325787712239143,0.057971014492753624,1.2267751384600263,4.3478260869565215,0.13044910365159654
TNFRSF12A,T2 (GW14-27),fetal,EVT,1536,9,150,0.15019039680086207,0.38209586916635446,0.10677083333333333,1.5379496632408278,9.765625,0.3097340536538703
TNFRSF12A,T2 (GW14-27),maternal,vEC,672,9,41,0.07187964198998997,0.15317171879395036,0.06547619047619048,1.1781248638359332,6.101190476190476,0.10014142700623108
TNFRSF12A,T2 (GW14-27),maternal,ciliated,31,5,3,0.09488768742980738,0.21476972687317974,0.0967741935483871,0.980506103441343,9.67741935483871,0.1339602673846937
TNFRSF12A,T2 (GW14-27),maternal,eS,124,9,5,0.05820321023876181,0.1348860973064217,0.056451612903225805,1.4434396139212928,4.032258064516129,0.12302025264845029
TNFRSF12A,T2 (GW14-27),maternal,LEC,152,8,11,0.09088630226081863,0.20448101046713366,0.07236842105263158,1.255883449422221,7.2368421052631575,0.12100557835716226
TNFRSF12A,T2 (GW14-27),ambiguous,Ery,11,3,0,0.0,0.0,0.0,0.0,0.0,0.0
TNFRSF12A,T2 (GW14-27),fetal,pEVT,133,8,19,0.21098587705861346,0.5025042690792572,0.14285714285714285,1.4769011394102942,14.285714285714286,0.4358257981346656
TNFRSF12A,T2 (GW14-27),fetal,iEVT,1275,9,231,0.28258454366494096,0.7186192920483901,0.19686274509803922,1.559719883864934,18.11764705882353,0.6424915772169927
TNFRSF12A,T2 (GW14-27),fetal,eEVT,52,7,1,0.022971849109061488,0.04426972659016858,0.019230769230769232,1.1945361536711974,1.9230769230769231,0.044624927484492836
TNFRSF12A,T3 (GW28-40),ambiguous,Ery,9,2,1,0.15527756799159093,0.3383407768304236,0.1111111111111111,1.3974981119243184,11.11111111111111,0.34077355597205655
TNFRSF12A,T3 (GW28-40),fetal,eEVT,10,2,1,0.17246255025099255,0.4610419548178884,0.1,1.7246255025099255,10.0,0.3857727027235553
TNFRSF12A,T1 (GW5-13),maternal,Epi,29816,9,685,0.026808846849102622,0.05192990806156194,0.02367856184598873,1.1669088724859034,2.2974242017708613,0.05054145468457826
TNFRSF12A,T1 (GW5-13),maternal,CD16_M,961,9,13,0.016113190554771648,0.03227992533163848,0.014568158168574402,1.1911366248565811,1.352757544224766,0.032405854626873204
TNFRSF12A,T1 (GW5-13),maternal,CD14_M,3734,9,33,0.011051303345361236,0.02248090562073711,0.008837707552222818,1.250471717926632,0.8837707552222818,0.0201352748782304
TNFRSF12A,T1 (GW5-13),maternal,vEC,2103,9,42,0.022895589609550918,0.04332073332288348,0.019971469329529243,1.146414879735371,1.9971469329529243,0.04070882990028663
TNFRSF12A,T1 (GW5-13),maternal,DSC1,3226,9,138,0.04732857224758201,0.08781946128145805,0.04308741475511469,1.1063911164543447,4.277743335399876,0.08481900844016257
TNFRSF12A,T1 (GW5-13),maternal,DSC2,3162,9,34,0.01242842552488971,0.023629063387819674,0.010752688172043012,1.155843573814743,1.075268817204301,0.023009670287666897
TNFRSF12A,T1 (GW5-13),maternal,dNK,6411,9,82,0.016390596086476725,0.03447953310537092,0.013102480112306972,1.2814647745171008,1.2790516300109187,0.030931249333044936
TNFRSF12A,T1 (GW5-13),maternal,DSC4,1255,9,24,0.022186530801453132,0.04286483672701064,0.0199203187250996,1.16017067315932,1.9123505976095618,0.03879150497074345
TNFRSF12A,T1 (GW5-13),fetal,VCT_dividing,921,9,67,0.08543343753047988,0.16716688268377772,0.07926167209554831,1.1743909845607756,7.274701411509229,0.1696604374171453
TNFRSF12A,T1 (GW5-13),fetal,fEC,176,9,5,0.03274029185714031,0.06157554599818908,0.028409090909090908,1.1524582733713387,2.840909090909091,0.05550609345893992
TNFRSF12A,T1 (GW5-13),maternal,DSC0,7240,9,91,0.014795372148887502,0.028681183603580577,0.012845303867403315,1.177126311625775,1.2569060773480663,0.027707772617147196
TNFRSF12A,T1 (GW5-13),maternal,B,231,9,0,0.0,0.0,0.0,0.0,0.0,0.0
TNFRSF12A,T1 (GW5-13),maternal,ciliated,191,8,3,0.01577468712896673,0.027433470298879613,0.015706806282722512,1.0043217472108816,1.5706806282722514,0.02933795960358549
TNFRSF12A,T1 (GW5-13),mixed,pvSMC,654,9,20,0.03621465147881632,0.07059512184230181,0.03058103975535168,1.1842191033572937,3.058103975535168,0.06230189942915885
TNFRSF12A,T1 (GW5-13),ambiguous,GC,513,9,26,0.06108209439958581,0.12223331959456327,0.050682261208576995,1.2051967087302893,5.0682261208577,0.11211661507864981
TNFRSF12A,T1 (GW5-13),maternal,DSC3,1491,9,69,0.05401940300138732,0.10443852071244218,0.0482897384305835,1.1672888387691087,4.627766599597585,0.10508903887754398
TNFRSF12A,T1 (GW5-13),maternal,T,587,9,6,0.013555547585975238,0.029256245402027238,0.010221465076660987,1.3261844054945775,1.0221465076660987,0.02769774923473427
TNFRSF12A,T1 (GW5-13),maternal,aEC,115,8,16,0.16856016867783224,0.3349994384384262,0.17391304347826086,1.2115262123719193,13.91304347826087,0.32606586856610903
TNFRSF12A,T1 (GW5-13),fetal,SCT,1458,9,49,0.03999048047662324,0.07817383033761992,0.03497942386831276,1.1899208272431976,3.3607681755829906,0.07917835841217273
TNFRSF12A,T1 (GW5-13),maternal,LEC,1624,9,55,0.03703244677127238,0.06907026240582316,0.03633004926108374,1.09346715557357,3.3866995073891624,0.07045522313825954
TNFRSF12A,T1 (GW5-13),maternal,cDC,310,8,4,0.014943435148885357,0.028677768597504243,0.012903225806451613,1.1581162240386151,1.2903225806451613,0.024505134131914814
TNFRSF12A,T1 (GW5-13),maternal,eS,3869,9,98,0.0321716431370883,0.06605839818203836,0.025846471956577927,1.270123339769333,2.532954251744637,0.06510090314482933
TNFRSF12A,T1 (GW5-13),fetal,avVCT,138,9,12,0.09832653205969717,0.18393417654038888,0.08695652173913043,1.1307551186865175,8.695652173913043,0.1978060017637702
TNFRSF12A,T1 (GW5-13),fetal,HB,16,5,0,0.0,0.0,0.0,0.0,0.0,0.0
TNFRSF12A,T1 (GW5-13),fetal,fvVCT,26,3,0,0.0,0.0,0.0,0.0,0.0,0.0
TNFRSF12A,T1 (GW5-13),ambiguous,Ery,49,4,2,0.05228603467053459,0.11153291436804603,0.04081632653061224,1.2810078494280974,4.081632653061225,0.11742740050963492
TNFRSF12A,T1 (GW5-13),fetal,SCT_a,69,3,0,0.0,0.0,0.0,0.0,0.0,0.0
TNFRSF12A,T1 (GW5-13),fetal,VCT,83,4,8,0.11465726545371101,0.22987519792711933,0.10843373493975904,1.1895691290822517,9.63855421686747,0.20454405992686414
TNFRSF12A,T1 (GW5-13),fetal,SCT_pro,25,2,1,0.04884735815501452,0.09564801530368244,0.04,1.221183953875363,4.0,0.08153481128767927
TNFRSF12A,T1 (GW5-13),mixed,FB,27,4,1,0.038382466429581645,0.06736456354499279,0.037037037037037035,1.0363265935987045,3.7037037037037037,0.07379311362663636
TNFRSF12A,T1 (GW5-13),fetal,EVT,1292,7,50,0.04303567737992534,0.07949059892574653,0.039473684210526314,1.1120419034972708,3.869969040247678,0.08171327420923982
TNFRSF12A,T1 (GW5-13),fetal,EVTpro,219,6,13,0.06797675538172446,0.1295619760669401,0.0639269406392694,1.1451468791228967,5.936073059360731,0.1393069479340282
TNFRSF12A,T1 (GW5-13),fetal,eEVT,409,2,5,0.01302155959128848,0.023252321842463328,0.012224938875305624,1.0651635745673977,1.2224938875305624,0.02474517419612827
TNFRSF12A,T1 (GW5-13),fetal,iEVT,230,2,23,0.11302511035564707,0.21210389216162545,0.10434782608695652,1.1302511035564706,10.0,0.21553988700321425
TNFRSF12A,T1 (GW5-13),fetal,SCT_b,16,5,2,0.14848419016478143,0.2883097683517852,0.125,1.1878735213182514,12.5,0.3211613193306998
