gene,library_size_window,author_cell_type_origin,celltype_shortname,n_cells_depth_matched,n_expr_depth_matched,pct_expr_depth_matched,mean_log1p_cp10k_depth_matched,pct_expr,pct_expr_rank,pct_expr_rank_depth_matched
TNFSF12,3040-4528 (atlas IQR),fetal,iEVT,1086,0,0.0,0.0,0.0482392667631452,32,30
TNFSF12,3040-4528 (atlas IQR),fetal,SCT_a,2434,3,0.12325390304026294,0.001501678536043423,0.4470155140678412,26,29
TNFSF12,3040-4528 (atlas IQR),fetal,SCT,33528,122,0.3638749701741828,0.004684029951879374,0.23577013172705424,28,26
TNFSF12,3040-4528 (atlas IQR),mixed,pvSMC,1719,24,1.3961605584642234,0.018153944913863684,1.258301293254107,16,11
TNFSF12,3040-4528 (atlas IQR),mixed,FB,1768,12,0.6787330316742082,0.00866630866697561,1.023391812865497,19,22
TNFSF12,3040-4528 (atlas IQR),ambiguous,GC,910,9,0.989010989010989,0.012257026835019637,1.6177957532861476,13,20
TNFSF12,3040-4528 (atlas IQR),fetal,fEC,1754,14,0.798175598631699,0.010246799636348005,0.6995336442371752,21,21
TNFSF12,3040-4528 (atlas IQR),maternal,CD14_M,3477,83,2.387115329306874,0.03028738905850973,2.4927695909654317,8,4
TNFSF12,3040-4528 (atlas IQR),fetal,EVT,1431,2,0.13976240391334732,0.0017585821708738056,0.14788524105294293,30,27
TNFSF12,3040-4528 (atlas IQR),maternal,dNK,4445,53,1.1923509561304837,0.015514560813092392,1.3907769528390672,15,13
TNFSF12,3040-4528 (atlas IQR),fetal,VCT,5146,7,0.1360279828993393,0.0016781876010090095,0.36392585010804046,27,28
TNFSF12,3040-4528 (atlas IQR),maternal,vEC,1377,32,2.3238925199709515,0.029269157137881713,2.0088525706503235,9,5
TNFSF12,3040-4528 (atlas IQR),fetal,avVCT,1329,8,0.6019563581640331,0.00760252736828757,0.47664442326024786,25,23
TNFSF12,3040-4528 (atlas IQR),fetal,SCT_pro,530,0,0.0,0.0,0.13157894736842105,31,30
TNFSF12,3040-4528 (atlas IQR),maternal,CD16_M,969,10,1.0319917440660475,0.013415466826103006,1.5384615384615385,14,16
TNFSF12,3040-4528 (atlas IQR),fetal,VCT_dividing,1927,9,0.467047223663726,0.005769110643691491,0.6600660066006601,22,24
TNFSF12,3040-4528 (atlas IQR),fetal,SCT_b,1449,6,0.4140786749482402,0.005523972688258786,0.23446658851113716,29,25
TNFSF12,3040-4528 (atlas IQR),fetal,HB,1584,25,1.5782828282828283,0.020256858752526623,1.733921815889029,10,10
TNFSF12,3040-4528 (atlas IQR),fetal,pEVT,97,1,1.0309278350515463,0.01222617954551074,0.5882352941176471,23,17
TNFSF12,3040-4528 (atlas IQR),fetal,EVTpro,271,0,0.0,0.0,0.0,33,30
TNFSF12,3040-4528 (atlas IQR),maternal,DSC3,1409,26,1.8452803406671399,0.023661719210351803,2.525697503671072,7,7
TNFSF12,3040-4528 (atlas IQR),maternal,aEC,178,4,2.247191011235955,0.028856940052970643,4.237288135593221,2,6
TNFSF12,3040-4528 (atlas IQR),maternal,DSC1,1375,41,2.981818181818182,0.03625482186754778,3.7077131258457374,3,3
TNFSF12,3040-4528 (atlas IQR),fetal,fvVCT,879,0,0.0,0.0,0.0,33,30
TNFSF12,3040-4528 (atlas IQR),maternal,LEC,577,20,3.466204506065858,0.04230385073319763,4.306487695749441,1,1
TNFSF12,3040-4528 (atlas IQR),maternal,T,599,19,3.1719532554257097,0.04185866341855802,2.743362831858407,5,2
TNFSF12,3040-4528 (atlas IQR),maternal,DSC0,4512,81,1.7952127659574468,0.022436341399321165,1.6566657970258283,12,8
TNFSF12,3040-4528 (atlas IQR),maternal,eS,2761,46,1.666063020644694,0.02300485705717573,1.6874541452677916,11,9
TNFSF12,3040-4528 (atlas IQR),maternal,DSC4,1011,10,0.9891196834817013,0.012650732170773409,1.1264720942140296,18,19
TNFSF12,3040-4528 (atlas IQR),maternal,DSC2,2085,21,1.0071942446043165,0.012470803323818327,0.8148356279853891,20,18
TNFSF12,3040-4528 (atlas IQR),maternal,cDC,185,2,1.0810810810810811,0.013595497792254219,2.7586206896551726,4,15
TNFSF12,3040-4528 (atlas IQR),maternal,B,193,0,0.0,0.0,0.5524861878453039,24,30
TNFSF12,3040-4528 (atlas IQR),maternal,Epi,13457,153,1.1369547447425132,0.014889536144878389,1.1546340554969272,17,14
TNFSF12,3040-4528 (atlas IQR),maternal,ciliated,80,1,1.25,0.01518309598237747,2.6785714285714284,6,12
TNFSF12,3040-4528 (atlas IQR),ambiguous,Ery,33,0,0.0,0.0,0.0,33,30
TNFSF12,3040-4528 (atlas IQR),fetal,eEVT,107,0,0.0,0.0,0.0,33,30
TNFRSF12A,3040-4528 (atlas IQR),fetal,iEVT,1086,172,15.83793738489871,0.21046716721826997,16.256632899179934,2,5
TNFRSF12A,3040-4528 (atlas IQR),fetal,SCT_a,2434,290,11.91454396055875,0.1611331630656313,11.648698396003155,12,10
TNFRSF12A,3040-4528 (atlas IQR),fetal,SCT,33528,5094,15.193271295633501,0.21783922869408082,12.947582975875392,8,7
TNFRSF12A,3040-4528 (atlas IQR),mixed,pvSMC,1719,292,16.986620127981386,0.2342132514514084,14.540370499825237,5,4
TNFRSF12A,3040-4528 (atlas IQR),mixed,FB,1768,321,18.15610859728507,0.2464095588402842,14.298245614035087,6,3
TNFRSF12A,3040-4528 (atlas IQR),ambiguous,GC,910,206,22.63736263736264,0.3502059126416021,20.525783619817997,1,1
TNFRSF12A,3040-4528 (atlas IQR),fetal,fEC,1754,277,15.792474344355758,0.21932672745176326,12.891405729513657,9,6
TNFRSF12A,3040-4528 (atlas IQR),maternal,CD14_M,3477,98,2.818521714121369,0.03729064895271267,2.9059358215121884,28,27
TNFRSF12A,3040-4528 (atlas IQR),fetal,EVT,1431,84,5.870020964360587,0.07861363160703226,7.157645666962437,18,19
TNFRSF12A,3040-4528 (atlas IQR),maternal,dNK,4445,92,2.0697412823397077,0.02786335400415006,2.5096726968524523,32,32
TNFRSF12A,3040-4528 (atlas IQR),fetal,VCT,5146,382,7.4232413525068015,0.09770163409776225,8.654611622881838,15,16
TNFRSF12A,3040-4528 (atlas IQR),maternal,vEC,1377,59,4.284676833696442,0.05889409746272707,3.8474633980251958,23,22
TNFRSF12A,3040-4528 (atlas IQR),fetal,avVCT,1329,127,9.556057185854026,0.12981684734799573,9.580552907530983,14,13
TNFRSF12A,3040-4528 (atlas IQR),fetal,SCT_pro,530,54,10.18867924528302,0.1375837161370887,10.131578947368421,13,11
TNFRSF12A,3040-4528 (atlas IQR),maternal,CD16_M,969,48,4.953560371517028,0.06565193660056072,4.66501240694789,21,21
TNFRSF12A,3040-4528 (atlas IQR),fetal,VCT_dividing,1927,131,6.798131811105345,0.08804372654261315,7.260726072607261,17,18
TNFRSF12A,3040-4528 (atlas IQR),fetal,SCT_b,1449,285,19.66873706004141,0.32760337686817137,14.654161781946073,4,2
TNFRSF12A,3040-4528 (atlas IQR),fetal,HB,1584,149,9.406565656565656,0.126592798103515,7.723833543505675,16,14
TNFRSF12A,3040-4528 (atlas IQR),fetal,pEVT,97,12,12.371134020618557,0.1613915901822103,13.529411764705882,7,9
TNFRSF12A,3040-4528 (atlas IQR),fetal,EVTpro,271,27,9.96309963099631,0.14307912923883848,11.808118081180812,11,12
TNFRSF12A,3040-4528 (atlas IQR),maternal,DSC3,1409,126,8.94251242015614,0.11831907507683796,12.687224669603523,10,15
TNFRSF12A,3040-4528 (atlas IQR),maternal,aEC,178,24,13.48314606741573,0.17531261822996416,16.10169491525424,3,8
TNFRSF12A,3040-4528 (atlas IQR),maternal,DSC1,1375,79,5.745454545454545,0.07257301104098138,5.060893098782138,20,20
TNFRSF12A,3040-4528 (atlas IQR),fetal,fvVCT,879,64,7.281001137656427,0.09371511013360202,7.111111111111111,19,17
TNFRSF12A,3040-4528 (atlas IQR),maternal,LEC,577,12,2.079722703639515,0.02718576925669178,3.8031319910514543,24,30
TNFRSF12A,3040-4528 (atlas IQR),maternal,T,599,17,2.8380634390651087,0.04164668539633032,2.920353982300885,27,26
TNFRSF12A,3040-4528 (atlas IQR),maternal,DSC0,4512,65,1.4406028368794326,0.018322816329389695,1.6697104096008348,34,33
TNFRSF12A,3040-4528 (atlas IQR),maternal,eS,2761,80,2.897500905469033,0.0386315910841617,2.787967718268525,29,25
TNFRSF12A,3040-4528 (atlas IQR),maternal,DSC4,1011,34,3.3630069238377844,0.044310631645462145,3.4818228366615465,25,23
TNFRSF12A,3040-4528 (atlas IQR),maternal,DSC2,2085,24,1.1510791366906474,0.014372919776286625,1.348693453217196,36,35
TNFRSF12A,3040-4528 (atlas IQR),maternal,cDC,185,4,2.1621621621621623,0.03094723617101372,2.7586206896551726,30,29
TNFRSF12A,3040-4528 (atlas IQR),maternal,B,193,4,2.0725388601036268,0.0334537117587915,2.4861878453038675,33,31
TNFRSF12A,3040-4528 (atlas IQR),maternal,Epi,13457,342,2.541428252953853,0.0328553092586996,2.70035383946862,31,28
TNFRSF12A,3040-4528 (atlas IQR),maternal,ciliated,80,1,1.25,0.014650842107070855,3.125,26,34
TNFRSF12A,3040-4528 (atlas IQR),ambiguous,Ery,33,1,3.0303030303030303,0.042348427634070256,4.3478260869565215,22,24
TNFRSF12A,3040-4528 (atlas IQR),fetal,eEVT,107,1,0.9345794392523364,0.011163889286646704,1.4861995753715498,35,36
